,mean,sd,hdi_3%,hdi_97%,mcse_mean,mcse_sd,ess_mean,ess_sd,ess_bulk,ess_tail,r_hat
p_error,0.05000000447034836,3.725476371840841e-09,0.05000000074505806,0.05000000074505806,3.7254763718408414e-11,2.6343864464297942e-11,10000.0,10000.0,10000.0,10000.0,
v,5.687067998432422e-08,2.3624679488010877e-08,1.2869382644453363e-08,1.0052218874023281e-07,9.876902963258095e-10,6.987588587611387e-10,572.1241450031747,572.1241450031747,559.0461625655178,805.3267319311296,1.004900864323665
alpha,1.804426838447399e-05,9.672979666633765e-06,2.194610839381279e-07,3.386511941770784e-05,4.217663003645696e-07,2.98399341371231e-07,525.9891642012215,525.9891642012215,522.0070810769979,631.1263953527418,1.0054885170243482
tau,4.881899916518672,2.0285366137965597,1.9403643085607525,9.10244662191291,0.058956772565105724,0.043042677575153405,1183.8544183123001,1111.1308838908196,1333.930234340171,1431.96844376678,1.0005625294805323
gamma,1.0,0.0,1.0,1.0,0.0,0.0,10000.0,10000.0,10000.0,10000.0,
zeta,0.0,0.0,0.0,0.0,0.0,0.0,10000.0,10000.0,10000.0,10000.0,
