,mean,sd,hdi_3%,hdi_97%,mcse_mean,mcse_sd,ess_mean,ess_sd,ess_bulk,ess_tail,r_hat
p_error,0.05000000447034836,3.725476371840841e-09,0.05000000074505806,0.05000000074505806,3.7254763718408414e-11,2.6343864464297942e-11,10000.0,10000.0,10000.0,10000.0,
v,7.884917289729056e-08,1.2903049962630237e-08,5.501478434366123e-08,1.0335127509303252e-07,3.061317690584489e-10,2.1650339936051486e-10,1776.5112231957812,1776.5112231957812,1746.0725725451252,1754.2752616030864,1.0021766791146256
alpha,2.1124901312209574e-06,2.0445755676550117e-06,1.1167172903042149e-09,5.678673890547807e-06,5.031608036303828e-08,3.5585128243648926e-08,1651.17357365227,1651.17357365227,1536.1785038345456,1732.3751983821983,1.0014504487744618
tau,1.705039875019883,0.6384575913073732,0.7182928981850607,2.744896223284325,0.014933956330697188,0.010848530168746238,1827.7397462473225,1732.361729154208,2141.7416799577095,2186.1512171883955,1.0004167527876893
gamma,1.0,0.0,1.0,1.0,0.0,0.0,10000.0,10000.0,10000.0,10000.0,
zeta,0.0,0.0,0.0,0.0,0.0,0.0,10000.0,10000.0,10000.0,10000.0,
