,mean,sd,hdi_3%,hdi_97%,mcse_mean,mcse_sd,ess_mean,ess_sd,ess_bulk,ess_tail,r_hat
p_error,0.05000000447034836,3.725476371840841e-09,0.05000000074505806,0.05000000074505806,3.7254763718408414e-11,2.6343864464297942e-11,10000.0,10000.0,10000.0,10000.0,
v,1.2980353241969788e-07,4.9830520479286013e-08,3.833976291134338e-08,2.1873677760504383e-07,2.4329093056284237e-09,1.7215241629455957e-09,419.50680270370225,419.50680270370225,416.5201194704447,844.0011815837527,1.0025013195303571
alpha,2.2008881904365545e-05,1.3214062668270762e-05,6.208545414049677e-08,4.455480059154317e-05,6.284361020375933e-07,4.4466490425509966e-07,442.13049646373685,442.13049646373685,442.36811834832685,769.8416899056209,1.0074787943360706
tau,2.321558881798827,0.45850976480271277,1.527653151456735,3.171297491411278,0.010479667361370416,0.007477183876007917,1914.2655464180243,1880.72712673094,1946.765928522913,2279.417060256315,1.0010528869432016
gamma,1.0,0.0,1.0,1.0,0.0,0.0,10000.0,10000.0,10000.0,10000.0,
zeta,0.0,0.0,0.0,0.0,0.0,0.0,10000.0,10000.0,10000.0,10000.0,
