,mean,sd,hdi_3%,hdi_97%,mcse_mean,mcse_sd,ess_mean,ess_sd,ess_bulk,ess_tail,r_hat
p_error,0.05000000447034836,3.725476371840841e-09,0.05000000074505806,0.05000000074505806,3.7254763718408414e-11,2.6343864464297942e-11,10000.0,10000.0,10000.0,10000.0,
v,6.623732385642697e-08,1.323197181215864e-08,4.127253428978703e-08,9.04573120721099e-08,3.9734946034506584e-10,2.8104243038422e-10,1108.92935242393,1108.92935242393,1110.7741891246558,1388.6113211865809,1.0073900241333362
alpha,4.742636150579686e-06,4.2582765227614374e-06,8.79677794000312e-10,1.2376915154193769e-05,1.455535868124819e-07,1.0873508269805054e-07,855.8977725827082,767.4120566618318,1070.331875380763,954.6892821350763,1.008815036526284
tau,2.002603148890655,0.34507260870170836,1.415383544736363,2.6773791667269933,0.007650429295224927,0.0055071501686255984,2034.460970058566,1963.659473906625,2092.0787141124706,1899.2680815802942,1.0022490449783883
gamma,1.0,0.0,1.0,1.0,0.0,0.0,10000.0,10000.0,10000.0,10000.0,
zeta,0.0,0.0,0.0,0.0,0.0,0.0,10000.0,10000.0,10000.0,10000.0,
