,mean,sd,hdi_3%,hdi_97%,mcse_mean,mcse_sd,ess_mean,ess_sd,ess_bulk,ess_tail,r_hat
p_error,0.05000000447034836,3.725476371840841e-09,0.05000000074505806,0.05000000074505806,3.7254763718408414e-11,2.6343864464297942e-11,10000.0,10000.0,10000.0,10000.0,
v,2.002237745049323e-07,8.502487833197044e-08,3.731373717994234e-08,3.5493116803606964e-07,4.462123817772258e-09,3.1577360571844903e-09,363.0854150745414,363.0854150745414,365.92001998422086,539.0010974313568,1.0012623267505192
alpha,3.281191077625456e-05,2.133046865712364e-05,3.878954707047948e-08,7.028239001812733e-05,1.13941400588659e-06,8.063588487838386e-07,350.45937969603165,350.45937969603165,362.8954509509093,629.0444854824543,1.0028750920350387
tau,6.5211435681793315,2.1128763758940057,3.08465526040902,9.998116923160081,0.05104713605548607,0.03742814856160726,1713.1895300903138,1593.971162883163,1521.4805576927604,1682.6961692031489,1.0010901583184975
gamma,1.0,0.0,1.0,1.0,0.0,0.0,10000.0,10000.0,10000.0,10000.0,
zeta,0.0,0.0,0.0,0.0,0.0,0.0,10000.0,10000.0,10000.0,10000.0,
