,mean,sd,hdi_3%,hdi_97%,mcse_mean,mcse_sd,ess_mean,ess_sd,ess_bulk,ess_tail,r_hat
p_error,0.05000000447034836,3.725476371840841e-09,0.05000000074505806,0.05000000074505806,3.7254763718408414e-11,2.6343864464297942e-11,10000.0,10000.0,10000.0,10000.0,
v,1.1769187683513825e-08,2.8264479071089333e-09,6.307518773424372e-09,1.6914457902458844e-08,9.843838559523409e-11,6.963109023672038e-11,824.428517741255,824.428517741255,818.1504238806957,985.4193176884976,1.0069500651129406
alpha,2.489512810080363e-06,2.112235930954828e-06,3.6521666434528026e-09,6.548197410831838e-06,7.934427764863213e-08,5.717614566015501e-08,708.6856367363268,682.9615238157685,785.3333637586319,680.3483508903873,1.0060888815062943
tau,1.4274041704508633,0.21896417629843318,1.0025162203773488,1.8166269890672284,0.004822561265248148,0.0034105483473039276,2061.5346007389635,2061.5346007389635,2037.3003683498227,2010.9317715746326,1.0004504075466676
gamma,1.0,0.0,1.0,1.0,0.0,0.0,10000.0,10000.0,10000.0,10000.0,
zeta,0.0,0.0,0.0,0.0,0.0,0.0,10000.0,10000.0,10000.0,10000.0,
