,mean,sd,hdi_3%,hdi_97%,mcse_mean,mcse_sd,ess_mean,ess_sd,ess_bulk,ess_tail,r_hat
p_error,0.05000000447034836,3.725476371840841e-09,0.05000000074505806,0.05000000074505806,3.7254763718408414e-11,2.6343864464297942e-11,10000.0,10000.0,10000.0,10000.0,
v,5.197483281133324e-08,1.0406638786381539e-08,3.169248303515362e-08,7.056730617715935e-08,3.309169325985082e-10,2.340626510889626e-10,988.9696886873135,988.9696886873135,986.0617262571151,1318.7561471625659,1.004882569727747
alpha,4.4100457449394265e-06,4.0623532888483435e-06,1.0703673087959156e-08,1.217664958103755e-05,1.3345841255716108e-07,9.439907116444343e-08,926.538500072621,926.538500072621,933.6113002472134,1062.697153791624,1.0028235392788125
tau,1.2575797415562193,0.18233964326579674,0.9198580506530052,1.583523519219151,0.004315114716750206,0.003082322244856187,1785.5725872597304,1750.3338474985371,1849.074904238506,1981.076580243852,1.0008060484005585
gamma,1.0,0.0,1.0,1.0,0.0,0.0,10000.0,10000.0,10000.0,10000.0,
zeta,0.0,0.0,0.0,0.0,0.0,0.0,10000.0,10000.0,10000.0,10000.0,
