,mean,sd,hdi_3%,hdi_97%,mcse_mean,mcse_sd,ess_mean,ess_sd,ess_bulk,ess_tail,r_hat
p_error,0.05000000447034836,3.725476371840841e-09,0.05000000074505806,0.05000000074505806,3.7254763718408414e-11,2.6343864464297942e-11,10000.0,10000.0,10000.0,10000.0,
v,7.129239653194398e-08,2.664863915882815e-08,2.0602177350861116e-08,1.1864815736542807e-07,1.4411249699953863e-09,1.0198997183714298e-09,341.937542527955,341.937542527955,341.50907639879284,553.7444006436649,1.0023316357155108
alpha,1.6517744575521472e-05,1.0632219189426836e-05,2.3133864774952624e-07,3.4521197576021716e-05,6.006419898936593e-07,4.251675576896543e-07,313.34045018244126,313.26164935617254,324.5309161443451,595.4006660374716,1.0039527853503956
tau,5.977561637913882,2.107632056157783,2.8997826004661476,9.847633949833813,0.05286118326625101,0.03815613718123153,1589.7024007484888,1526.1486216979229,1611.203934818112,1661.1644439919103,1.0006825742581187
gamma,1.0,0.0,1.0,1.0,0.0,0.0,10000.0,10000.0,10000.0,10000.0,
zeta,0.0,0.0,0.0,0.0,0.0,0.0,10000.0,10000.0,10000.0,10000.0,
