,mean,sd,hdi_3%,hdi_97%,mcse_mean,mcse_sd,ess_mean,ess_sd,ess_bulk,ess_tail,r_hat
p_error,0.05000000447034836,3.725476371840841e-09,0.05000000074505806,0.05000000074505806,3.7254763718408414e-11,2.6343864464297942e-11,10000.0,10000.0,10000.0,10000.0,
v,8.466308950114377e-09,4.722780093593431e-09,3.6303088222439974e-10,1.6764920135008002e-08,2.102764224987801e-10,1.4877393930844609e-10,504.4455425660975,504.4455425660975,497.88009233992653,874.6862067727124,1.0047828495036166
alpha,1.8944925217716613e-05,5.117894648424828e-06,8.736473297403979e-06,2.814359416941011e-05,2.2550204091915737e-07,1.5954439971684584e-07,515.0883528560252,515.0883528560252,510.1389155110838,962.6363933345599,1.0026770225086954
tau,1.8449154901213918,0.34154238841100343,1.263017478964762,2.520984751054605,0.007610993594094988,0.0054143831401165365,2013.7544328001368,1990.1626662577735,2041.72700220768,1660.1718928753355,1.000920506647249
gamma,1.0,0.0,1.0,1.0,0.0,0.0,10000.0,10000.0,10000.0,10000.0,
zeta,0.0,0.0,0.0,0.0,0.0,0.0,10000.0,10000.0,10000.0,10000.0,
