,mean,sd,hdi_3%,hdi_97%,mcse_mean,mcse_sd,ess_mean,ess_sd,ess_bulk,ess_tail,r_hat
p_error,0.05000000447034836,3.725476371840841e-09,0.05000000074505806,0.05000000074505806,3.7254763718408414e-11,2.6343864464297942e-11,10000.0,10000.0,10000.0,10000.0,
v,2.5123740397389587e-08,1.1054376542359011e-08,5.698331785747228e-09,4.5868568824875134e-08,5.211534186280122e-10,3.687502717569346e-10,449.92209949487653,449.92209949487653,438.2969507211093,761.807209254091,1.004747733547923
alpha,1.382495407507037e-05,6.967677077644665e-06,1.0819104612698638e-06,2.6008367723983356e-05,3.5630341497130404e-07,2.521369678101803e-07,382.4160046492252,382.4160046492252,379.88180151742193,755.8661211318343,1.0068864635943557
tau,1.5957360902084643,0.28085840353246905,1.1065379982530745,2.145685464706591,0.006560299224876488,0.004639570457784822,1832.8526361294819,1832.8526361294819,1784.1389548908821,2007.9817238035803,1.002370773029856
gamma,1.0,0.0,1.0,1.0,0.0,0.0,10000.0,10000.0,10000.0,10000.0,
zeta,0.0,0.0,0.0,0.0,0.0,0.0,10000.0,10000.0,10000.0,10000.0,
