,mean,sd,hdi_3%,hdi_97%,mcse_mean,mcse_sd,ess_mean,ess_sd,ess_bulk,ess_tail,r_hat
p_error,0.05000000447034836,3.725476371840841e-09,0.05000000074505806,0.05000000074505806,3.7254763718408414e-11,2.6343864464297942e-11,10000.0,10000.0,10000.0,10000.0,
v,1.2214999541599448e-07,7.15984873242905e-08,1.1907459708657366e-09,2.431892880233925e-07,3.887662443931175e-09,2.7513598507395738e-09,339.180280961572,339.180280961572,303.7986866373733,735.9865461294302,1.0056801556386292
alpha,3.566311711098521e-05,1.7760280648786064e-05,1.5932985006723982e-06,6.483745268603685e-05,1.0108847361232418e-06,7.300782621200762e-07,308.67138496732986,296.47381156191045,314.27485285856466,560.7977354842033,1.0045732384995496
tau,4.80902663840559,1.7493539922713963,2.2248477941324722,8.6168231162906,0.055606583370254474,0.0415410848212451,989.698649761498,887.2691407573691,1205.6065438239702,1035.1149969597532,1.0037487327826335
gamma,1.0,0.0,1.0,1.0,0.0,0.0,10000.0,10000.0,10000.0,10000.0,
zeta,0.0,0.0,0.0,0.0,0.0,0.0,10000.0,10000.0,10000.0,10000.0,
