,mean,sd,hdi_3%,hdi_97%,mcse_mean,mcse_sd,ess_mean,ess_sd,ess_bulk,ess_tail,r_hat
p_error,0.05000000447034836,3.725476371840841e-09,0.05000000074505806,0.05000000074505806,3.7254763718408414e-11,2.6343864464297942e-11,10000.0,10000.0,10000.0,10000.0,
v,1.9981839195837976e-08,1.4126519089563755e-08,4.052066900717144e-11,4.517795740769644e-08,4.728312309689477e-10,3.344514802697759e-10,892.602322617817,892.602322617817,899.8654216042346,1107.3437801625328,1.0036026887083427
alpha,3.866515289442102e-05,9.448107825234457e-06,2.095596208803732e-05,5.588577746247421e-05,3.08709969041981e-07,2.1835892126212235e-07,936.6738019653544,936.6738019653544,934.5147847269218,1271.556823737461,1.001965985600532
tau,1.9930278707958031,0.35032154237677604,1.3742464738327753,2.6460234518396186,0.007752485322924723,0.0054826181324003935,2041.9814060464757,2041.9814060464757,2049.0828165066973,2028.2099313608169,1.0022141099757351
gamma,1.0,0.0,1.0,1.0,0.0,0.0,10000.0,10000.0,10000.0,10000.0,
zeta,0.0,0.0,0.0,0.0,0.0,0.0,10000.0,10000.0,10000.0,10000.0,
