,mean,sd,hdi_3%,hdi_97%,mcse_mean,mcse_sd,ess_mean,ess_sd,ess_bulk,ess_tail,r_hat
p_error,0.05000000447034836,3.725476371840841e-09,0.05000000074505806,0.05000000074505806,3.7254763718408414e-11,2.6343864464297942e-11,10000.0,10000.0,10000.0,10000.0,
v,1.0274013123935693e-08,6.327226193216415e-09,1.804779275720805e-11,2.0686724648990715e-08,2.620729110646953e-10,1.8540633985091614e-10,582.8844308298889,582.8844308298889,563.5469232374136,973.0027823840549,1.0066524441724154
alpha,2.0381186838863347e-05,5.6034651940942e-06,1.0277486431143483e-05,3.111182971867936e-05,2.1803764475909e-07,1.542440336765106e-07,660.4658897164234,660.4658897164234,659.6920453280604,1326.717998426147,1.0040661193634492
tau,5.23245532115233,1.7865115685006934,2.757591685753729,9.096445967334226,0.055266638182712415,0.040450734326027325,1044.9260837293448,975.8623170980748,1236.0782831174943,1146.4788707195603,1.0007918323248084
gamma,1.0,0.0,1.0,1.0,0.0,0.0,10000.0,10000.0,10000.0,10000.0,
zeta,0.0,0.0,0.0,0.0,0.0,0.0,10000.0,10000.0,10000.0,10000.0,
