,mean,sd,hdi_3%,hdi_97%,mcse_mean,mcse_sd,ess_mean,ess_sd,ess_bulk,ess_tail,r_hat
p_error,0.05000000447034836,3.725476371840841e-09,0.05000000074505806,0.05000000074505806,3.7254763718408414e-11,2.6343864464297942e-11,10000.0,10000.0,10000.0,10000.0,
v,7.571112501931656e-08,1.1914576849432391e-08,5.416725598123276e-08,9.865738072003019e-08,3.0919731693449877e-10,2.2297883960291894e-10,1484.8610400417901,1428.1616909323345,1539.0595130329548,1820.1564006354822,1.0024613437698806
alpha,1.6915987292712324e-06,1.6348033654035805e-06,7.666953730642812e-10,4.6478033274482936e-06,3.582415376650315e-08,2.5335050783422752e-08,2082.471974514719,2082.471974514719,1799.7818467933394,2083.714706398058,1.0014440622492424
tau,6.16987447832941,2.3767801982974612,2.372060584113314,9.997608544033124,0.05581990861432009,0.041270552797166335,1813.0083272517033,1658.900050158462,1585.5013951177762,1184.1596698663009,1.0009226714706319
gamma,1.0,0.0,1.0,1.0,0.0,0.0,10000.0,10000.0,10000.0,10000.0,
zeta,0.0,0.0,0.0,0.0,0.0,0.0,10000.0,10000.0,10000.0,10000.0,
