,Unnamed: 0,mean,sd,hdi_3%,hdi_97%,mcse_mean,mcse_sd,ess_mean,ess_sd,ess_bulk,ess_tail,r_hat
0,p_error,0.050000004470348365,3.725476371840841e-09,0.05000000074505806,0.05000000074505806,3.7254763718408414e-11,2.6343864464297942e-11,10000.0,10000.0,10000.0,10000.0,
1,v,1.6510546371779823e-08,2.5709602056450304e-09,1.2043934068372174e-08,2.147020324978384e-08,5.7281781092547186e-11,4.0510201793278095e-11,2014.4555203570808,2014.4555203570808,1982.221855151949,2007.5641237906354,1.0011377158870332
2,alpha,8.523544989495859e-07,8.179268114038925e-07,6.729892801998336e-10,2.3077498417903573e-06,1.854883686635926e-08,1.3481411350359067e-08,1944.4443831374829,1841.0509369594627,1644.4257885368384,1779.704985826644,1.0001858703796207
3,tau,3.468722506231924,0.5115915595865812,2.5349227156287677,4.33933364462429,0.01236192910154117,0.008832812023878964,1712.672184780551,1677.9143388330044,1783.5632374747236,1860.0587566640372,1.000748586268022
4,gamma,1.0,0.0,1.0,1.0,0.0,0.0,10000.0,10000.0,10000.0,10000.0,
5,zeta,0.0,0.0,0.0,0.0,0.0,0.0,10000.0,10000.0,10000.0,10000.0,
