,Unnamed: 0,mean,sd,hdi_3%,hdi_97%,mcse_mean,mcse_sd,ess_mean,ess_sd,ess_bulk,ess_tail,r_hat
0,p_error,0.050000004470348365,3.725476371840841e-09,0.05000000074505806,0.05000000074505806,3.7254763718408414e-11,2.6343864464297942e-11,10000.0,10000.0,10000.0,10000.0,
1,v,7.375181760216664e-08,1.1912873457052114e-08,5.291219664575911e-08,9.678782909815633e-08,3.27639531636303e-10,2.317272663770055e-10,1322.0274242247233,1322.0274242247233,1319.6021047776628,1283.434433550167,1.0011455583137892
2,alpha,2.9754592850194315e-06,2.8980335884002382e-06,6.392527768184878e-10,8.10879874724267e-06,7.686550885560003e-08,5.436327862469052e-08,1421.4900239608378,1421.4900239608378,1385.7008856686016,2075.756307602271,1.0017636290612513
3,tau,2.8553802747933243,0.6427705896565363,1.7560192157057577,4.045821254335344,0.01587919428131931,0.011532575656799209,1638.5325365990998,1553.790480079826,1729.1531872567236,2087.122584429615,1.000775213905495
4,gamma,1.0,0.0,1.0,1.0,0.0,0.0,10000.0,10000.0,10000.0,10000.0,
5,zeta,0.0,0.0,0.0,0.0,0.0,0.0,10000.0,10000.0,10000.0,10000.0,
