,Unnamed: 0,mean,sd,hdi_3%,hdi_97%,mcse_mean,mcse_sd,ess_mean,ess_sd,ess_bulk,ess_tail,r_hat
0,p_error,0.050000004470348365,3.725476371840841e-09,0.05000000074505806,0.05000000074505806,3.7254763718408414e-11,2.6343864464297942e-11,10000.0,10000.0,10000.0,10000.0,
1,v,5.197483281133325e-08,1.0406638786381539e-08,3.1692483035153616e-08,7.056730617715935e-08,3.309169325985082e-10,2.3406265108896263e-10,988.9696886873137,988.9696886873137,986.0617262571153,1318.756147162566,1.004882569727747
2,alpha,4.4100457449394265e-06,4.0623532888483435e-06,1.0703673087959155e-08,1.217664958103755e-05,1.3345841255716106e-07,9.439907116444343e-08,926.538500072621,926.538500072621,933.6113002472134,1062.697153791624,1.0028235392788123
3,tau,1.257579741556219,0.18233964326579674,0.9198580506530052,1.5835235192191508,0.004315114716750206,0.003082322244856187,1785.5725872597304,1750.3338474985374,1849.074904238506,1981.0765802438518,1.0008060484005583
4,gamma,1.0,0.0,1.0,1.0,0.0,0.0,10000.0,10000.0,10000.0,10000.0,
5,zeta,0.0,0.0,0.0,0.0,0.0,0.0,10000.0,10000.0,10000.0,10000.0,
