,Unnamed: 0,mean,sd,hdi_3%,hdi_97%,mcse_mean,mcse_sd,ess_mean,ess_sd,ess_bulk,ess_tail,r_hat
0,p_error,0.050000004470348365,3.725476371840841e-09,0.05000000074505806,0.05000000074505806,3.7254763718408414e-11,2.6343864464297942e-11,10000.0,10000.0,10000.0,10000.0,
1,v,4.428861879370637e-08,8.124275457971544e-09,3.017658108204143e-08,6.048117453053138e-08,1.9089397084226268e-10,1.3500416322877756e-10,1811.276931945044,1811.276931945044,1777.292821400392,1997.4446485201036,1.0019231620947422
2,alpha,1.9887249342934255e-06,1.965077480295649e-06,1.0138610342380569e-09,5.655119010280239e-06,4.7523867452678696e-08,3.361018315564571e-08,1709.7625707484208,1709.7625707484208,1580.5021419552704,1784.6395231638526,1.0004144980096523
3,tau,2.971096963261288,0.792174512902565,1.7348883850387145,4.441999975824672,0.02082388708264249,0.015664648857644785,1447.1652672127125,1279.2884893157805,1732.6683280499294,1593.8389728492207,1.001186340537273
4,gamma,1.0,0.0,1.0,1.0,0.0,0.0,10000.0,10000.0,10000.0,10000.0,
5,zeta,0.0,0.0,0.0,0.0,0.0,0.0,10000.0,10000.0,10000.0,10000.0,
