,Unnamed: 0,mean,sd,hdi_3%,hdi_97%,mcse_mean,mcse_sd,ess_mean,ess_sd,ess_bulk,ess_tail,r_hat
0,p_error,0.050000004470348365,3.725476371840841e-09,0.05000000074505806,0.05000000074505806,3.7254763718408414e-11,2.6343864464297942e-11,10000.0,10000.0,10000.0,10000.0,
1,v,7.571112501931657e-08,1.1914576849432393e-08,5.416725598123276e-08,9.86573807200302e-08,3.091973169344988e-10,2.2297883960291892e-10,1484.86104004179,1428.1616909323345,1539.0595130329548,1820.1564006354824,1.0024613437698806
2,alpha,1.6915987292712324e-06,1.6348033654035803e-06,7.666953730642813e-10,4.647803327448294e-06,3.582415376650315e-08,2.5335050783422752e-08,2082.471974514719,2082.471974514719,1799.7818467933396,2083.714706398058,1.0014440622492424
3,tau,6.169874478329411,2.376780198297461,2.372060584113314,9.997608544033124,0.05581990861432009,0.041270552797166335,1813.0083272517036,1658.900050158462,1585.5013951177762,1184.1596698663009,1.000922671470632
4,gamma,1.0,0.0,1.0,1.0,0.0,0.0,10000.0,10000.0,10000.0,10000.0,
5,zeta,0.0,0.0,0.0,0.0,0.0,0.0,10000.0,10000.0,10000.0,10000.0,
