,Unnamed: 0,mean,sd,hdi_3%,hdi_97%,mcse_mean,mcse_sd,ess_mean,ess_sd,ess_bulk,ess_tail,r_hat
0,p_error,0.050000004470348365,3.725476371840841e-09,0.05000000074505806,0.05000000074505806,3.7254763718408414e-11,2.6343864464297942e-11,10000.0,10000.0,10000.0,10000.0,
1,v,2.2008161012454772e-08,1.3022258218617695e-08,4.4002660021412967e-11,4.4281627291480114e-08,6.502323900356483e-10,4.6011850011244026e-10,401.08406421250936,401.08406421250936,407.6217921092607,535.0244725761069,1.0078027796030564
2,alpha,1.8310092720675975e-05,7.646066775798352e-06,3.4831070935495337e-06,3.136996510761276e-05,3.697653409822797e-07,2.616421381180151e-07,427.58628896365366,427.58628896365366,428.84035189450617,736.305458048321,1.0065160861762241
3,tau,3.1317239001106234,0.8501097268434913,1.7997493344606743,4.703962091891233,0.020620808072089467,0.015189716672136491,1699.5682547006616,1566.6874627184134,1891.8621232501512,2011.785989825771,1.004793196884053
4,gamma,1.0,0.0,1.0,1.0,0.0,0.0,10000.0,10000.0,10000.0,10000.0,
5,zeta,0.0,0.0,0.0,0.0,0.0,0.0,10000.0,10000.0,10000.0,10000.0,
