,Unnamed: 0,mean,sd,hdi_3%,hdi_97%,mcse_mean,mcse_sd,ess_mean,ess_sd,ess_bulk,ess_tail,r_hat
0,p_error,0.050000004470348365,3.725476371840841e-09,0.05000000074505806,0.05000000074505806,3.7254763718408414e-11,2.6343864464297942e-11,10000.0,10000.0,10000.0,10000.0,
1,v,7.177133453581184e-08,1.3110199910525028e-08,4.7796778129708415e-08,9.578957693314881e-08,3.3143705199386736e-10,2.344050883203998e-10,1564.6475098972473,1564.6475098972473,1559.639285518136,1415.1970649725113,1.0027988057585948
2,alpha,2.947224822558201e-06,2.971055533589685e-06,6.11287600233653e-10,8.203812180821467e-06,8.685013873672601e-08,6.939663737322121e-08,1170.2550015832855,917.045850084813,1333.6711664458887,1552.845077255609,1.0021758432013481
3,tau,1.8266333699184616,0.30062359076756795,1.2961379712785979,2.405946322640033,0.0073059971557324875,0.005167010340371371,1693.117576295036,1693.117576295036,1667.435385661731,2019.8742759403,1.0027373084790894
4,gamma,1.0,0.0,1.0,1.0,0.0,0.0,10000.0,10000.0,10000.0,10000.0,
5,zeta,0.0,0.0,0.0,0.0,0.0,0.0,10000.0,10000.0,10000.0,10000.0,
