,Unnamed: 0,mean,sd,hdi_3%,hdi_97%,mcse_mean,mcse_sd,ess_mean,ess_sd,ess_bulk,ess_tail,r_hat
0,p_error,0.050000004470348365,3.725476371840841e-09,0.05000000074505806,0.05000000074505806,3.7254763718408414e-11,2.6343864464297942e-11,10000.0,10000.0,10000.0,10000.0,
1,v,9.498759611120523e-08,2.174713440805667e-08,5.5014308393869934e-08,1.3447456500451368e-07,8.115269849308721e-10,5.740694603510937e-10,718.1218583971323,718.1218583971323,726.0760909206607,1120.5855966391127,1.0067495757728562
2,alpha,8.782575835860997e-06,6.769128185149483e-06,2.9432811507811626e-09,2.0577556590785895e-05,2.688155572911095e-07,1.9016880386838555e-07,634.0984303041208,634.0984303041208,650.587705638384,894.1855747326506,1.0082164431788765
3,tau,5.5403259501812805,1.887398896891296,2.8788286346049716,9.372821252423334,0.053060734372402385,0.0380513070673987,1265.26321194123,1230.7338380510664,1387.868532522044,2008.1271239157638,1.0006643305662182
4,gamma,1.0,0.0,1.0,1.0,0.0,0.0,10000.0,10000.0,10000.0,10000.0,
5,zeta,0.0,0.0,0.0,0.0,0.0,0.0,10000.0,10000.0,10000.0,10000.0,
