,Unnamed: 0,mean,sd,hdi_3%,hdi_97%,mcse_mean,mcse_sd,ess_mean,ess_sd,ess_bulk,ess_tail,r_hat
0,p_error,0.050000004470348365,3.725476371840841e-09,0.05000000074505806,0.05000000074505806,3.7254763718408414e-11,2.6343864464297942e-11,10000.0,10000.0,10000.0,10000.0,
1,v,5.687067998432423e-08,2.362467948801088e-08,1.2869382644453365e-08,1.0052218874023279e-07,9.876902963258097e-10,6.987588587611388e-10,572.1241450031747,572.1241450031747,559.0461625655178,805.3267319311296,1.004900864323665
2,alpha,1.804426838447399e-05,9.672979666633764e-06,2.194610839381279e-07,3.386511941770784e-05,4.217663003645696e-07,2.9839934137123105e-07,525.9891642012215,525.9891642012215,522.0070810769979,631.1263953527417,1.0054885170243482
3,tau,4.881899916518672,2.02853661379656,1.9403643085607525,9.10244662191291,0.058956772565105724,0.043042677575153405,1183.8544183123,1111.1308838908196,1333.930234340171,1431.9684437667802,1.0005625294805325
4,gamma,1.0,0.0,1.0,1.0,0.0,0.0,10000.0,10000.0,10000.0,10000.0,
5,zeta,0.0,0.0,0.0,0.0,0.0,0.0,10000.0,10000.0,10000.0,10000.0,
