,Unnamed: 0,mean,sd,hdi_3%,hdi_97%,mcse_mean,mcse_sd,ess_mean,ess_sd,ess_bulk,ess_tail,r_hat
0,p_error,0.050000004470348365,3.725476371840841e-09,0.05000000074505806,0.05000000074505806,3.7254763718408414e-11,2.6343864464297942e-11,10000.0,10000.0,10000.0,10000.0,
1,v,3.504566421445704e-07,1.1778251634124749e-07,1.2896201190146935e-07,5.670670471417725e-07,5.106113864651751e-09,3.612548753340823e-09,532.0845719926879,532.0845719926879,530.2597837911251,768.7591628314534,1.0017576696436823
2,alpha,3.329550629416659e-05,2.4013537153207875e-05,2.7275422698673643e-09,7.444344880733723e-05,1.1286620982370899e-06,8.210509892571781e-07,452.67278880478915,428.2861403936997,514.0304822650281,695.5204698426428,1.0016030419951218
3,tau,1.0005716907979274,0.2961259278839221,0.577189981797792,1.5345398474305982,0.00741139463636498,0.005313724759078497,1596.4414356489858,1553.4163970662646,1800.0241261624592,1812.9430712870346,1.0009958811362305
4,gamma,1.0,0.0,1.0,1.0,0.0,0.0,10000.0,10000.0,10000.0,10000.0,
5,zeta,0.0,0.0,0.0,0.0,0.0,0.0,10000.0,10000.0,10000.0,10000.0,
