,Unnamed: 0,mean,sd,hdi_3%,hdi_97%,mcse_mean,mcse_sd,ess_mean,ess_sd,ess_bulk,ess_tail,r_hat
0,p_error,0.050000004470348365,3.725476371840841e-09,0.05000000074505806,0.05000000074505806,3.7254763718408414e-11,2.6343864464297942e-11,10000.0,10000.0,10000.0,10000.0,
1,v,4.787137182382879e-08,8.503142634611099e-09,3.145788741068898e-08,6.337625539219467e-08,2.3980127342107427e-10,1.6960445606612503e-10,1257.3493402913125,1257.3493402913125,1244.348057010441,1386.8616093417565,1.0021413013931757
2,alpha,3.212166590372288e-06,3.009362081724346e-06,2.272799997800946e-09,8.927577888067742e-06,8.481842595006081e-08,6.040604174248004e-08,1258.8340217037307,1241.544371375783,1279.5449008478633,1361.6098272254096,1.0026268509844716
3,tau,2.4042973700656862,0.5305739274544965,1.5665978367363886,3.4684494359409053,0.01240091151395235,0.008929273289598291,1830.5626307606876,1765.928319389213,1912.7251543025436,1858.9470067026125,1.0011715883046852
4,gamma,1.0,0.0,1.0,1.0,0.0,0.0,10000.0,10000.0,10000.0,10000.0,
5,zeta,0.0,0.0,0.0,0.0,0.0,0.0,10000.0,10000.0,10000.0,10000.0,
