,Unnamed: 0,mean,sd,hdi_3%,hdi_97%,mcse_mean,mcse_sd,ess_mean,ess_sd,ess_bulk,ess_tail,r_hat
0,p_error,0.050000004470348365,3.725476371840841e-09,0.05000000074505806,0.05000000074505806,3.7254763718408414e-11,2.6343864464297942e-11,10000.0,10000.0,10000.0,10000.0,
1,v,9.767406151122275e-08,8.4610445929492e-08,1.5234335927079176e-10,2.6656050017077136e-07,4.684440432813221e-09,3.3153655155704075e-09,326.23648275832875,326.23648275832875,368.6857197499971,518.6839425108997,1.0031962408817496
2,alpha,3.702160546517301e-05,1.6878971144702568e-05,2.8695813859589698e-06,6.314766312424048e-05,8.675505558640611e-07,6.139241794374465e-07,378.53178847211393,378.53178847211393,393.05875115106784,600.2509372278687,1.0034684815854575
3,tau,2.294719003486505,0.5077119457911848,1.4950260725583604,3.283466295015223,0.013630406946708869,0.009867271562623587,1387.4492909760543,1324.347482578308,1505.255316897894,1646.5569500115225,1.001621495454437
4,gamma,1.0,0.0,1.0,1.0,0.0,0.0,10000.0,10000.0,10000.0,10000.0,
5,zeta,0.0,0.0,0.0,0.0,0.0,0.0,10000.0,10000.0,10000.0,10000.0,
