,Unnamed: 0,mean,sd,hdi_3%,hdi_97%,mcse_mean,mcse_sd,ess_mean,ess_sd,ess_bulk,ess_tail,r_hat
0,p_error,0.050000004470348365,3.725476371840841e-09,0.05000000074505806,0.05000000074505806,3.7254763718408414e-11,2.6343864464297942e-11,10000.0,10000.0,10000.0,10000.0,
1,v,1.9077889344960777e-08,1.1087158470730702e-08,5.863334785968637e-10,3.9051007812868187e-08,5.858808703303932e-10,4.194066873802026e-10,358.1144736859088,349.9970389218042,376.29996457366525,625.9569701494938,1.003522507301703
2,alpha,2.322712610174179e-05,8.77215141028653e-06,6.949913533605452e-06,3.9250417735377856e-05,4.390132693917296e-07,3.1065631614711023e-07,399.2610493588117,399.2610493588117,403.20372524562026,874.1897100403603,1.0026748587540757
3,tau,5.415594124590318,2.1423880239280115,2.280171220656269,9.527414613818475,0.05664022859232304,0.04088046317827053,1430.692396279707,1373.786071765827,1517.6127303448925,1827.200093430264,1.0001996310562462
4,gamma,1.0,0.0,1.0,1.0,0.0,0.0,10000.0,10000.0,10000.0,10000.0,
5,zeta,0.0,0.0,0.0,0.0,0.0,0.0,10000.0,10000.0,10000.0,10000.0,
