,Unnamed: 0,mean,sd,hdi_3%,hdi_97%,mcse_mean,mcse_sd,ess_mean,ess_sd,ess_bulk,ess_tail,r_hat
0,p_error,0.050000004470348365,3.725476371840841e-09,0.05000000074505806,0.05000000074505806,3.7254763718408414e-11,2.6343864464297942e-11,10000.0,10000.0,10000.0,10000.0,
1,v,8.160575817420423e-08,1.3776614785480523e-08,5.769308283339957e-08,1.0829524347194152e-07,3.2950730997303235e-10,2.358788692988484e-10,1748.0543150688738,1706.1824606595526,1776.0619568226432,1743.9145317309435,1.0018324746786056
2,alpha,2.2689341861736e-06,2.270775429692352e-06,3.580647015863702e-10,6.6157338537549206e-06,4.9553607673123893e-08,3.504456002704497e-08,2099.89614666797,2099.89614666797,1799.8219467115218,1953.6515810897256,1.0003824692275245
3,tau,2.496455042266313,0.4196082255069492,1.7729121070124942,3.3192200793564424,0.010935025831017,0.007871444395871214,1472.476456145255,1421.4362856938596,1517.4240769468504,1582.2482540767435,1.002159856424497
4,gamma,1.0,0.0,1.0,1.0,0.0,0.0,10000.0,10000.0,10000.0,10000.0,
5,zeta,0.0,0.0,0.0,0.0,0.0,0.0,10000.0,10000.0,10000.0,10000.0,
