,Unnamed: 0,mean,sd,hdi_3%,hdi_97%,mcse_mean,mcse_sd,ess_mean,ess_sd,ess_bulk,ess_tail,r_hat
0,p_error,0.050000004470348365,3.725476371840841e-09,0.05000000074505806,0.05000000074505806,3.7254763718408414e-11,2.6343864464297942e-11,10000.0,10000.0,10000.0,10000.0,
1,v,1.0628149072977565e-07,5.286112831583103e-08,6.3624160959866856e-09,1.958939492921128e-07,3.0613300455651558e-09,2.166808300792528e-09,298.1621764461324,298.1621764461324,292.64742367473497,506.1914871650338,1.0032943241778254
2,alpha,3.488637923004918e-05,1.892117308606856e-05,1.285352633773083e-07,6.62087485063419e-05,1.0727686417521843e-06,7.59274323212921e-07,311.08851434394137,311.08851434394137,310.56013414501564,600.6160091743666,1.0031669953280844
3,tau,1.6310490208867043,0.33026507948333245,1.0273553128851305,2.209500748874824,0.007919829579844991,0.00560110474719462,1738.9762040238181,1738.9762040238181,1723.7613933323705,1951.9834726517493,1.0003695617658073
4,gamma,1.0,0.0,1.0,1.0,0.0,0.0,10000.0,10000.0,10000.0,10000.0,
5,zeta,0.0,0.0,0.0,0.0,0.0,0.0,10000.0,10000.0,10000.0,10000.0,
