,Unnamed: 0,mean,sd,hdi_3%,hdi_97%,mcse_mean,mcse_sd,ess_mean,ess_sd,ess_bulk,ess_tail,r_hat
0,p_error,0.050000004470348365,3.725476371840841e-09,0.05000000074505806,0.05000000074505806,3.7254763718408414e-11,2.6343864464297942e-11,10000.0,10000.0,10000.0,10000.0,
1,v,2.427683305500586e-08,4.431138265782287e-09,1.5893216033994488e-08,3.249777312324918e-08,1.2971330811969108e-10,9.17440937811344e-11,1166.9749465707334,1166.9749465707334,1156.76169812285,1601.7962291664526,1.0029589959174388
2,alpha,2.297972895701087e-06,2.0059270573132158e-06,7.551671283897105e-10,5.824920203067176e-06,5.692991083960449e-08,4.026498700225668e-08,1241.5072660466499,1241.5072660466499,1130.7270322378286,1657.1505182557844,1.0022626376257395
3,tau,1.1388605285429791,0.16526661044843893,0.8585313240757029,1.4632002716393857,0.003793901627106325,0.002699072510368114,1897.5713226652847,1875.1942614651682,1924.4171195183465,1853.070340357063,1.0013396827746897
4,gamma,1.0,0.0,1.0,1.0,0.0,0.0,10000.0,10000.0,10000.0,10000.0,
5,zeta,0.0,0.0,0.0,0.0,0.0,0.0,10000.0,10000.0,10000.0,10000.0,
