,Unnamed: 0,mean,sd,hdi_3%,hdi_97%,mcse_mean,mcse_sd,ess_mean,ess_sd,ess_bulk,ess_tail,r_hat
0,p_error,0.050000004470348365,3.725476371840841e-09,0.05000000074505806,0.05000000074505806,3.7254763718408414e-11,2.6343864464297942e-11,10000.0,10000.0,10000.0,10000.0,
1,v,1.0253203824675863e-07,2.1174570910670623e-08,5.981890956621891e-08,1.385924113715015e-07,6.650185810830204e-10,4.703744978583837e-10,1013.8219197957483,1013.8219197957483,1010.2493531052755,1181.929048604313,1.0006403210795698
2,alpha,5.6598799046847564e-06,5.316233201505065e-06,7.139653160278207e-09,1.5889575374630922e-05,1.7461227174549848e-07,1.235083920096564e-07,926.9547228918781,926.9547228918781,1038.7579390076367,1178.6213314790198,1.0016621199428868
3,tau,1.7466910328992309,0.29530962062016186,1.2016186710461567,2.2980666263404133,0.006689503946099421,0.004778181716031452,1948.8004122722607,1910.4360446606245,1969.8589449166236,1903.1214767083368,1.0002977917031637
4,gamma,1.0,0.0,1.0,1.0,0.0,0.0,10000.0,10000.0,10000.0,10000.0,
5,zeta,0.0,0.0,0.0,0.0,0.0,0.0,10000.0,10000.0,10000.0,10000.0,
