,Unnamed: 0,mean,sd,hdi_3%,hdi_97%,mcse_mean,mcse_sd,ess_mean,ess_sd,ess_bulk,ess_tail,r_hat
0,p_error,0.050000004470348365,3.725476371840841e-09,0.05000000074505806,0.05000000074505806,3.7254763718408414e-11,2.6343864464297942e-11,10000.0,10000.0,10000.0,10000.0,
1,v,3.6544640007183215e-08,1.0525771979063845e-08,1.6593049077124256e-08,5.568128770997007e-08,4.300380763304269e-10,3.042310047697229e-10,599.0927918187815,599.0927918187815,617.0802107043286,561.1092709233075,1.0068166779302452
2,alpha,6.692894624656036e-06,5.563372583433138e-06,1.1012342528869615e-08,1.7036199803313167e-05,2.5398339124987945e-07,1.9664667658718321e-07,479.8059800727955,400.77972478778986,584.5628126377338,547.6947076499192,1.0052087256208009
3,tau,2.6264239940727307,0.5117824968246304,1.746485604895445,3.5326867830013224,0.012394198596511363,0.009512057173061406,1705.0375820958413,1447.9946540653127,2022.4759084105397,1986.3155409784326,1.0017776598895425
4,gamma,1.0,0.0,1.0,1.0,0.0,0.0,10000.0,10000.0,10000.0,10000.0,
5,zeta,0.0,0.0,0.0,0.0,0.0,0.0,10000.0,10000.0,10000.0,10000.0,
