,Unnamed: 0,mean,sd,hdi_3%,hdi_97%,mcse_mean,mcse_sd,ess_mean,ess_sd,ess_bulk,ess_tail,r_hat
0,p_error,0.050000004470348365,3.725476371840841e-09,0.05000000074505806,0.05000000074505806,3.7254763718408414e-11,2.6343864464297942e-11,10000.0,10000.0,10000.0,10000.0,
1,v,5.514390685217113e-08,2.2702151110256527e-08,1.2909406484154006e-08,9.663115124642829e-08,1.0776848373514136e-09,7.625396744547713e-10,443.76237289847785,443.76237289847785,434.656292084838,819.9725130982935,1.0081914975780708
2,alpha,1.9612745327553705e-05,9.774696185799893e-06,2.000025582137621e-06,3.7423286425539174e-05,4.6940031535243504e-07,3.321396543379289e-07,433.63046002533287,433.63046002533287,440.4606245441932,733.2925895739223,1.0072964550833436
3,tau,4.501458510963267,1.617210248295364,2.398838793529793,8.108870571119514,0.04941845296343048,0.035893407522591424,1070.9142021342675,1015.6010178179024,1270.3187063541186,1369.386583596762,1.0036891668121424
4,gamma,1.0,0.0,1.0,1.0,0.0,0.0,10000.0,10000.0,10000.0,10000.0,
5,zeta,0.0,0.0,0.0,0.0,0.0,0.0,10000.0,10000.0,10000.0,10000.0,
