,Unnamed: 0,mean,sd,hdi_3%,hdi_97%,mcse_mean,mcse_sd,ess_mean,ess_sd,ess_bulk,ess_tail,r_hat
0,p_error,0.050000004470348365,3.725476371840841e-09,0.05000000074505806,0.05000000074505806,3.7254763718408414e-11,2.6343864464297942e-11,10000.0,10000.0,10000.0,10000.0,
1,v,4.912208866376175e-08,3.3176774459455374e-08,6.290064867464889e-11,1.0683786908944313e-07,1.4952341826230075e-09,1.0579172333732664e-09,492.3227298054557,492.3227298054557,483.4820699593012,890.5786140138832,1.0008861652800956
2,alpha,4.8706076895608585e-05,1.300819533720391e-05,2.316072754943612e-05,7.261032350495672e-05,5.790563186755006e-07,4.096915294863022e-07,504.6525705097889,504.6525705097889,507.15272162142713,1039.3193099119408,1.0011806887875552
3,tau,6.528245763461563,2.016181113088292,3.305593450788796,9.994888484371026,0.04334299175859264,0.03120118300125082,2163.8209118522736,2088.3740900251637,2045.7369259060047,1890.6807892714826,1.0014231857643814
4,gamma,1.0,0.0,1.0,1.0,0.0,0.0,10000.0,10000.0,10000.0,10000.0,
5,zeta,0.0,0.0,0.0,0.0,0.0,0.0,10000.0,10000.0,10000.0,10000.0,
