,Unnamed: 0,mean,sd,hdi_3%,hdi_97%,mcse_mean,mcse_sd,ess_mean,ess_sd,ess_bulk,ess_tail,r_hat
0,p_error,0.050000004470348365,3.725476371840841e-09,0.05000000074505806,0.05000000074505806,3.7254763718408414e-11,2.6343864464297942e-11,10000.0,10000.0,10000.0,10000.0,
1,v,4.0089647788049775e-08,1.5299945816085838e-08,1.1425108101485756e-08,6.852370012963378e-08,6.566025323714132e-10,4.645377335868311e-10,542.9685548250853,542.9685548250853,533.3755322411937,962.592001474566,1.001570894449597
2,alpha,1.3868015142104916e-05,8.066426224711877e-06,1.4323305966031653e-08,2.7881116098400702e-05,3.493846992591393e-07,2.476379803416771e-07,533.033578808424,531.0985966441767,519.7607718760312,692.9158705661732,1.0011337010382169
3,tau,2.814058177931534,0.5901857553826996,1.871680015990301,3.884076516505112,0.0134619913897651,0.010555807471487292,1922.0241028842968,1563.6033365268952,2239.370723808665,2179.018638330842,1.000913928297134
4,gamma,1.0,0.0,1.0,1.0,0.0,0.0,10000.0,10000.0,10000.0,10000.0,
5,zeta,0.0,0.0,0.0,0.0,0.0,0.0,10000.0,10000.0,10000.0,10000.0,
