,Unnamed: 0,mean,sd,hdi_3%,hdi_97%,mcse_mean,mcse_sd,ess_mean,ess_sd,ess_bulk,ess_tail,r_hat
0,p_error,0.050000004470348365,3.725476371840841e-09,0.05000000074505806,0.05000000074505806,3.7254763718408414e-11,2.6343864464297942e-11,10000.0,10000.0,10000.0,10000.0,
1,v,1.2980353241969788e-07,4.983052047928601e-08,3.8339762911343376e-08,2.1873677760504389e-07,2.432909305628424e-09,1.7215241629455953e-09,419.5068027037023,419.5068027037023,416.52011947044474,844.0011815837528,1.0025013195303571
2,alpha,2.2008881904365545e-05,1.3214062668270762e-05,6.208545414049678e-08,4.455480059154317e-05,6.284361020375933e-07,4.4466490425509966e-07,442.1304964637369,442.1304964637369,442.36811834832685,769.8416899056209,1.0074787943360706
3,tau,2.321558881798827,0.4585097648027128,1.527653151456735,3.1712974914112784,0.010479667361370416,0.007477183876007917,1914.2655464180245,1880.72712673094,1946.7659285229129,2279.417060256315,1.0010528869432016
4,gamma,1.0,0.0,1.0,1.0,0.0,0.0,10000.0,10000.0,10000.0,10000.0,
5,zeta,0.0,0.0,0.0,0.0,0.0,0.0,10000.0,10000.0,10000.0,10000.0,
