,Unnamed: 0,mean,sd,hdi_3%,hdi_97%,mcse_mean,mcse_sd,ess_mean,ess_sd,ess_bulk,ess_tail,r_hat
0,p_error,0.050000004470348365,3.725476371840841e-09,0.05000000074505806,0.05000000074505806,3.7254763718408414e-11,2.6343864464297942e-11,10000.0,10000.0,10000.0,10000.0,
1,v,1.1769187683513825e-08,2.826447907108933e-09,6.3075187734243725e-09,1.6914457902458844e-08,9.843838559523408e-11,6.963109023672038e-11,824.4285177412551,824.4285177412551,818.1504238806958,985.4193176884976,1.0069500651129406
2,alpha,2.4895128100803632e-06,2.1122359309548285e-06,3.652166643452802e-09,6.548197410831837e-06,7.934427764863213e-08,5.717614566015501e-08,708.6856367363267,682.9615238157685,785.3333637586319,680.3483508903872,1.0060888815062945
3,tau,1.427404170450863,0.2189641762984332,1.0025162203773488,1.8166269890672284,0.004822561265248148,0.003410548347303928,2061.5346007389635,2061.5346007389635,2037.3003683498227,2010.9317715746329,1.0004504075466676
4,gamma,1.0,0.0,1.0,1.0,0.0,0.0,10000.0,10000.0,10000.0,10000.0,
5,zeta,0.0,0.0,0.0,0.0,0.0,0.0,10000.0,10000.0,10000.0,10000.0,
