,Unnamed: 0,mean,sd,hdi_3%,hdi_97%,mcse_mean,mcse_sd,ess_mean,ess_sd,ess_bulk,ess_tail,r_hat
0,p_error,0.050000004470348365,3.725476371840841e-09,0.05000000074505806,0.05000000074505806,3.7254763718408414e-11,2.6343864464297942e-11,10000.0,10000.0,10000.0,10000.0,
1,v,1.577669679850156e-08,2.520839740126551e-09,1.1308661037020495e-08,2.0848098291122614e-08,5.913154102816384e-11,4.1819025727056174e-11,1817.4065077010835,1817.4065077010835,1793.8748528143847,1807.180147987623,1.0010631739177938
2,alpha,9.844950614285521e-07,9.82746553212967e-07,4.83400068919125e-11,2.709376837662099e-06,2.3014464256137693e-08,1.6276287551531427e-08,1823.3973504722085,1823.3973504722085,1557.4843918178092,1772.51984062368,1.0006417550638924
3,tau,4.091801257321782,1.4553080850495987,2.2195093367054883,7.144831858075794,0.05434951742246265,0.04228608539872098,716.9989169542499,592.8059194957024,1264.2099499009767,698.7144332109724,1.001550001876239
4,gamma,1.0,0.0,1.0,1.0,0.0,0.0,10000.0,10000.0,10000.0,10000.0,
5,zeta,0.0,0.0,0.0,0.0,0.0,0.0,10000.0,10000.0,10000.0,10000.0,
