,Unnamed: 0,mean,sd,hdi_3%,hdi_97%,mcse_mean,mcse_sd,ess_mean,ess_sd,ess_bulk,ess_tail,r_hat
0,p_error,0.050000004470348365,3.725476371840841e-09,0.05000000074505806,0.05000000074505806,3.7254763718408414e-11,2.6343864464297942e-11,10000.0,10000.0,10000.0,10000.0,
1,v,3.988569022699642e-08,8.320990377419805e-09,2.3410690806344347e-08,5.464903499498692e-08,2.4172990511646656e-10,1.7097094668739593e-10,1184.920672580852,1184.920672580852,1165.0748552747355,1221.6325935886855,1.0011677089780608
2,alpha,2.3845337156757496e-06,2.4062075191632688e-06,4.5238331957822485e-09,6.8521146497468375e-06,6.820070184113428e-08,5.2126822999515855e-08,1244.7681610927764,1065.9857160463368,1359.965229558719,1475.4870186713767,1.0008814163123352
3,tau,2.5701743984146668,0.4176940218409548,1.7876914616906516,3.30167050380876,0.00925073895372914,0.006559966595773142,2038.7485611412185,2027.7211297624624,2055.111568500672,2031.6478133166368,1.0024870443955296
4,gamma,1.0,0.0,1.0,1.0,0.0,0.0,10000.0,10000.0,10000.0,10000.0,
5,zeta,0.0,0.0,0.0,0.0,0.0,0.0,10000.0,10000.0,10000.0,10000.0,
