,Unnamed: 0,mean,sd,hdi_3%,hdi_97%,mcse_mean,mcse_sd,ess_mean,ess_sd,ess_bulk,ess_tail,r_hat
0,p_error,0.050000004470348365,3.725476371840841e-09,0.05000000074505806,0.05000000074505806,3.7254763718408414e-11,2.6343864464297942e-11,10000.0,10000.0,10000.0,10000.0,
1,v,4.2116479725067636e-08,7.0712725065802335e-09,2.970118714997416e-08,5.626592028643535e-08,1.6999955275941553e-10,1.2022810611879313e-10,1730.21307824513,1730.21307824513,1718.2581432957345,1968.5688044865076,1.0022417830711328
2,alpha,1.7159464384270997e-06,1.6776003744370981e-06,3.1947470212276546e-10,4.779198928814029e-06,4.1867245981521896e-08,2.9609993172668814e-08,1605.566288008031,1605.566288008031,1563.0102008423569,1828.9747354489868,1.000652667090393
3,tau,1.8021269365021917,0.3044247600004077,1.2509154679768515,2.3477116014537662,0.0068845311392837566,0.004868825002611949,1955.2901271839387,1955.2901271839387,1950.9367153588519,2100.4458550821732,1.0010156465167537
4,gamma,1.0,0.0,1.0,1.0,0.0,0.0,10000.0,10000.0,10000.0,10000.0,
5,zeta,0.0,0.0,0.0,0.0,0.0,0.0,10000.0,10000.0,10000.0,10000.0,
