,Unnamed: 0,mean,sd,hdi_3%,hdi_97%,mcse_mean,mcse_sd,ess_mean,ess_sd,ess_bulk,ess_tail,r_hat
0,p_error,0.050000004470348365,3.725476371840841e-09,0.05000000074505806,0.05000000074505806,3.7254763718408414e-11,2.6343864464297942e-11,10000.0,10000.0,10000.0,10000.0,
1,v,2.2601696278304158e-08,1.744673105911918e-08,2.3981371341065692e-11,5.761226205110929e-08,1.0292841888713963e-09,7.28553949089694e-10,287.31449055284463,287.31449055284463,278.7289474890986,425.55755371309607,1.002808890502174
2,alpha,2.781037844837631e-05,9.553785494964034e-06,8.72482862466692e-06,4.464128463064615e-05,5.951320428653965e-07,4.2129910225999297e-07,257.7058659915009,257.7058659915009,263.62380017851655,504.7492336170082,1.0034602886059316
3,tau,1.595082656697706,0.3259367973832384,1.0450813580938223,2.2115169054097272,0.00794469853105263,0.005691610991299019,1683.1078421375491,1640.2908180198626,1746.7396806960314,1819.735108141689,1.0005837024336541
4,gamma,1.0,0.0,1.0,1.0,0.0,0.0,10000.0,10000.0,10000.0,10000.0,
5,zeta,0.0,0.0,0.0,0.0,0.0,0.0,10000.0,10000.0,10000.0,10000.0,
