,Unnamed: 0,mean,sd,hdi_3%,hdi_97%,mcse_mean,mcse_sd,ess_mean,ess_sd,ess_bulk,ess_tail,r_hat
0,p_error,0.050000004470348365,3.725476371840841e-09,0.05000000074505806,0.05000000074505806,3.7254763718408414e-11,2.6343864464297942e-11,10000.0,10000.0,10000.0,10000.0,
1,v,1.6420262277711205e-07,2.6670452986281658e-08,1.146393311059408e-07,2.1541511770927874e-07,6.257604979056881e-10,4.425505562736882e-10,1816.538035638329,1816.538035638329,1778.2051413224142,1825.4905319689544,1.0027407825709536
2,alpha,3.269765960058005e-06,3.370248677250538e-06,1.3601087704733635e-09,9.297789860527825e-06,8.077000329625844e-08,5.7482618412884976e-08,1741.099908216324,1719.3654171127398,1548.8059669059967,1640.2401767533468,1.0005714478785892
3,tau,5.9983015386617815,2.2311561386298293,2.7812761495610467,9.992149670309095,0.052135517720477365,0.037672319534725884,1831.4393719018074,1754.4041251008402,1853.383072883731,1689.6299887330576,1.000602633305145
4,gamma,1.0,0.0,1.0,1.0,0.0,0.0,10000.0,10000.0,10000.0,10000.0,
5,zeta,0.0,0.0,0.0,0.0,0.0,0.0,10000.0,10000.0,10000.0,10000.0,
