,Unnamed: 0,mean,sd,hdi_3%,hdi_97%,mcse_mean,mcse_sd,ess_mean,ess_sd,ess_bulk,ess_tail,r_hat
0,p_error,0.050000004470348365,3.725476371840841e-09,0.05000000074505806,0.05000000074505806,3.7254763718408414e-11,2.6343864464297942e-11,10000.0,10000.0,10000.0,10000.0,
1,v,1.18505924495705e-08,4.444693626705408e-09,3.659184382227307e-09,2.011986638025144e-08,1.9341604878072846e-10,1.3684140889137828e-10,528.078695232228,528.078695232228,518.1057418220897,946.8064183011065,1.0137158729738989
2,alpha,6.1337150101864475e-06,4.1085188893012235e-06,4.853027045399191e-09,1.2980250000687421e-05,1.868655146736169e-07,1.322136786003488e-07,483.40624129853035,483.40624129853035,478.60388281002434,702.8235961408819,1.013715051234244
3,tau,2.378250792384168,0.463710230624762,1.578118958660931,3.3388849248830814,0.010532456188612474,0.007449791234884506,1938.3581860757731,1937.7864453272955,1929.458887893436,1955.3243498539448,1.0009434757178537
4,gamma,1.0,0.0,1.0,1.0,0.0,0.0,10000.0,10000.0,10000.0,10000.0,
5,zeta,0.0,0.0,0.0,0.0,0.0,0.0,10000.0,10000.0,10000.0,10000.0,
