,Unnamed: 0,mean,sd,hdi_3%,hdi_97%,mcse_mean,mcse_sd,ess_mean,ess_sd,ess_bulk,ess_tail,r_hat
0,p_error,0.050000004470348365,3.725476371840841e-09,0.05000000074505806,0.05000000074505806,3.7254763718408414e-11,2.6343864464297942e-11,10000.0,10000.0,10000.0,10000.0,
1,v,2.1953563778190924e-07,9.378708511217132e-08,3.133071846270436e-08,3.712901995639495e-07,4.443568965079921e-09,3.144137269871328e-09,445.4738616681418,445.4738616681418,451.4182628185052,1047.6829633135035,1.0129811532304622
2,alpha,3.0620832558346695e-05,1.9732560167013144e-05,2.7056425871604036e-07,6.405481055142225e-05,1.0374929536274492e-06,7.342106247046562e-07,361.7400213054949,361.7400213054949,322.24030532383864,802.8897673699482,1.0118768908780138
3,tau,3.1945688398112435,0.7707006661243164,1.9244327994328596,4.65058574509147,0.017887462064718276,0.01280223239127644,1856.410504658428,1812.6328646229026,1921.9066504762015,2269.5108199182478,1.0015051463248137
4,gamma,1.0,0.0,1.0,1.0,0.0,0.0,10000.0,10000.0,10000.0,10000.0,
5,zeta,0.0,0.0,0.0,0.0,0.0,0.0,10000.0,10000.0,10000.0,10000.0,
