,Unnamed: 0,mean,sd,hdi_3%,hdi_97%,mcse_mean,mcse_sd,ess_mean,ess_sd,ess_bulk,ess_tail,r_hat
0,p_error,0.050000004470348365,3.725476371840841e-09,0.05000000074505806,0.05000000074505806,3.7254763718408414e-11,2.6343864464297942e-11,10000.0,10000.0,10000.0,10000.0,
1,v,6.951558983349527e-08,1.616815392351366e-08,3.892063751721162e-08,9.830011104860359e-08,7.023503627457771e-10,4.969103067106698e-10,529.9235840364469,529.9235840364469,558.3780260177957,670.819692727196,1.0023998773761742
2,alpha,8.640532090615761e-06,7.068080804561477e-06,6.380751062681827e-09,2.1068401419359127e-05,3.337390889718606e-07,2.655634802320873e-07,448.5272769082174,354.77344578747307,561.9755276311988,560.5128211657088,1.0025950782944149
3,tau,6.180796770972345,2.07044411989793,3.3969181279291023,9.998456121351376,0.05573530785507351,0.0406758645439403,1379.9591125024506,1296.0416869226965,1346.715213065087,1019.03458607297,1.0000535696754276
4,gamma,1.0,0.0,1.0,1.0,0.0,0.0,10000.0,10000.0,10000.0,10000.0,
5,zeta,0.0,0.0,0.0,0.0,0.0,0.0,10000.0,10000.0,10000.0,10000.0,
