,Unnamed: 0,mean,sd,hdi_3%,hdi_97%,mcse_mean,mcse_sd,ess_mean,ess_sd,ess_bulk,ess_tail,r_hat
0,p_error,0.050000004470348365,3.725476371840841e-09,0.05000000074505806,0.05000000074505806,3.7254763718408414e-11,2.6343864464297942e-11,10000.0,10000.0,10000.0,10000.0,
1,v,5.215733621633924e-08,8.048156759295224e-09,3.7322915752884546e-08,6.730145809461514e-08,2.001062928833464e-10,1.415220374650354e-10,1617.600829093942,1617.600829093942,1572.7099990287836,1662.8067741828836,1.003667773763047
2,alpha,1.9325225617688384e-06,1.85692766843141e-06,1.5287162072016662e-10,5.3288856815860705e-06,4.426569622967122e-08,3.1305763245545636e-08,1759.7678368271252,1759.7678368271252,1636.2457851101556,1909.082390790616,1.0021267510239682
3,tau,3.460449811786395,0.9436302816379398,2.0187726247745967,4.8277847306597526,0.029738951984977138,0.02312684925497079,1006.8213561100836,833.0001116210495,1450.8971684211401,1249.3567172171195,1.0003047988825842
4,gamma,1.0,0.0,1.0,1.0,0.0,0.0,10000.0,10000.0,10000.0,10000.0,
5,zeta,0.0,0.0,0.0,0.0,0.0,0.0,10000.0,10000.0,10000.0,10000.0,
