,Unnamed: 0,mean,sd,hdi_3%,hdi_97%,mcse_mean,mcse_sd,ess_mean,ess_sd,ess_bulk,ess_tail,r_hat
0,p_error,0.050000004470348365,3.725476371840841e-09,0.05000000074505806,0.05000000074505806,3.7254763718408414e-11,2.6343864464297942e-11,10000.0,10000.0,10000.0,10000.0,
1,v,1.546674108137905e-07,2.5609995942854887e-08,1.0935914024215958e-07,2.0627560153471924e-07,6.659694053989609e-10,4.756740128530167e-10,1478.803476947278,1449.9230040387015,1488.5773449505327,1837.1699909628805,1.0024380028543345
2,alpha,4.506129241970449e-06,4.244645079445201e-06,4.764889147035041e-09,1.2478386282237696e-05,1.0411315847230056e-07,7.363204254091103e-08,1662.1550006790146,1662.1550006790146,1569.5710697773886,1843.3093997201654,1.0001715470789598
3,tau,6.772755127531946,1.9328046078049987,3.6889359956344934,9.995724579091632,0.04366871324043382,0.03166112175827352,1959.0030608777868,1863.9285261871128,1794.9438948219395,1762.6289596004206,1.0003011260863697
4,gamma,1.0,0.0,1.0,1.0,0.0,0.0,10000.0,10000.0,10000.0,10000.0,
5,zeta,0.0,0.0,0.0,0.0,0.0,0.0,10000.0,10000.0,10000.0,10000.0,
