,Unnamed: 0,mean,sd,hdi_3%,hdi_97%,mcse_mean,mcse_sd,ess_mean,ess_sd,ess_bulk,ess_tail,r_hat
0,p_error,0.050000004470348365,3.725476371840841e-09,0.05000000074505806,0.05000000074505806,3.7254763718408414e-11,2.6343864464297942e-11,10000.0,10000.0,10000.0,10000.0,
1,v,9.150899590986382e-08,1.4998224706665772e-08,6.211293189341901e-08,1.1759856145272908e-07,3.563484084571899e-10,2.5201787519811097e-10,1771.4547576559946,1771.4547576559946,1739.8404597943734,1944.6582416459592,1.001671614062327
2,alpha,2.3958440974630168e-06,2.457222372034592e-06,3.737760512520822e-09,6.983147230686003e-06,6.319107561655459e-08,4.4691459777790734e-08,1512.0892498901474,1512.0892498901474,1646.097733192215,1620.5220314812489,1.000424084817224
3,tau,4.344959445379496,1.836982526574919,1.9041938735866413,8.589743781716216,0.057653163512873924,0.04268519313724184,1015.228416577844,926.6144302524845,1294.3305741176089,1167.565694873387,1.0008235147700095
4,gamma,1.0,0.0,1.0,1.0,0.0,0.0,10000.0,10000.0,10000.0,10000.0,
5,zeta,0.0,0.0,0.0,0.0,0.0,0.0,10000.0,10000.0,10000.0,10000.0,
