,Unnamed: 0,mean,sd,hdi_3%,hdi_97%,mcse_mean,mcse_sd,ess_mean,ess_sd,ess_bulk,ess_tail,r_hat
0,p_error,0.050000004470348365,3.725476371840841e-09,0.05000000074505806,0.05000000074505806,3.7254763718408414e-11,2.6343864464297942e-11,10000.0,10000.0,10000.0,10000.0,
1,v,4.112351073239623e-08,6.3815378834456985e-09,2.9110870192564814e-08,5.3642211224419814e-08,1.4657736259413529e-10,1.0366179981443656e-10,1895.4699223856726,1895.4699223856726,1864.7899296882986,2110.0655729177493,1.0010879263197523
2,alpha,1.523726083033463e-06,1.5194900505975122e-06,2.512954787493124e-10,4.3283242668143056e-06,3.742109408697272e-08,2.8807835359900993e-08,1648.7801857913046,1391.6389074892777,1654.8175252124327,1898.4158084513776,1.0023935251337863
3,tau,1.046203105411778,0.2089786123547608,0.6591657091584929,1.4399021543725403,0.004749386427541972,0.0033588293979985853,1936.103938984424,1936.103938984424,1906.7405494350448,2110.635991111771,1.0010836917304655
4,gamma,1.0,0.0,1.0,1.0,0.0,0.0,10000.0,10000.0,10000.0,10000.0,
5,zeta,0.0,0.0,0.0,0.0,0.0,0.0,10000.0,10000.0,10000.0,10000.0,
