,Unnamed: 0,mean,sd,hdi_3%,hdi_97%,mcse_mean,mcse_sd,ess_mean,ess_sd,ess_bulk,ess_tail,r_hat
0,p_error,0.050000004470348365,3.725476371840841e-09,0.05000000074505806,0.05000000074505806,3.7254763718408414e-11,2.6343864464297942e-11,10000.0,10000.0,10000.0,10000.0,
1,v,1.1164110000800064e-08,1.8439947605184537e-09,7.870153814754199e-09,1.4500656421701054e-08,4.113958251956678e-11,2.9094301920549646e-11,2009.0909855029943,2009.0909855029943,1989.0911638485682,2123.3113745227733,1.0006488186717764
2,alpha,7.697939077997798e-07,7.564943468928238e-07,4.442873155872659e-10,2.157907505290235e-06,1.7118185278483046e-08,1.2106193082360812e-08,1952.9716037537848,1952.9716037537848,1836.2458924886846,2031.5032925169967,1.000315411732998
3,tau,7.090831317845559,1.7635901027843501,4.240509209004603,9.99458660363523,0.040894285439075334,0.02954714718509665,1859.8163348290893,1781.8715855026535,1811.8339742613728,1541.1259708208688,1.001972718144448
4,gamma,1.0,0.0,1.0,1.0,0.0,0.0,10000.0,10000.0,10000.0,10000.0,
5,zeta,0.0,0.0,0.0,0.0,0.0,0.0,10000.0,10000.0,10000.0,10000.0,
