,Unnamed: 0,mean,sd,hdi_3%,hdi_97%,mcse_mean,mcse_sd,ess_mean,ess_sd,ess_bulk,ess_tail,r_hat
0,p_error,0.050000004470348365,3.725476371840841e-09,0.05000000074505806,0.05000000074505806,3.7254763718408414e-11,2.6343864464297942e-11,10000.0,10000.0,10000.0,10000.0,
1,v,3.2256552790020184e-08,2.1004253488039382e-08,1.1736021898120708e-10,7.03905843827062e-08,9.42625325084576e-10,6.738752515850043e-10,496.5194831497234,486.3475905892095,507.567115454751,666.3564149742507,1.0033302449465786
2,alpha,3.0232850397087843e-05,1.0816980707079062e-05,9.46006104136863e-06,4.965937741685606e-05,4.4325141574303525e-07,3.1357971068615337e-07,595.5412489766233,595.5412489766233,590.977654236995,983.6116119550188,1.0038526201238545
3,tau,1.9320475061737985,0.33811237303141545,1.3172167674098243,2.569553695242285,0.007504542110105156,0.005307275272660124,2029.8957292457167,2029.8957292457167,2015.5224020562325,2124.207488493508,1.001995110400442
4,gamma,1.0,0.0,1.0,1.0,0.0,0.0,10000.0,10000.0,10000.0,10000.0,
5,zeta,0.0,0.0,0.0,0.0,0.0,0.0,10000.0,10000.0,10000.0,10000.0,
