,Unnamed: 0,mean,sd,hdi_3%,hdi_97%,mcse_mean,mcse_sd,ess_mean,ess_sd,ess_bulk,ess_tail,r_hat
0,p_error,0.050000004470348365,3.725476371840841e-09,0.05000000074505806,0.05000000074505806,3.7254763718408414e-11,2.6343864464297942e-11,10000.0,10000.0,10000.0,10000.0,
1,v,4.481479352339918e-08,1.0165034553265576e-08,2.5206656179071872e-08,6.304213245603107e-08,3.517978387487345e-10,2.4884559191089105e-10,834.8940852890519,834.8940852890519,838.5396569660691,1231.008232319761,1.001322270005532
2,alpha,5.9572955638678715e-06,4.471288206343691e-06,1.3547685230663824e-08,1.401710992624587e-05,1.7071905839378245e-07,1.2200244904622505e-07,685.9639852962339,672.1641290182846,735.1790307702589,835.9201916526828,1.0020322585780312
3,tau,3.064083323941253,0.8714701943733455,1.7814381537034119,4.415201040573409,0.026600691874069955,0.021098393976059285,1073.295259252738,853.6369053213748,1769.7461877858116,1326.7134160855921,1.001542619493388
4,gamma,1.0,0.0,1.0,1.0,0.0,0.0,10000.0,10000.0,10000.0,10000.0,
5,zeta,0.0,0.0,0.0,0.0,0.0,0.0,10000.0,10000.0,10000.0,10000.0,
