,Unnamed: 0,mean,sd,hdi_3%,hdi_97%,mcse_mean,mcse_sd,ess_mean,ess_sd,ess_bulk,ess_tail,r_hat
0,p_error,0.050000004470348365,3.725476371840841e-09,0.05000000074505806,0.05000000074505806,3.7254763718408414e-11,2.6343864464297942e-11,10000.0,10000.0,10000.0,10000.0,
1,v,2.186166926569404e-08,1.7676387297265326e-08,1.5837311137600182e-11,5.449563848410997e-08,6.385649578185167e-10,4.5170559344790374e-10,766.2612301896805,766.2612301896805,773.5480975677374,1006.9242310347834,1.0004943175363068
2,alpha,4.188238544091193e-05,9.780428356639996e-06,2.390893554814088e-05,6.090933942644766e-05,3.495953677802779e-07,2.472934335857833e-07,782.6803189030528,782.6803189030528,784.468132557682,1086.9639573052048,1.00069339082319
3,tau,1.9539406801980372,0.3666882272933904,1.2540221915845398,2.6434753994855864,0.008560219608607275,0.006086874406729061,1834.9495191794422,1815.1597448133691,1849.7125173195416,2041.0431191817509,1.0018929760275794
4,gamma,1.0,0.0,1.0,1.0,0.0,0.0,10000.0,10000.0,10000.0,10000.0,
5,zeta,0.0,0.0,0.0,0.0,0.0,0.0,10000.0,10000.0,10000.0,10000.0,
