,Unnamed: 0,mean,sd,hdi_3%,hdi_97%,mcse_mean,mcse_sd,ess_mean,ess_sd,ess_bulk,ess_tail,r_hat
0,p_error,0.050000004470348365,3.725476371840841e-09,0.05000000074505806,0.05000000074505806,3.7254763718408414e-11,2.6343864464297942e-11,10000.0,10000.0,10000.0,10000.0,
1,v,5.624204791223425e-08,3.6960094020505885e-08,1.3542679833589167e-10,1.2285400845786988e-07,1.7527873877572444e-09,1.2402217631939227e-09,444.639105232142,444.639105232142,418.26809423143203,830.7838944654129,1.0051675402001512
2,alpha,2.5917426030923684e-05,1.2564434935246949e-05,3.192667155093739e-06,4.8816452915003694e-05,5.77680017848509e-07,4.087335763846069e-07,473.05455929876985,473.05455929876985,465.91662257000235,832.613454957964,1.0043550505728391
3,tau,4.430312294892712,1.9790261176664943,1.6967794870805368,8.679551060548961,0.06345208677856468,0.04525875676744852,972.7723828819417,956.6052143727298,1103.2796441508729,1529.8286589677996,1.0061406832694733
4,gamma,1.0,0.0,1.0,1.0,0.0,0.0,10000.0,10000.0,10000.0,10000.0,
5,zeta,0.0,0.0,0.0,0.0,0.0,0.0,10000.0,10000.0,10000.0,10000.0,
