,Unnamed: 0,mean,sd,hdi_3%,hdi_97%,mcse_mean,mcse_sd,ess_mean,ess_sd,ess_bulk,ess_tail,r_hat
0,p_error,0.050000004470348365,3.725476371840841e-09,0.05000000074505806,0.05000000074505806,3.7254763718408414e-11,2.6343864464297942e-11,10000.0,10000.0,10000.0,10000.0,
1,v,3.4520422465264335e-08,5.488144400003239e-09,2.383016041809152e-08,4.4329950685816225e-08,1.2988895743140342e-10,9.18603718347377e-11,1785.2810599141974,1785.2810599141974,1782.786100575175,2111.175980666745,1.001912483525271
2,alpha,1.1334313750613282e-06,1.1593496139787215e-06,1.1345092562747473e-09,3.2229098535485937e-06,2.4740630176491154e-08,1.749659156974771e-08,2195.8735550381825,2195.8735550381825,1948.4409166228231,2222.5917781161866,1.000492473150754
3,tau,2.569702889051901,0.41613280214782267,1.826525244984132,3.379261975334181,0.009112648096136584,0.0064445167193662774,2085.3295767787467,2085.3295767787467,2070.99926488266,1972.726757437334,1.001286800277685
4,gamma,1.0,0.0,1.0,1.0,0.0,0.0,10000.0,10000.0,10000.0,10000.0,
5,zeta,0.0,0.0,0.0,0.0,0.0,0.0,10000.0,10000.0,10000.0,10000.0,
