,Unnamed: 0,mean,sd,hdi_3%,hdi_97%,mcse_mean,mcse_sd,ess_mean,ess_sd,ess_bulk,ess_tail,r_hat
0,p_error,0.050000004470348365,3.725476371840841e-09,0.05000000074505806,0.05000000074505806,3.7254763718408414e-11,2.6343864464297942e-11,10000.0,10000.0,10000.0,10000.0,
1,v,3.8518168697487714e-08,7.403545197520163e-09,2.554648543215109e-08,5.308126245138575e-08,2.0135926085716785e-10,1.424132291163979e-10,1351.874099096588,1351.874099096588,1333.6070818159192,1810.9902825735464,1.000840385019918
2,alpha,2.550509177189378e-06,2.356623720292894e-06,2.284254393400889e-10,6.940248803998773e-06,6.425673604797793e-08,4.5446229953782226e-08,1345.064672355206,1345.064672355206,1230.4158749911494,1573.8160079033764,1.0024591471071809
3,tau,2.9587918732450342,0.5620698927569655,1.961372875018485,3.9425914352771168,0.014119677215557432,0.010091290175890442,1584.6418039345785,1551.7457277360309,1639.0026266909354,1581.5803534255042,1.0015091009492132
4,gamma,1.0,0.0,1.0,1.0,0.0,0.0,10000.0,10000.0,10000.0,10000.0,
5,zeta,0.0,0.0,0.0,0.0,0.0,0.0,10000.0,10000.0,10000.0,10000.0,
