,mean,sd,hdi_3%,hdi_97%,mcse_mean,mcse_sd,ess_mean,ess_sd,ess_bulk,ess_tail,r_hat
b,1.0,0.0,1.0,1.0,0.0,0.0,10000.0,10000.0,10000.0,10000.0,
p_error,0.05000000447034836,3.725476371840841e-09,0.05000000074505806,0.05000000074505806,3.7254763718408414e-11,2.6343864464297942e-11,10000.0,10000.0,10000.0,10000.0,
v,0.0002622125784971783,1.9700803588481803e-05,0.00022537549963663975,0.0003006564348236833,4.7234966242648634e-07,3.340576662213641e-07,1739.5650110087925,1739.5650110087925,1745.159518496383,1691.028861146812,1.0008187517752658
s,0.006110861138981181,0.0003790935007485125,0.0053501575283017334,0.006809007201288816,9.166327344100773e-06,6.51946162154536e-06,1710.4167963148175,1691.1769357689818,1706.147730478377,1937.8813679966281,1.0009567637832208
tau,6.697896864288816,2.0757394451297917,3.324562701941312,9.986431781755291,0.05092617284401332,0.0373599272461264,1661.359415558137,1544.0727059756812,1600.467560336819,1641.0803224461959,1.001219696922893
gamma,1.0,0.0,1.0,1.0,0.0,0.0,10000.0,10000.0,10000.0,10000.0,
zeta,0.0,0.0,0.0,0.0,0.0,0.0,10000.0,10000.0,10000.0,10000.0,
