,mean,sd,hdi_3%,hdi_97%,mcse_mean,mcse_sd,ess_mean,ess_sd,ess_bulk,ess_tail,r_hat
b,1.0,0.0,1.0,1.0,0.0,0.0,10000.0,10000.0,10000.0,10000.0,
p_error,0.05000000447034836,3.725476371840841e-09,0.05000000074505806,0.05000000074505806,3.7254763718408414e-11,2.6343864464297942e-11,10000.0,10000.0,10000.0,10000.0,
v,0.0003067604837257469,2.6910550481991653e-05,0.00025398250628464543,0.00035648045003559316,6.51556381086191e-07,4.629582453657795e-07,1705.8512523317836,1689.9795858009015,1712.0857750367413,1802.6246643122001,1.0023419964762446
s,0.0071799436750999614,0.0003397944084973962,0.006601475934275206,0.007871204840061676,7.756026665771718e-06,5.485838956028168e-06,1919.348638609315,1918.8825790482492,1922.089206443507,1836.871223376256,1.0029074573842127
tau,5.965041133073358,2.270298863401738,2.4690483866237485,9.866035523426543,0.0581253882558895,0.04225033304518536,1525.5776928276969,1444.2794945428436,1534.3416000267227,1679.0409079195638,1.0022868775614517
gamma,1.0,0.0,1.0,1.0,0.0,0.0,10000.0,10000.0,10000.0,10000.0,
zeta,0.0,0.0,0.0,0.0,0.0,0.0,10000.0,10000.0,10000.0,10000.0,
