,mean,sd,hdi_3%,hdi_97%,mcse_mean,mcse_sd,ess_mean,ess_sd,ess_bulk,ess_tail,r_hat
b,1.0,0.0,1.0,1.0,0.0,0.0,10000.0,10000.0,10000.0,10000.0,
p_error,0.05000000447034836,3.725476371840841e-09,0.05000000074505806,0.05000000074505806,3.7254763718408414e-11,2.6343864464297942e-11,10000.0,10000.0,10000.0,10000.0,
v,0.00037169418194066533,2.9495329564979207e-05,0.0003166896260526663,0.0004289734241780988,8.470669576204665e-07,6.052092924168325e-07,1212.470062165486,1188.1700904972417,1243.5582263474223,1308.88472573575,1.0027199850299378
s,0.0078053947467296185,0.00044009882183429955,0.006992452180780703,0.008655781312474757,1.2562838967367859e-05,8.88538070665618e-06,1227.2267864695657,1227.2267864695657,1222.6124313910004,1766.222471972455,1.0014110625279153
tau,5.0669040508079215,2.5453784886878337,1.7019820665206817,9.70086173042483,0.07898967832712492,0.055869833082365636,1038.3984915165568,1038.3984915165568,956.7589311502089,1160.835049166076,1.0022405714683875
gamma,1.0,0.0,1.0,1.0,0.0,0.0,10000.0,10000.0,10000.0,10000.0,
zeta,0.0,0.0,0.0,0.0,0.0,0.0,10000.0,10000.0,10000.0,10000.0,
