,mean,sd,hdi_3%,hdi_97%,mcse_mean,mcse_sd,ess_mean,ess_sd,ess_bulk,ess_tail,r_hat
b,1.0,0.0,1.0,1.0,0.0,0.0,10000.0,10000.0,10000.0,10000.0,
p_error,0.05000000447034836,3.725476371840841e-09,0.05000000074505806,0.05000000074505806,3.7254763718408414e-11,2.6343864464297942e-11,10000.0,10000.0,10000.0,10000.0,
v,0.00033810145373323674,3.007366550947067e-05,0.00028536480695630237,0.0003971626448557036,6.756224223156287e-07,4.778075392520656e-07,1981.3656126034286,1981.3656126034286,1976.9030530272157,2064.6948733383897,1.0022574910908864
s,0.006100398977413129,0.0003444183766601669,0.00550539671695481,0.006765364960553007,8.1100919678041e-06,5.7356287017875395e-06,1803.5204565831727,1803.5204565831727,1774.766020678958,1599.3326003614031,1.0013988379803451
tau,5.660768676147987,2.4513632253255055,1.8982120673806644,9.782513642025949,0.05797069212431417,0.04183718955508649,1788.1270054179681,1717.1486651683213,1771.5569220420334,2266.994653152246,1.0025840114405893
gamma,1.0,0.0,1.0,1.0,0.0,0.0,10000.0,10000.0,10000.0,10000.0,
zeta,0.0,0.0,0.0,0.0,0.0,0.0,10000.0,10000.0,10000.0,10000.0,
