,mean,sd,hdi_3%,hdi_97%,mcse_mean,mcse_sd,ess_mean,ess_sd,ess_bulk,ess_tail,r_hat
b,1.0,0.0,1.0,1.0,0.0,0.0,10000.0,10000.0,10000.0,10000.0,
p_error,0.05000000447034836,3.725476371840841e-09,0.05000000074505806,0.05000000074505806,3.7254763718408414e-11,2.6343864464297942e-11,10000.0,10000.0,10000.0,10000.0,
v,0.0003444738924881342,2.4852230004732872e-05,0.0003028630058826065,0.0003963936884355144,1.013503596466358e-06,7.1700318322755e-07,601.284682258286,601.284682258286,614.4120473401056,706.0335760509398,1.0027419983131742
s,0.005634621764455338,0.00041657179876387933,0.004868133880464069,0.006416746076586478,1.6558289698921844e-05,1.179168299896393e-05,632.9199395429816,624.6028654449119,643.6021856788194,825.1963483184419,1.0027452561658485
tau,1.243090787408659,0.7056688883908923,0.6397786454936307,1.8000978357874304,0.043282559999886956,0.033249720806114776,265.8129050190617,225.79777561135484,524.4480064226412,556.7469581399389,1.0009965155796081
gamma,1.0,0.0,1.0,1.0,0.0,0.0,10000.0,10000.0,10000.0,10000.0,
zeta,0.0,0.0,0.0,0.0,0.0,0.0,10000.0,10000.0,10000.0,10000.0,
