,mean,sd,hdi_3%,hdi_97%,mcse_mean,mcse_sd,ess_mean,ess_sd,ess_bulk,ess_tail,r_hat
b,1.0,0.0,1.0,1.0,0.0,0.0,10000.0,10000.0,10000.0,10000.0,
p_error,0.05000000447034836,3.725476371840841e-09,0.05000000074505806,0.05000000074505806,3.7254763718408414e-11,2.6343864464297942e-11,10000.0,10000.0,10000.0,10000.0,
v,0.000234547824343473,2.2487528498861665e-05,0.00019654100380312822,0.0002805510773063654,9.620683701081025e-07,6.855798544093759e-07,546.3507961756833,538.5277632250894,557.4146953356782,646.0108251772473,1.0018335334877233
s,0.004482468455750698,0.00032651218636373233,0.00384162146355793,0.005054471077598754,1.5145854633088674e-05,1.071646503218645e-05,464.74124978926193,464.74124978926193,470.58505659462253,902.9676492552911,1.0000765653120787
tau,3.2444383219374995,2.6215268925104063,0.5153200375651299,8.681929865133633,0.08155972124997163,0.05768772115439683,1033.135224155884,1033.135224155884,896.6544944482653,1215.3359239568065,1.0004300942581217
gamma,1.0,0.0,1.0,1.0,0.0,0.0,10000.0,10000.0,10000.0,10000.0,
zeta,0.0,0.0,0.0,0.0,0.0,0.0,10000.0,10000.0,10000.0,10000.0,
