,mean,sd,hdi_3%,hdi_97%,mcse_mean,mcse_sd,ess_mean,ess_sd,ess_bulk,ess_tail,r_hat
b,1.0,0.0,1.0,1.0,0.0,0.0,10000.0,10000.0,10000.0,10000.0,
p_error,0.05000000447034836,3.725476371840841e-09,0.05000000074505806,0.05000000074505806,3.7254763718408414e-11,2.6343864464297942e-11,10000.0,10000.0,10000.0,10000.0,
v,0.0003975575075101881,4.0585036852104e-05,0.00032069070623012353,0.0004686687656895118,1.283213126220798e-06,9.076334021713451e-07,1000.3092905801707,1000.3092905801707,1000.8592131970261,1686.8211114982184,1.0025583846017794
s,0.007017611112115914,0.0005507645469122184,0.006020366900077815,0.008052688967481389,1.728449138615319e-05,1.2297083306761925e-05,1015.3569463433583,1003.575964455006,1025.8428322032103,1555.8187682400219,1.0041625259129414
tau,2.359281730779511,1.7800769411858621,0.8159435169824232,6.509945557282607,0.07251412642022867,0.0513000687466652,602.6044162705608,602.6044162705608,702.9163163718118,1014.4444204666312,1.0022983876488905
gamma,1.0,0.0,1.0,1.0,0.0,0.0,10000.0,10000.0,10000.0,10000.0,
zeta,0.0,0.0,0.0,0.0,0.0,0.0,10000.0,10000.0,10000.0,10000.0,
