,mean,sd,hdi_3%,hdi_97%,mcse_mean,mcse_sd,ess_mean,ess_sd,ess_bulk,ess_tail,r_hat
b,1.0,0.0,1.0,1.0,0.0,0.0,10000.0,10000.0,10000.0,10000.0,
p_error,0.05000000447034836,3.725476371840841e-09,0.05000000074505806,0.05000000074505806,3.7254763718408414e-11,2.6343864464297942e-11,10000.0,10000.0,10000.0,10000.0,
v,0.00021929056147749833,1.800975324027809e-05,0.00018402954704739962,0.0002520637183751538,5.453436181175979e-07,3.857193431645937e-07,1090.624010091453,1090.624010091453,1102.18155430763,1343.6970527478413,1.0008612809127821
s,0.004208157591483439,0.00034997075197957,0.0035004750709272106,0.004789152865296217,1.2989204077998494e-05,9.19991383770624e-06,725.936145159273,724.1291128549259,716.3797785605765,1266.1039272848302,1.0022327799221407
tau,0.8155009353815974,0.19443132247492984,0.4672285832974137,1.1429210360552773,0.006629478681532255,0.004689339812781611,860.1490292321688,860.1490292321688,894.0661192090938,1164.0677415034143,1.002429138718743
gamma,1.0,0.0,1.0,1.0,0.0,0.0,10000.0,10000.0,10000.0,10000.0,
zeta,0.0,0.0,0.0,0.0,0.0,0.0,10000.0,10000.0,10000.0,10000.0,
