,mean,sd,hdi_3%,hdi_97%,mcse_mean,mcse_sd,ess_mean,ess_sd,ess_bulk,ess_tail,r_hat
b,1.0,0.0,1.0,1.0,0.0,0.0,10000.0,10000.0,10000.0,10000.0,
p_error,0.05000000447034836,3.725476371840841e-09,0.05000000074505806,0.05000000074505806,3.7254763718408414e-11,2.6343864464297942e-11,10000.0,10000.0,10000.0,10000.0,
v,0.000152029283278092,2.9322997461436355e-05,0.00010504054586190118,0.00021160044189092491,1.6631286318329233e-06,1.2423351100559404e-06,310.860144818988,279.13733761551885,357.13218327845624,336.34779961506166,1.0044807462524818
s,0.004738723253040586,0.0003408001022448929,0.0041065491491294025,0.005363439762525104,1.793565344215691e-05,1.2692681584611807e-05,361.0480678759797,361.0480678759797,410.9469910060196,389.56483170179905,1.0037184480224948
tau,4.36294984119191,2.7252667440621052,0.9736166692332853,9.40333085780794,0.12602717033842,0.08917030947031598,467.61632319590865,467.61632319590865,330.10561655734904,328.54901067395537,1.0052840036265138
gamma,1.0,0.0,1.0,1.0,0.0,0.0,10000.0,10000.0,10000.0,10000.0,
zeta,0.0,0.0,0.0,0.0,0.0,0.0,10000.0,10000.0,10000.0,10000.0,
