,mean,sd,hdi_3%,hdi_97%,mcse_mean,mcse_sd,ess_mean,ess_sd,ess_bulk,ess_tail,r_hat
b,1.0,0.0,1.0,1.0,0.0,0.0,10000.0,10000.0,10000.0,10000.0,
p_error,0.05000000447034836,3.725476371840841e-09,0.05000000074505806,0.05000000074505806,3.7254763718408414e-11,2.6343864464297942e-11,10000.0,10000.0,10000.0,10000.0,
v,0.0002605145565094958,2.495484298000984e-05,0.00021291659410685557,0.00030548677432642524,1.0853807069354265e-06,7.679039127584942e-07,528.6223097963098,528.6223097963098,534.8305213725993,738.8713159528751,1.0064225958318156
s,0.005504893838872033,0.0004416445937288912,0.004705087186685018,0.006339536855006238,2.112016950572889e-05,1.4944187764352755e-05,437.2713649468156,437.2713649468156,425.542290833786,915.378546591847,1.0083628750598097
tau,1.2328094143153714,0.5310105808386036,0.6981607688944822,1.7564551954907763,0.026078371762332526,0.01845318108621489,414.61537747472755,414.61537747472755,518.4888282491867,770.7026352758157,1.0074937837816396
gamma,1.0,0.0,1.0,1.0,0.0,0.0,10000.0,10000.0,10000.0,10000.0,
zeta,0.0,0.0,0.0,0.0,0.0,0.0,10000.0,10000.0,10000.0,10000.0,
