,mean,sd,hdi_3%,hdi_97%,mcse_mean,mcse_sd,ess_mean,ess_sd,ess_bulk,ess_tail,r_hat
b,1.0,0.0,1.0,1.0,0.0,0.0,10000.0,10000.0,10000.0,10000.0,
p_error,0.05000000447034836,3.725476371840841e-09,0.05000000074505806,0.05000000074505806,3.7254763718408414e-11,2.6343864464297942e-11,10000.0,10000.0,10000.0,10000.0,
v,0.00041121627894439585,4.480276144838911e-05,0.0003245777508942632,0.0004946509322144128,1.069988366575635e-06,7.587370019633349e-07,1753.2807074968741,1743.9833533129279,1754.0376093453697,1724.229284793123,1.001263559495111
s,0.009160359505805004,0.0005489733859474039,0.008145512904359118,0.010201908208906074,1.3686120678081793e-05,9.679303608033157e-06,1608.9474167758995,1608.9474167758995,1603.5747621690616,1626.015753468397,1.0014606273857072
tau,5.961595861705107,2.234616319171546,2.516195620554245,9.812507113817828,0.05356139113513506,0.038435386551817594,1740.6130509845802,1690.6873556737416,1747.8860454589121,1927.9177273333748,1.0031194432424144
gamma,1.0,0.0,1.0,1.0,0.0,0.0,10000.0,10000.0,10000.0,10000.0,
zeta,0.0,0.0,0.0,0.0,0.0,0.0,10000.0,10000.0,10000.0,10000.0,
