,mean,sd,hdi_3%,hdi_97%,mcse_mean,mcse_sd,ess_mean,ess_sd,ess_bulk,ess_tail,r_hat
b,1.0,0.0,1.0,1.0,0.0,0.0,10000.0,10000.0,10000.0,10000.0,
p_error,0.05000000447034836,3.725476371840841e-09,0.05000000074505806,0.05000000074505806,3.7254763718408414e-11,2.6343864464297942e-11,10000.0,10000.0,10000.0,10000.0,
v,0.00012573953424858034,8.110390330522609e-06,0.00011062843820124681,0.00014069453206691772,1.960748621132408e-07,1.396370261654038e-07,1710.9592878406095,1687.339628155562,1710.0837271485996,1971.5804560631832,1.000393318959384
s,0.0034130074016796774,0.00017450699256406674,0.003099574609399614,0.0037467096211699163,4.201537659904846e-06,2.971438224611737e-06,1725.079628936766,1725.079628936766,1732.9197995362683,1616.7444664711038,1.0028636646700073
tau,5.079504929389977,2.4711775648872676,1.6124073201252476,9.420394548455763,0.06660874936735268,0.047109482592235914,1376.4021614193002,1376.4021614193002,1378.0718159033327,1457.7316314089917,1.0008696858554311
gamma,1.0,0.0,1.0,1.0,0.0,0.0,10000.0,10000.0,10000.0,10000.0,
zeta,0.0,0.0,0.0,0.0,0.0,0.0,10000.0,10000.0,10000.0,10000.0,
