,mean,sd,hdi_3%,hdi_97%,mcse_mean,mcse_sd,ess_mean,ess_sd,ess_bulk,ess_tail,r_hat
b,1.0,0.0,1.0,1.0,0.0,0.0,10000.0,10000.0,10000.0,10000.0,
p_error,0.05000000447034836,3.725476371840841e-09,0.05000000074505806,0.05000000074505806,3.7254763718408414e-11,2.6343864464297942e-11,10000.0,10000.0,10000.0,10000.0,
v,0.0001704588016959514,1.1871833799609889e-05,0.00014963647223845494,0.00019452148002927004,3.2627858016427613e-07,2.3076464353548787e-07,1323.9100792655709,1323.9100792655709,1315.88148987229,1610.0674113191603,1.0013723931518912
s,0.003997656353039447,0.00025480760318455934,0.0035154266897396594,0.004477397520464691,6.850367094976894e-06,4.844962541579606e-06,1383.5570625477571,1383.5570625477571,1365.9575649731457,1431.288697888913,1.0020676580398256
tau,4.567408711887409,2.540364359377975,1.3605137816497663,9.2479715123331,0.07988697168197696,0.05650492066550029,1011.2070883815293,1011.2070883815293,933.6944686498459,1096.3710187379152,1.003330183481178
gamma,1.0,0.0,1.0,1.0,0.0,0.0,10000.0,10000.0,10000.0,10000.0,
zeta,0.0,0.0,0.0,0.0,0.0,0.0,10000.0,10000.0,10000.0,10000.0,
