,mean,sd,hdi_3%,hdi_97%,mcse_mean,mcse_sd,ess_mean,ess_sd,ess_bulk,ess_tail,r_hat
b,1.0,0.0,1.0,1.0,0.0,0.0,10000.0,10000.0,10000.0,10000.0,
p_error,0.05000000447034836,3.725476371840841e-09,0.05000000074505806,0.05000000074505806,3.7254763718408414e-11,2.6343864464297942e-11,10000.0,10000.0,10000.0,10000.0,
v,0.0006159877308315775,5.394357006995363e-05,0.0005176549547754068,0.00071812972159789,2.0451473091841662e-06,1.4770827232132468e-06,695.7130991410187,667.451170622358,736.5705619056754,708.6566769822188,1.0020295695963746
s,0.007907498150808987,0.0004433870343575545,0.007058235292288459,0.008716666898951706,1.1243589354351434e-05,7.951909902777125e-06,1555.0917849394052,1555.0917849394052,1554.5895100246755,1812.9569231150142,1.003898043440066
tau,5.142225930656509,2.566741300979263,1.6133921390441683,9.641035505327793,0.08025151516814492,0.05676257802669097,1022.9577952601156,1022.9577952601156,844.8641829920915,583.7372989860331,1.0018677840974135
gamma,1.0,0.0,1.0,1.0,0.0,0.0,10000.0,10000.0,10000.0,10000.0,
zeta,0.0,0.0,0.0,0.0,0.0,0.0,10000.0,10000.0,10000.0,10000.0,
