,mean,sd,hdi_3%,hdi_97%,mcse_mean,mcse_sd,ess_mean,ess_sd,ess_bulk,ess_tail,r_hat
b,1.0,0.0,1.0,1.0,0.0,0.0,10000.0,10000.0,10000.0,10000.0,
p_error,0.05000000447034836,3.725476371840841e-09,0.05000000074505806,0.05000000074505806,3.7254763718408414e-11,2.6343864464297942e-11,10000.0,10000.0,10000.0,10000.0,
v,0.00020997821864362462,2.0326343369412634e-05,0.00017278507621604062,0.0002471987479181782,7.924794586522958e-07,5.606162246196062e-07,657.8736435908753,657.8736435908753,664.5075033235288,1408.8002341717938,1.0018742215676908
s,0.005001496746046155,0.00030134644869656354,0.004450572273210744,0.005563988475288423,1.0688464188384796e-05,7.5606604715483706e-06,794.8799501280007,794.8799501280007,785.2340739768017,1272.2964114709694,1.002261444523454
tau,4.049937940317268,2.5261386671531203,1.2244515983438355,9.085794850310522,0.09937403075925415,0.07029979127546997,646.2023923544513,646.2023923544513,491.03460304267554,521.7614257809652,1.0032992720290586
gamma,1.0,0.0,1.0,1.0,0.0,0.0,10000.0,10000.0,10000.0,10000.0,
zeta,0.0,0.0,0.0,0.0,0.0,0.0,10000.0,10000.0,10000.0,10000.0,
