,mean,sd,hdi_3%,hdi_97%,mcse_mean,mcse_sd,ess_mean,ess_sd,ess_bulk,ess_tail,r_hat
b,1.0,0.0,1.0,1.0,0.0,0.0,10000.0,10000.0,10000.0,10000.0,
p_error,0.05000000447034836,3.725476371840841e-09,0.05000000074505806,0.05000000074505806,3.7254763718408414e-11,2.6343864464297942e-11,10000.0,10000.0,10000.0,10000.0,
v,0.0001309111988998586,7.416502106679922e-06,0.00011625165439790514,0.00014406427192818985,2.4651090591610595e-07,1.7473761450739705e-07,905.1612915167998,901.3150736053544,899.1691131749574,1523.8929593683188,1.000748286248592
s,0.0029008073356264616,0.00018015833710331182,0.002561728402781642,0.003240912344243444,6.995333699868716e-06,4.948624673078565e-06,663.2722933010857,663.2722933010857,665.2024526604251,993.1480302423577,1.0010217556718777
tau,1.3485327728804837,0.25164819126169735,0.9057848961336923,1.7893842951914762,0.008981658057504921,0.006353352497392495,785.0089217309973,785.0089217309973,782.5973053684473,1005.8755610198241,1.0014176344601555
gamma,1.0,0.0,1.0,1.0,0.0,0.0,10000.0,10000.0,10000.0,10000.0,
zeta,0.0,0.0,0.0,0.0,0.0,0.0,10000.0,10000.0,10000.0,10000.0,
