,mean,sd,hdi_3%,hdi_97%,mcse_mean,mcse_sd,ess_mean,ess_sd,ess_bulk,ess_tail,r_hat
b,1.0,0.0,1.0,1.0,0.0,0.0,10000.0,10000.0,10000.0,10000.0,
p_error,0.05000000447034836,3.725476371840841e-09,0.05000000074505806,0.05000000074505806,3.7254763718408414e-11,2.6343864464297942e-11,10000.0,10000.0,10000.0,10000.0,
v,0.0003289867472148502,2.3354636868066893e-05,0.000286753614069423,0.00037219761858206215,8.652394027687816e-07,6.120617420023788e-07,728.573985543312,728.573985543312,731.7515168188498,1221.2851180065509,1.004169976856962
s,0.005141159738552035,0.0004219756371609545,0.004395606406518276,0.005959770380186073,1.6747890992794844e-05,1.187211240488186e-05,634.8257057708207,632.2512189935221,637.2595425675277,924.1284283207738,1.0026668390996898
tau,0.8069067466781127,0.15466367258186442,0.526285988509466,1.088695921038325,0.005662975591021299,0.004005895260841362,745.911422377492,745.911422377492,750.0794783594118,1366.3993054306643,1.0027424446585376
gamma,1.0,0.0,1.0,1.0,0.0,0.0,10000.0,10000.0,10000.0,10000.0,
zeta,0.0,0.0,0.0,0.0,0.0,0.0,10000.0,10000.0,10000.0,10000.0,
