,mean,sd,hdi_3%,hdi_97%,mcse_mean,mcse_sd,ess_mean,ess_sd,ess_bulk,ess_tail,r_hat
b,1.0,0.0,1.0,1.0,0.0,0.0,10000.0,10000.0,10000.0,10000.0,
p_error,0.05000000447034836,3.725476371840841e-09,0.05000000074505806,0.05000000074505806,3.7254763718408414e-11,2.6343864464297942e-11,10000.0,10000.0,10000.0,10000.0,
v,0.00027771255228880367,3.416773525758762e-05,0.0002154946192103328,0.00034145449677360846,1.2355357696444014e-06,8.739891381484147e-07,764.7539708318579,764.7539708318579,752.010986605331,1692.8653112272048,1.0016660905781465
s,0.006886125639078119,0.00043324193837562016,0.006113238767272902,0.007696299066700445,1.6270005458540834e-05,1.1535428005055831e-05,709.0642398719586,705.866614764616,712.1961060726203,1277.9135517435052,1.0032963813983526
tau,1.302078672727479,1.0617847397515883,0.5186480277682116,2.058399367916521,0.053106724812344915,0.037579559161347795,399.73660668409724,399.73660668409724,675.8574902195782,463.18789052483817,1.0023686252119097
gamma,1.0,0.0,1.0,1.0,0.0,0.0,10000.0,10000.0,10000.0,10000.0,
zeta,0.0,0.0,0.0,0.0,0.0,0.0,10000.0,10000.0,10000.0,10000.0,
