,mean,sd,hdi_3%,hdi_97%,mcse_mean,mcse_sd,ess_mean,ess_sd,ess_bulk,ess_tail,r_hat
b,1.0,0.0,1.0,1.0,0.0,0.0,10000.0,10000.0,10000.0,10000.0,
p_error,0.05000000447034836,3.725476371840841e-09,0.05000000074505806,0.05000000074505806,3.7254763718408414e-11,2.6343864464297942e-11,10000.0,10000.0,10000.0,10000.0,
v,0.0005577501603889156,4.511527160619226e-05,0.00047455893969618754,0.0006403852598084249,1.5094209268697957e-06,1.067670429339704e-06,893.3598267449842,893.3598267449842,896.347535386712,1546.6659500799212,1.0012781726633326
s,0.008869660819113712,0.0005733883882107282,0.007831092221428736,0.009983193955516044,2.0084595391092168e-05,1.4207039034710568e-05,815.0262810428819,815.0262810428819,811.7462727428102,1342.0888482000732,1.0023569244567883
tau,3.1227369806537486,2.1361147416937323,1.0667923770046759,8.044055083516735,0.09336963417924753,0.06605912729418309,523.4049671852604,523.4049671852604,499.3130016809345,890.0571289853948,1.0019418548357693
gamma,1.0,0.0,1.0,1.0,0.0,0.0,10000.0,10000.0,10000.0,10000.0,
zeta,0.0,0.0,0.0,0.0,0.0,0.0,10000.0,10000.0,10000.0,10000.0,
