,mean,sd,hdi_3%,hdi_97%,mcse_mean,mcse_sd,ess_mean,ess_sd,ess_bulk,ess_tail,r_hat
b,1.0,0.0,1.0,1.0,0.0,0.0,10000.0,10000.0,10000.0,10000.0,
p_error,0.05000000447034836,3.725476371840841e-09,0.05000000074505806,0.05000000074505806,3.7254763718408414e-11,2.6343864464297942e-11,10000.0,10000.0,10000.0,10000.0,
v,0.0005087529345647593,3.333151627447729e-05,0.0004501488980300157,0.0005715754522676583,1.1929531541030483e-06,8.466186259859369e-07,780.6625779913757,775.5883835622897,779.2569714410138,1132.4388153810557,1.0009691731510941
s,0.0062674742093006205,0.0005514588967700569,0.005116800296148427,0.007181593957344268,2.189579418719633e-05,1.54897892738186e-05,634.3148676355038,634.3148676355038,632.8723813635371,1190.4562034638714,1.0011974772990702
tau,0.793821041481068,0.16535232988126788,0.5103588419065951,1.1204352617992748,0.0063367775881535944,0.004482699166225037,680.9005873479103,680.9005873479103,683.8038697902359,983.121759833145,1.0027311207280671
gamma,1.0,0.0,1.0,1.0,0.0,0.0,10000.0,10000.0,10000.0,10000.0,
zeta,0.0,0.0,0.0,0.0,0.0,0.0,10000.0,10000.0,10000.0,10000.0,
