,mean,sd,hdi_3%,hdi_97%,mcse_mean,mcse_sd,ess_mean,ess_sd,ess_bulk,ess_tail,r_hat
b,1.0,0.0,1.0,1.0,0.0,0.0,10000.0,10000.0,10000.0,10000.0,
p_error,0.05000000447034836,3.725476371840841e-09,0.05000000074505806,0.05000000074505806,3.7254763718408414e-11,2.6343864464297942e-11,10000.0,10000.0,10000.0,10000.0,
v,0.00017540873029100608,2.3088238014752184e-05,0.0001321387602608279,0.00021425656475832056,7.334302620431904e-07,5.26280058607251e-07,990.9778124767738,962.8994816961678,957.6243745467001,1106.0721103401454,1.0029725036588542
s,0.003803982403570258,0.0003334793548143081,0.003208702136567701,0.004428799054854242,1.165820989245842e-05,8.246539583573107e-06,818.22767603256,818.22767603256,820.4887449370032,1375.3263459851494,1.0058539106866136
tau,5.8882660411631775,2.3926372859162113,2.1438411874389303,9.99018360785068,0.05372505821093416,0.03907223409375789,1983.3526610193755,1875.522807521778,1968.5415101720075,1930.9759555262638,0.9998632501766364
gamma,1.0,0.0,1.0,1.0,0.0,0.0,10000.0,10000.0,10000.0,10000.0,
zeta,0.0,0.0,0.0,0.0,0.0,0.0,10000.0,10000.0,10000.0,10000.0,
