,mean,sd,hdi_3%,hdi_97%,mcse_mean,mcse_sd,ess_mean,ess_sd,ess_bulk,ess_tail,r_hat
b,1.0,0.0,1.0,1.0,0.0,0.0,10000.0,10000.0,10000.0,10000.0,
p_error,0.05000000447034836,3.725476371840841e-09,0.05000000074505806,0.05000000074505806,3.7254763718408414e-11,2.6343864464297942e-11,10000.0,10000.0,10000.0,10000.0,
v,0.00015164750350095155,1.4993925708399236e-05,0.00012265157682256515,0.00017946611345307715,4.588304859527384e-07,3.245308023837452e-07,1067.8891587519595,1067.8891587519595,1074.0916737435844,1341.2571330315686,1.004559364753099
s,0.004367986069336541,0.00022427599513432026,0.003936963881047846,0.0047768157460554754,8.313118478763113e-06,5.908605370080998e-06,727.8428909379461,720.9699707363169,729.6895095137438,867.4487084996344,1.0027082066952384
tau,1.7082094911422343,0.9190169060935127,0.8763523142764106,2.507474259810105,0.04272231799434395,0.03116322122866763,462.7403649946738,435.42624983634096,639.939636084747,658.8945501345644,1.0049001376583262
gamma,1.0,0.0,1.0,1.0,0.0,0.0,10000.0,10000.0,10000.0,10000.0,
zeta,0.0,0.0,0.0,0.0,0.0,0.0,10000.0,10000.0,10000.0,10000.0,
