,mean,sd,hdi_3%,hdi_97%,mcse_mean,mcse_sd,ess_mean,ess_sd,ess_bulk,ess_tail,r_hat
b,1.0,0.0,1.0,1.0,0.0,0.0,10000.0,10000.0,10000.0,10000.0,
p_error,0.05000000447034836,3.725476371840841e-09,0.05000000074505806,0.05000000074505806,3.7254763718408414e-11,2.6343864464297942e-11,10000.0,10000.0,10000.0,10000.0,
v,7.852930619945299e-05,9.848529935512462e-06,6.061628776132463e-05,9.746265887772207e-05,3.188467656951807e-07,2.2552767082396567e-07,954.0668073810028,954.0668073810028,955.3437348147766,1243.7014813559047,1.0021601074895512
s,0.003762232082964698,0.00017750562702077458,0.003417701292314679,0.004086117169395879,6.1834315006572115e-06,4.37389479878677e-06,824.0719690076747,824.0719690076747,822.4145453343884,1341.3390290611794,1.0009432755762628
tau,1.9651984468499903,1.4133162757695341,0.7433573432341029,4.092481629454461,0.06535877970303887,0.04624449438028576,467.5960681288024,467.5960681288024,641.4055594050053,574.8533501949827,1.0040052262095946
gamma,1.0,0.0,1.0,1.0,0.0,0.0,10000.0,10000.0,10000.0,10000.0,
zeta,0.0,0.0,0.0,0.0,0.0,0.0,10000.0,10000.0,10000.0,10000.0,
