,mean,sd,hdi_3%,hdi_97%,mcse_mean,mcse_sd,ess_mean,ess_sd,ess_bulk,ess_tail,r_hat
b,1.0,0.0,1.0,1.0,0.0,0.0,10000.0,10000.0,10000.0,10000.0,
p_error,0.05000000447034836,3.725476371840841e-09,0.05000000074505806,0.05000000074505806,3.7254763718408414e-11,2.6343864464297942e-11,10000.0,10000.0,10000.0,10000.0,
v,0.00016840916848496625,1.4919995872285255e-05,0.00013932789468991484,0.00019590068410133422,3.8800168596607205e-07,2.758625784336709e-07,1478.666318626845,1463.1707581416251,1484.3035149468778,1757.0412980499152,1.0013332124286987
s,0.004766709392235988,0.00020374473535577872,0.004399641740226859,0.0051458901810999685,5.4510686271047805e-06,3.855292595477021e-06,1397.0420938978484,1397.0420938978484,1404.755393426495,1456.952096379127,1.0011226412351037
tau,4.012754934251401,2.4589806063650714,1.1918872493627979,8.873616709313621,0.0827587593285403,0.0585386240035702,882.8405331534764,882.8405331534764,869.2389846471144,1208.792540658829,1.0008553135013247
gamma,1.0,0.0,1.0,1.0,0.0,0.0,10000.0,10000.0,10000.0,10000.0,
zeta,0.0,0.0,0.0,0.0,0.0,0.0,10000.0,10000.0,10000.0,10000.0,
