,mean,sd,hdi_3%,hdi_97%,mcse_mean,mcse_sd,ess_mean,ess_sd,ess_bulk,ess_tail,r_hat
b,1.0,0.0,1.0,1.0,0.0,0.0,10000.0,10000.0,10000.0,10000.0,
p_error,0.05000000447034836,3.725476371840841e-09,0.05000000074505806,0.05000000074505806,3.7254763718408414e-11,2.6343864464297942e-11,10000.0,10000.0,10000.0,10000.0,
v,0.00043080957072419543,4.433570042172726e-05,0.0003497822203111977,0.0005120546742798734,1.7908558049768772e-06,1.2669293971056118e-06,612.8947620772692,612.8947620772692,624.5355775442292,744.9611127293518,1.0035987165335134
s,0.0075831187763400875,0.0004384776349805343,0.006765727373309254,0.008407970150146557,1.666149739605695e-05,1.1881027523816692e-05,692.5750372718991,681.598722749055,705.0394220111689,1046.315141950005,1.002019277184839
tau,1.6789777553260072,1.6099008630058607,0.5409212628109155,3.9711807094920504,0.1225746393742763,0.09076001541994298,172.50314526374478,157.9018192175745,387.38956767667634,228.49226876761043,1.004599716502184
gamma,1.0,0.0,1.0,1.0,0.0,0.0,10000.0,10000.0,10000.0,10000.0,
zeta,0.0,0.0,0.0,0.0,0.0,0.0,10000.0,10000.0,10000.0,10000.0,
