,mean,sd,hdi_3%,hdi_97%,mcse_mean,mcse_sd,ess_mean,ess_sd,ess_bulk,ess_tail,r_hat
b,1.0,0.0,1.0,1.0,0.0,0.0,10000.0,10000.0,10000.0,10000.0,
p_error,0.05000000447034836,3.725476371840841e-09,0.05000000074505806,0.05000000074505806,3.7254763718408414e-11,2.6343864464297942e-11,10000.0,10000.0,10000.0,10000.0,
v,0.0004333898308956174,6.241226899161033e-05,0.00032028733294412186,0.0005486410650686525,2.6302317531076453e-06,1.8608189761342268e-06,563.0564143838117,563.0564143838117,576.4797728745283,1328.7576386067603,1.002907710237474
s,0.010185952454406283,0.0006515373861241387,0.008850669559856186,0.011334423115428961,2.5424376476404392e-05,1.798573949453871e-05,656.7167006307659,656.7167006307659,661.529578989051,1155.1466919230531,1.0002851578554033
tau,2.9984398538569934,2.601974399655929,0.5943793607069968,8.680587503751395,0.10384248167073913,0.07346186071707268,627.8500331907971,627.8500331907971,504.4489472157152,635.932874597725,1.002055757202086
gamma,1.0,0.0,1.0,1.0,0.0,0.0,10000.0,10000.0,10000.0,10000.0,
zeta,0.0,0.0,0.0,0.0,0.0,0.0,10000.0,10000.0,10000.0,10000.0,
