,mean,sd,hdi_3%,hdi_97%,mcse_mean,mcse_sd,ess_mean,ess_sd,ess_bulk,ess_tail,r_hat
b,1.0,0.0,1.0,1.0,0.0,0.0,10000.0,10000.0,10000.0,10000.0,
p_error,0.05000000447034836,3.725476371840841e-09,0.05000000074505806,0.05000000074505806,3.7254763718408414e-11,2.6343864464297942e-11,10000.0,10000.0,10000.0,10000.0,
v,0.0002842825710763983,2.0324976002745898e-05,0.00024937643995957056,0.0003253718654527291,5.899455794619547e-07,4.1725706830491807e-07,1186.96026462529,1186.96026462529,1195.6954982908514,1679.9593298411608,1.003691822001329
s,0.004905670748710602,0.00029913866323593824,0.004348904520073283,0.005467226807582041,1.0180711746762668e-05,7.201283700957559e-06,863.3538198802062,863.3538198802062,863.1571053294232,1513.6616360161486,1.0016767570790281
tau,0.7720142029123129,0.13635930070920405,0.5373193226159644,1.0346595111492678,0.004237484853922155,0.0029971986502195405,1035.5074145481599,1035.5074145481599,1022.240685593405,1393.7951446881987,1.0035376036321986
gamma,1.0,0.0,1.0,1.0,0.0,0.0,10000.0,10000.0,10000.0,10000.0,
zeta,0.0,0.0,0.0,0.0,0.0,0.0,10000.0,10000.0,10000.0,10000.0,
