,mean,sd,hdi_3%,hdi_97%,mcse_mean,mcse_sd,ess_mean,ess_sd,ess_bulk,ess_tail,r_hat
b,1.0,0.0,1.0,1.0,0.0,0.0,10000.0,10000.0,10000.0,10000.0,
p_error,0.05000000447034836,3.725476371840841e-09,0.05000000074505806,0.05000000074505806,3.7254763718408414e-11,2.6343864464297942e-11,10000.0,10000.0,10000.0,10000.0,
v,0.0002520374368975106,2.4495745527243115e-05,0.00020508551750715888,0.0002957439022698069,6.87463367398628e-07,4.863295195191733e-07,1269.6446921309189,1269.0821729266204,1274.147879188398,1775.421996695619,1.0001384753878324
s,0.0055074162574447055,0.00027780076072876934,0.004944085029592156,0.0060077555811594435,6.550914466560712e-06,4.632947545705011e-06,1798.3035571052872,1798.3035571052872,1795.2421304073791,1711.6688259511154,1.0006677078199808
tau,5.1169815052381065,2.4621147856198973,1.627109011851791,9.403860675800395,0.07009652298218152,0.049577449222825566,1233.7399849872852,1233.7399849872852,1166.0075691214847,1127.3718259836896,1.000985705522
gamma,1.0,0.0,1.0,1.0,0.0,0.0,10000.0,10000.0,10000.0,10000.0,
zeta,0.0,0.0,0.0,0.0,0.0,0.0,10000.0,10000.0,10000.0,10000.0,
