,mean,sd,hdi_3%,hdi_97%,mcse_mean,mcse_sd,ess_mean,ess_sd,ess_bulk,ess_tail,r_hat
b,1.0,0.0,1.0,1.0,0.0,0.0,10000.0,10000.0,10000.0,10000.0,
p_error,0.05000000447034836,3.725476371840841e-09,0.05000000074505806,0.05000000074505806,3.7254763718408414e-11,2.6343864464297942e-11,10000.0,10000.0,10000.0,10000.0,
v,0.000377088719817469,3.6950798302493334e-05,0.000308878584273828,0.00044510773050784305,1.0101663068043582e-06,7.144512086282229e-07,1338.017806905319,1338.017806905319,1337.017152886938,1702.8668173573847,1.0010928809178616
s,0.0063844480317869655,0.0003026470764714744,0.005824518794654247,0.006954519051409331,7.975717128066171e-06,5.640826433939066e-06,1439.9038100497075,1439.9038100497075,1436.747465371896,1746.2919406044346,1.0004678751239857
tau,1.817538981851275,0.9828442801782689,1.0159032655630242,2.6516918546740555,0.05105188275374014,0.03725584001331172,370.6345514031032,348.56057246786867,821.747121631584,547.6709337660046,1.0033719641131031
gamma,1.0,0.0,1.0,1.0,0.0,0.0,10000.0,10000.0,10000.0,10000.0,
zeta,0.0,0.0,0.0,0.0,0.0,0.0,10000.0,10000.0,10000.0,10000.0,
