,mean,sd,hdi_3%,hdi_97%,mcse_mean,mcse_sd,ess_mean,ess_sd,ess_bulk,ess_tail,r_hat
b,1.0,0.0,1.0,1.0,0.0,0.0,10000.0,10000.0,10000.0,10000.0,
p_error,0.05000000447034836,3.725476371840841e-09,0.05000000074505806,0.05000000074505806,3.7254763718408414e-11,2.6343864464297942e-11,10000.0,10000.0,10000.0,10000.0,
v,0.00037397281569391625,3.6769069145487025e-05,0.00030467209045734417,0.00044195860701991735,1.0643748295895523e-06,7.528106824213605e-07,1193.3726464407835,1193.3726464407835,1189.0807875640908,1804.5290236851968,1.0017939957248745
s,0.007103101960915048,0.0004010684521688872,0.006406740856951688,0.007924984660332226,1.2582369452639872e-05,8.902304201330493e-06,1016.043115950574,1015.4340479598535,1015.26259402524,1449.4431886056823,1.0008399406667083
tau,1.510189984852029,0.7941302529029783,0.8199129387224529,2.2565035287645143,0.03486782397646091,0.02568643538155122,518.7209545942992,478.49306423926674,950.8643232726208,875.771846939243,1.001161015748186
gamma,1.0,0.0,1.0,1.0,0.0,0.0,10000.0,10000.0,10000.0,10000.0,
zeta,0.0,0.0,0.0,0.0,0.0,0.0,10000.0,10000.0,10000.0,10000.0,
