,mean,sd,hdi_3%,hdi_97%,mcse_mean,mcse_sd,ess_mean,ess_sd,ess_bulk,ess_tail,r_hat
b,1.0,0.0,1.0,1.0,0.0,0.0,10000.0,10000.0,10000.0,10000.0,
p_error,0.05000000447034836,3.725476371840841e-09,0.05000000074505806,0.05000000074505806,3.7254763718408414e-11,2.6343864464297942e-11,10000.0,10000.0,10000.0,10000.0,
v,0.00013012534382374755,1.0296006586135836e-05,0.00010960641092456264,0.00014816312193001595,3.2920596996592277e-07,2.3285322149360295e-07,978.1427016466806,978.1427016466806,983.1117904470583,1356.2449565898135,1.001607540319057
s,0.0036131937340346094,0.00022126903648515817,0.0032135563320485707,0.004038180019587905,8.048858908802383e-06,5.709233405906879e-06,755.74043686691,751.6106333053399,757.998376075336,1151.958567021862,1.0013695575334287
tau,1.635146190447096,0.696577706013814,0.9507459113261519,2.4590351113510636,0.029430469236581897,0.020821328876471767,560.2021463884342,560.2021463884342,685.6066537366535,913.1361787366654,1.0014174381092
gamma,1.0,0.0,1.0,1.0,0.0,0.0,10000.0,10000.0,10000.0,10000.0,
zeta,0.0,0.0,0.0,0.0,0.0,0.0,10000.0,10000.0,10000.0,10000.0,
