,mean,sd,hdi_3%,hdi_97%,mcse_mean,mcse_sd,ess_mean,ess_sd,ess_bulk,ess_tail,r_hat
b,1.0,0.0,1.0,1.0,0.0,0.0,10000.0,10000.0,10000.0,10000.0,
p_error,0.05000000447034836,3.725476371840841e-09,0.05000000074505806,0.05000000074505806,3.7254763718408414e-11,2.6343864464297942e-11,10000.0,10000.0,10000.0,10000.0,
v,0.00034375313392915707,2.2517196021432892e-05,0.00030103575689048367,0.0003863937343720843,6.510232162945871e-07,4.6203069180627693e-07,1196.2877744410766,1188.1472145024438,1210.4230150976691,1612.1450210795476,1.0033759389927177
s,0.005463040039785937,0.0002874077319487473,0.004951657372015407,0.006030367589128736,6.837127012431501e-06,4.8491260476541254e-06,1767.0530964605741,1757.050182783318,1782.2841483419309,1926.7394887400817,1.0009871193538324
tau,4.783731100493777,2.521437087285173,1.45813376708535,9.305359808341663,0.0746587000443011,0.05280517843522927,1140.6054057119716,1140.6054057119716,1067.9357303956021,1291.1066117017872,1.000412696821151
gamma,1.0,0.0,1.0,1.0,0.0,0.0,10000.0,10000.0,10000.0,10000.0,
zeta,0.0,0.0,0.0,0.0,0.0,0.0,10000.0,10000.0,10000.0,10000.0,
