,mean,sd,hdi_3%,hdi_97%,mcse_mean,mcse_sd,ess_mean,ess_sd,ess_bulk,ess_tail,r_hat
b,1.0,0.0,1.0,1.0,0.0,0.0,10000.0,10000.0,10000.0,10000.0,
p_error,0.05000000447034836,3.725476371840841e-09,0.05000000074505806,0.05000000074505806,3.7254763718408414e-11,2.6343864464297942e-11,10000.0,10000.0,10000.0,10000.0,
v,0.0001348590571590037,1.336199222728448e-05,0.00010911444036611373,0.00015930013977957905,4.953167454391167e-07,3.5038229681353704e-07,727.7402711637083,727.7402711637083,729.2174312601858,1490.775356504055,1.0014333807471705
s,0.004150122322283641,0.00023457990603974456,0.003686856622004616,0.004551616924033341,8.267726128009365e-06,5.848284628244478e-06,805.025156482074,805.025156482074,805.2002509076791,1206.209093414636,1.002311755820391
tau,2.9567967760676197,2.042276702914057,1.1173793868552897,7.933072493253862,0.08453648181234663,0.0598062177582275,583.634326539656,583.634326539656,548.039559406355,833.2410794229739,1.001249866218028
gamma,1.0,0.0,1.0,1.0,0.0,0.0,10000.0,10000.0,10000.0,10000.0,
zeta,0.0,0.0,0.0,0.0,0.0,0.0,10000.0,10000.0,10000.0,10000.0,
