,mean,sd,hdi_3%,hdi_97%,mcse_mean,mcse_sd,ess_mean,ess_sd,ess_bulk,ess_tail,r_hat
b,1.0,0.0,1.0,1.0,0.0,0.0,10000.0,10000.0,10000.0,10000.0,
p_error,0.05000000447034836,3.725476371840841e-09,0.05000000074505806,0.05000000074505806,3.7254763718408414e-11,2.6343864464297942e-11,10000.0,10000.0,10000.0,10000.0,
v,0.0001689499384889019,1.5800616625568376e-05,0.00014065228206606753,0.00019816303355043165,5.953199809698254e-07,4.211292096605342e-07,704.4451009954905,704.4451009954905,707.8080796725955,1124.602958010855,1.0006531663696356
s,0.004418495703879416,0.0003107295761346958,0.003812606537856968,0.004966048620176661,1.3824055452787998e-05,9.802770804704753e-06,505.23595653686004,502.96936062921895,506.8056251721182,878.8748571157134,1.0009910723259483
tau,0.911722633352415,0.2844045967253096,0.4916272836054885,1.3360598905552912,0.010211066910207997,0.007223031033917228,775.7664239068716,775.7664239068716,841.373931093488,1654.740296419726,1.0014713880525488
gamma,1.0,0.0,1.0,1.0,0.0,0.0,10000.0,10000.0,10000.0,10000.0,
zeta,0.0,0.0,0.0,0.0,0.0,0.0,10000.0,10000.0,10000.0,10000.0,
