,mean,sd,hdi_3%,hdi_97%,mcse_mean,mcse_sd,ess_mean,ess_sd,ess_bulk,ess_tail,r_hat
b,1.0,0.0,1.0,1.0,0.0,0.0,10000.0,10000.0,10000.0,10000.0,
p_error,0.05000000447034836,3.725476371840841e-09,0.05000000074505806,0.05000000074505806,3.7254763718408414e-11,2.6343864464297942e-11,10000.0,10000.0,10000.0,10000.0,
v,8.524094421612734e-05,8.895223307892533e-06,6.917101033030368e-05,0.00010178891940097798,2.974841708013079e-07,2.104217324710867e-07,894.0997775710582,894.0997775710582,900.4340419533286,1459.0978112803307,1.001786224682871
s,0.003426351344942718,0.00018027839643394895,0.00310437563270409,0.0037755702392820636,6.443311212929864e-06,4.5578076383705e-06,782.8330562756099,782.8330562756099,788.8617881297749,1332.1472022048972,1.001042834427628
tau,0.7830848946706245,0.20961726199050784,0.4039493291595265,1.144613744117418,0.006289049798549755,0.004448197825278562,1110.9231596167947,1110.9231596167947,1081.0526783398457,1620.4360163999395,1.0011088828267005
gamma,1.0,0.0,1.0,1.0,0.0,0.0,10000.0,10000.0,10000.0,10000.0,
zeta,0.0,0.0,0.0,0.0,0.0,0.0,10000.0,10000.0,10000.0,10000.0,
