,mean,sd,hdi_3%,hdi_97%,mcse_mean,mcse_sd,ess_mean,ess_sd,ess_bulk,ess_tail,r_hat
b,1.0,0.0,1.0,1.0,0.0,0.0,10000.0,10000.0,10000.0,10000.0,
p_error,0.05000000447034836,3.725476371840841e-09,0.05000000074505806,0.05000000074505806,3.7254763718408414e-11,2.6343864464297942e-11,10000.0,10000.0,10000.0,10000.0,
v,0.00015700706930889103,1.4993739759177225e-05,0.00012862920255183574,0.00018374057192398693,3.5229364708332563e-07,2.495333101882025e-07,1811.3831110075755,1805.814782049603,1809.706074224128,1890.8083638359835,1.0009777627795868
s,0.00429697652322738,0.00024455269670656477,0.0038478799845693312,0.0047493481573530495,6.804876159881143e-06,4.825584479399855e-06,1291.529886532564,1284.7313337166256,1303.0826323336278,1551.2067751570103,1.0048068024425605
tau,1.2068467583149096,0.22620796670986165,0.827569989069083,1.6198328698277729,0.005858948497707329,0.004143713099228294,1490.6525635427422,1490.6525635427422,1463.031440827433,1606.734987248298,1.0008395209458971
gamma,1.0,0.0,1.0,1.0,0.0,0.0,10000.0,10000.0,10000.0,10000.0,
zeta,0.0,0.0,0.0,0.0,0.0,0.0,10000.0,10000.0,10000.0,10000.0,
