,mean,sd,hdi_3%,hdi_97%,mcse_mean,mcse_sd,ess_mean,ess_sd,ess_bulk,ess_tail,r_hat
b,1.0,0.0,1.0,1.0,0.0,0.0,10000.0,10000.0,10000.0,10000.0,
p_error,0.05000000447034836,3.725476371840841e-09,0.05000000074505806,0.05000000074505806,3.7254763718408414e-11,2.6343864464297942e-11,10000.0,10000.0,10000.0,10000.0,
v,0.0001411804266279991,1.606638563045095e-05,0.00011137024581554652,0.00016949081669712747,4.485817073878077e-07,3.17267315909238e-07,1282.7831730690887,1282.7831730690887,1268.754490065317,1657.531095399118,1.001690830364913
s,0.005146956430848296,0.00040139074961266974,0.004447060224882627,0.005901033146587878,1.2283632391270214e-05,8.68821342857108e-06,1067.778316276595,1067.778316276595,1067.1930265859064,1402.3575478112618,1.0012484355074138
tau,3.5174885653239953,2.379793440302157,1.046836630572103,8.615336251799336,0.0854009652158031,0.0604102981666257,776.5205756469778,776.5205756469778,716.8481010951554,1227.2334650366836,1.0003243763531469
gamma,1.0,0.0,1.0,1.0,0.0,0.0,10000.0,10000.0,10000.0,10000.0,
zeta,0.0,0.0,0.0,0.0,0.0,0.0,10000.0,10000.0,10000.0,10000.0,
