,mean,sd,hdi_3%,hdi_97%,mcse_mean,mcse_sd,ess_mean,ess_sd,ess_bulk,ess_tail,r_hat
b,1.0,0.0,1.0,1.0,0.0,0.0,10000.0,10000.0,10000.0,10000.0,
p_error,0.05000000447034836,3.725476371840841e-09,0.05000000074505806,0.05000000074505806,3.7254763718408414e-11,2.6343864464297942e-11,10000.0,10000.0,10000.0,10000.0,
v,0.00016894434030170283,2.144735918814493e-05,0.0001295561400833185,0.00020766954106575986,7.399359263166633e-07,5.264214098749073e-07,840.1550105893583,830.5307712086299,861.8085745454035,1558.8309748872236,1.0008315494917952
s,0.006512717426510701,0.0003889461585917254,0.005711037924978776,0.007182352449383277,1.0831156223158374e-05,7.660516957560922e-06,1289.5237144657037,1289.5237144657037,1285.338860200295,1666.7287884683883,1.0008648518141778
tau,3.2124430385218976,2.4261567829039765,0.8881879634939438,8.63580615887073,0.08776386043054817,0.06208212169744264,764.1986894077472,764.1986894077472,703.5818337038706,1213.4849076715432,1.0019137883486233
gamma,1.0,0.0,1.0,1.0,0.0,0.0,10000.0,10000.0,10000.0,10000.0,
zeta,0.0,0.0,0.0,0.0,0.0,0.0,10000.0,10000.0,10000.0,10000.0,
