,mean,sd,hdi_3%,hdi_97%,mcse_mean,mcse_sd,ess_mean,ess_sd,ess_bulk,ess_tail,r_hat
b,1.0,0.0,1.0,1.0,0.0,0.0,10000.0,10000.0,10000.0,10000.0,
p_error,0.05000000447034836,3.725476371840841e-09,0.05000000074505806,0.05000000074505806,3.7254763718408414e-11,2.6343864464297942e-11,10000.0,10000.0,10000.0,10000.0,
v,0.0005913339086394429,4.654256773797133e-05,0.0005024727921961039,0.0006747726742380303,1.3727843499625948e-06,9.709515372633497e-07,1149.465762331779,1149.465762331779,1148.6227039238765,1629.4866850184094,1.0031343226746037
s,0.008310046002875073,0.0005602568909567731,0.007290801106936579,0.009429868390694348,1.8560046212572863e-05,1.3169093178265056e-05,911.2054472999529,905.5502347924183,918.3158404294122,1222.7892799567353,1.0051006159434352
tau,0.7641623927498055,0.15890198150352097,0.4861222268688512,1.0617169198718168,0.004915727792590884,0.0034769151526491534,1044.9198368418731,1044.9198368418731,1059.216837281715,1497.635817130712,1.003114087441013
gamma,1.0,0.0,1.0,1.0,0.0,0.0,10000.0,10000.0,10000.0,10000.0,
zeta,0.0,0.0,0.0,0.0,0.0,0.0,10000.0,10000.0,10000.0,10000.0,
