,mean,sd,hdi_3%,hdi_97%,mcse_mean,mcse_sd,ess_mean,ess_sd,ess_bulk,ess_tail,r_hat
b,1.0,0.0,1.0,1.0,0.0,0.0,10000.0,10000.0,10000.0,10000.0,
p_error,0.05000000447034836,3.725476371840841e-09,0.05000000074505806,0.05000000074505806,3.7254763718408414e-11,2.6343864464297942e-11,10000.0,10000.0,10000.0,10000.0,
v,0.0005252658873459296,3.515085178599491e-05,0.000460011944905887,0.0005898158682191762,8.987433384517934e-07,6.35628721936393e-07,1529.6791181312717,1529.6791181312717,1522.3049706945596,1797.0880909694713,1.0009592128942615
s,0.008322970209356883,0.0004205604438032158,0.007570671283495539,0.009175031483537183,1.040433946748669e-05,7.358292673785383e-06,1633.9088203074728,1633.9088203074728,1634.1151556345196,1621.5871098517953,1.0011783149315583
tau,4.647035096653466,2.525676369670038,1.503468874243371,9.403170586085935,0.07459466980588975,0.05275982228870815,1146.4095895026894,1146.4095895026894,1154.2070487743454,1776.3558030398128,1.0011374433630345
gamma,1.0,0.0,1.0,1.0,0.0,0.0,10000.0,10000.0,10000.0,10000.0,
zeta,0.0,0.0,0.0,0.0,0.0,0.0,10000.0,10000.0,10000.0,10000.0,
