,mean,sd,hdi_3%,hdi_97%,mcse_mean,mcse_sd,ess_mean,ess_sd,ess_bulk,ess_tail,r_hat
b,1.0,0.0,1.0,1.0,0.0,0.0,10000.0,10000.0,10000.0,10000.0,
p_error,0.05000000447034836,3.725476371840841e-09,0.05000000074505806,0.05000000074505806,3.7254763718408414e-11,2.6343864464297942e-11,10000.0,10000.0,10000.0,10000.0,
v,0.00039152769032288373,3.41910441508127e-05,0.00032834926956377687,0.0004531588774387809,1.0756294041907892e-06,7.68211643970682e-07,1010.4140947854308,991.0342908140465,1036.6224821956077,1233.256442362793,1.0040614510233161
s,0.006162923042630779,0.0003005369701822422,0.005626401509833341,0.006731847563511029,7.86540422000275e-06,5.564228059288637e-06,1460.0028848820702,1459.2497198869532,1469.5131670251874,1705.5429316944108,1.0018388783980008
tau,4.511824737246839,2.507398141085626,1.34549665149617,9.196520274125929,0.08065288740393103,0.05704742262078702,966.5109068113996,966.5109068113996,792.7093798616011,1190.7066638481233,1.0032189842351162
gamma,1.0,0.0,1.0,1.0,0.0,0.0,10000.0,10000.0,10000.0,10000.0,
zeta,0.0,0.0,0.0,0.0,0.0,0.0,10000.0,10000.0,10000.0,10000.0,
