,mean,sd,hdi_3%,hdi_97%,mcse_mean,mcse_sd,ess_mean,ess_sd,ess_bulk,ess_tail,r_hat
b,1.0,0.0,1.0,1.0,0.0,0.0,10000.0,10000.0,10000.0,10000.0,
p_error,0.05000000447034836,3.725476371840841e-09,0.05000000074505806,0.05000000074505806,3.7254763718408414e-11,2.6343864464297942e-11,10000.0,10000.0,10000.0,10000.0,
v,0.0005207035068435625,4.29270143622286e-05,0.0004398297739379311,0.0006009089486634153,1.5404996683623687e-06,1.105160831025821e-06,776.4940801360369,754.9464212720014,789.9308285844701,897.3404652518817,1.0053726156392877
s,0.008356902142827577,0.0005521921135215294,0.007328845045939443,0.009369911699822483,1.602536495923732e-05,1.1334429052828691e-05,1187.3111374470807,1187.3111374470807,1188.9297456736756,1467.2416705745418,1.00252613040231
tau,4.763111120975221,2.551464613901702,1.302288937440136,9.293795767435128,0.07400445123656191,0.052341894715751396,1188.6757803197352,1188.6757803197352,986.5984484537728,714.7614255249994,1.0045623539571016
gamma,1.0,0.0,1.0,1.0,0.0,0.0,10000.0,10000.0,10000.0,10000.0,
zeta,0.0,0.0,0.0,0.0,0.0,0.0,10000.0,10000.0,10000.0,10000.0,
