,mean,sd,hdi_3%,hdi_97%,mcse_mean,mcse_sd,ess_mean,ess_sd,ess_bulk,ess_tail,r_hat
b,1.0,0.0,1.0,1.0,0.0,0.0,10000.0,10000.0,10000.0,10000.0,
p_error,0.05000000447034836,3.725476371840841e-09,0.05000000074505806,0.05000000074505806,3.7254763718408414e-11,2.6343864464297942e-11,10000.0,10000.0,10000.0,10000.0,
v,0.0001461570187779165,8.073086039284945e-06,0.00013136499773004325,0.0001613835364017885,2.0011785267518009e-07,1.415300584654623e-07,1627.4493971892348,1627.4493971892348,1643.0765064583527,2003.0366431782143,1.0014216117295782
s,0.0035114435585562364,0.00017389949034617662,0.0031777553157737617,0.003829418769551105,4.258382550867919e-06,3.0129002971037273e-06,1667.6590752250747,1666.2845677476093,1667.894869124485,1909.6809597929725,1.002134872318023
tau,6.700001476695577,1.9213208743876,3.7441028056295833,9.994666556094918,0.04255464022336954,0.03072387979688732,2038.477659254458,1955.9026736677395,2037.9283985355926,2231.5607436022415,1.0030167106724834
gamma,1.0,0.0,1.0,1.0,0.0,0.0,10000.0,10000.0,10000.0,10000.0,
zeta,0.0,0.0,0.0,0.0,0.0,0.0,10000.0,10000.0,10000.0,10000.0,
