,mean,sd,hdi_3%,hdi_97%,mcse_mean,mcse_sd,ess_mean,ess_sd,ess_bulk,ess_tail,r_hat
b,1.0,0.0,1.0,1.0,0.0,0.0,10000.0,10000.0,10000.0,10000.0,
p_error,0.05000000447034836,3.725476371840841e-09,0.05000000074505806,0.05000000074505806,3.7254763718408414e-11,2.6343864464297942e-11,10000.0,10000.0,10000.0,10000.0,
v,0.0006731187854410806,7.102807785279112e-05,0.0005407462133419557,0.0008052098236766826,1.8068249623662688e-06,1.2778593957064154e-06,1545.353927185201,1545.353927185201,1531.9416827383457,1459.1522656485654,1.0012732994124451
s,0.009344789569232384,0.0005055074706064429,0.008442842791485695,0.010352654835049092,1.1832339969986156e-05,8.3680651850328e-06,1825.2143621217538,1825.2143621217538,1823.0609788794648,2044.6910353059466,1.0021047124918967
tau,0.8522218014890077,0.2547855697677094,0.48741037544091437,1.251881496624099,0.007940579400725943,0.005832697336154173,1029.5448466460027,954.6545489483577,1610.0225459672104,1673.6762989684069,1.0005087446180425
gamma,1.0,0.0,1.0,1.0,0.0,0.0,10000.0,10000.0,10000.0,10000.0,
zeta,0.0,0.0,0.0,0.0,0.0,0.0,10000.0,10000.0,10000.0,10000.0,
