,mean,sd,hdi_3%,hdi_97%,mcse_mean,mcse_sd,ess_mean,ess_sd,ess_bulk,ess_tail,r_hat
b,1.0,0.0,1.0,1.0,0.0,0.0,10000.0,10000.0,10000.0,10000.0,
p_error,0.05000000447034836,3.725476371840841e-09,0.05000000074505806,0.05000000074505806,3.7254763718408414e-11,2.6343864464297942e-11,10000.0,10000.0,10000.0,10000.0,
v,0.0004525515182226102,6.843926886211755e-05,0.00032972492582899473,0.0005714390783832565,1.7370345367218385e-06,1.2513336177818862e-06,1552.3649046178327,1496.2489472162588,1667.6854865412477,1536.346042356789,1.0010479312788505
s,0.007720508484140888,0.00046538067073280826,0.00684292838610629,0.00859609960564059,1.2084042180881763e-05,8.59311752140773e-06,1483.1743878873926,1467.0938816047528,1514.343455364158,1572.3276636487583,1.001388494394588
tau,5.357466292563883,2.5870299688037175,1.4433856877910614,9.726606658135449,0.06147680640241249,0.04371083059945914,1770.8440724401175,1752.0215043606718,1705.9211145178467,1922.6839588480432,1.0045072759039448
gamma,1.0,0.0,1.0,1.0,0.0,0.0,10000.0,10000.0,10000.0,10000.0,
zeta,0.0,0.0,0.0,0.0,0.0,0.0,10000.0,10000.0,10000.0,10000.0,
