,Unnamed: 0,mean,sd,hdi_3%,hdi_97%,mcse_mean,mcse_sd,ess_mean,ess_sd,ess_bulk,ess_tail,r_hat
0,b,1.0,0.0,1.0,1.0,0.0,0.0,10000.0,10000.0,10000.0,10000.0,
1,p_error,0.050000004470348365,3.725476371840841e-09,0.05000000074505806,0.05000000074505806,3.7254763718408414e-11,2.6343864464297942e-11,10000.0,10000.0,10000.0,10000.0,
2,v,0.00021899735071232755,2.456726174115021e-05,0.00017769400697787682,0.00026913547168161677,5.809484471111518e-07,4.1342217385316827e-07,1788.291512755282,1766.198221427513,1804.5438089594024,1766.2631922110877,1.0012853637029318
3,s,0.0067227389245542845,0.0003060706424460533,0.006181583108291904,0.007322036367948781,7.228462837108598e-06,5.112126828064724e-06,1792.8809185684656,1792.8809185684656,1774.7571160108275,1786.3662060386948,1.0015597255166315
4,tau,5.920354528500602,2.2748436237907312,2.502765575039668,9.91666962138295,0.053022163995880736,0.037974851998873495,1840.7219816631025,1794.8249476268586,1818.4058509219915,1927.7358585315176,1.000874906346888
5,gamma,1.0,0.0,1.0,1.0,0.0,0.0,10000.0,10000.0,10000.0,10000.0,
6,zeta,0.0,0.0,0.0,0.0,0.0,0.0,10000.0,10000.0,10000.0,10000.0,
