,Unnamed: 0,mean,sd,hdi_3%,hdi_97%,mcse_mean,mcse_sd,ess_mean,ess_sd,ess_bulk,ess_tail,r_hat
0,b,1.0,0.0,1.0,1.0,0.0,0.0,10000.0,10000.0,10000.0,10000.0,
1,p_error,0.050000004470348365,3.725476371840841e-09,0.05000000074505806,0.05000000074505806,3.7254763718408414e-11,2.6343864464297942e-11,10000.0,10000.0,10000.0,10000.0,
2,v,0.0003915276903228837,3.4191044150812704e-05,0.0003283492695637769,0.00045315887743878087,1.0756294041907892e-06,7.682116439706821e-07,1010.4140947854307,991.0342908140464,1036.6224821956075,1233.256442362793,1.004061451023316
3,s,0.006162923042630779,0.00030053697018224217,0.005626401509833341,0.006731847563511029,7.86540422000275e-06,5.564228059288637e-06,1460.0028848820702,1459.249719886953,1469.5131670251874,1705.5429316944108,1.0018388783980008
4,tau,4.5118247372468385,2.507398141085626,1.34549665149617,9.196520274125927,0.08065288740393102,0.057047422620787026,966.5109068113996,966.5109068113996,792.7093798616011,1190.7066638481233,1.0032189842351162
5,gamma,1.0,0.0,1.0,1.0,0.0,0.0,10000.0,10000.0,10000.0,10000.0,
6,zeta,0.0,0.0,0.0,0.0,0.0,0.0,10000.0,10000.0,10000.0,10000.0,
