,Unnamed: 0,mean,sd,hdi_3%,hdi_97%,mcse_mean,mcse_sd,ess_mean,ess_sd,ess_bulk,ess_tail,r_hat
0,b,1.0,0.0,1.0,1.0,0.0,0.0,10000.0,10000.0,10000.0,10000.0,
1,p_error,0.050000004470348365,3.725476371840841e-09,0.05000000074505806,0.05000000074505806,3.7254763718408414e-11,2.6343864464297942e-11,10000.0,10000.0,10000.0,10000.0,
2,v,0.0003513452516350627,1.910472299891416e-05,0.0003087097843961161,0.0003804785297056872,1.3313322884875849e-06,9.427306838267508e-07,205.92475617970848,205.92475617970848,262.8483878238013,403.7988400859597,1.002089352974977
3,s,0.003230212402163848,0.0004086497109271,0.002675764663312872,0.004120594186794727,3.559504881466235e-05,2.5320759351962194e-05,131.80236598853912,130.81597015570082,218.73996006848003,359.019070142208,1.0040243691835238
4,tau,0.31030962129042483,0.07399980265716492,0.1832975831221036,0.442879730879511,0.0038465381267102365,0.002867610722531713,370.10166603790464,333.5424204874015,493.239127799394,563.6689711808796,1.0046755480871463
5,gamma,1.0,0.0,1.0,1.0,0.0,0.0,10000.0,10000.0,10000.0,10000.0,
6,zeta,0.0,0.0,0.0,0.0,0.0,0.0,10000.0,10000.0,10000.0,10000.0,
