,Unnamed: 0,mean,sd,hdi_3%,hdi_97%,mcse_mean,mcse_sd,ess_mean,ess_sd,ess_bulk,ess_tail,r_hat
0,b,1.0,0.0,1.0,1.0,0.0,0.0,10000.0,10000.0,10000.0,10000.0,
1,p_error,0.050000004470348365,3.725476371840841e-09,0.05000000074505806,0.05000000074505806,3.7254763718408414e-11,2.6343864464297942e-11,10000.0,10000.0,10000.0,10000.0,
2,v,0.0004422744148808507,4.520433450807967e-05,0.00036069192024154346,0.0005307955069135546,1.058924315191227e-06,7.48892437889344e-07,1822.343820687599,1822.343820687599,1813.4990118973105,2017.4787615541165,1.0019568726470571
3,s,0.006929043891571554,0.0003719763283589406,0.006246569214006218,0.007640227746003609,8.876420527093155e-06,6.277619891083982e-06,1756.1227478579458,1756.1227478579458,1752.064957623804,2068.7099971816306,1.0015579250856688
4,tau,6.259092712303215,2.1983328315528463,2.8082993836973484,9.905951470576488,0.05473246215441047,0.0388611591509647,1613.232345933671,1600.6032957067373,1615.5345174724791,1997.9648520178546,1.0005880212522027
5,gamma,1.0,0.0,1.0,1.0,0.0,0.0,10000.0,10000.0,10000.0,10000.0,
6,zeta,0.0,0.0,0.0,0.0,0.0,0.0,10000.0,10000.0,10000.0,10000.0,
