,Unnamed: 0,mean,sd,hdi_3%,hdi_97%,mcse_mean,mcse_sd,ess_mean,ess_sd,ess_bulk,ess_tail,r_hat
0,b,1.0,0.0,1.0,1.0,0.0,0.0,10000.0,10000.0,10000.0,10000.0,
1,p_error,0.050000004470348365,3.725476371840841e-09,0.05000000074505806,0.05000000074505806,3.7254763718408414e-11,2.6343864464297942e-11,10000.0,10000.0,10000.0,10000.0,
2,v,0.0005252658873459296,3.515085178599491e-05,0.000460011944905887,0.0005898158682191763,8.987433384517934e-07,6.35628721936393e-07,1529.6791181312713,1529.6791181312713,1522.3049706945596,1797.088090969471,1.0009592128942617
3,s,0.008322970209356883,0.0004205604438032158,0.007570671283495539,0.009175031483537184,1.040433946748669e-05,7.358292673785382e-06,1633.9088203074728,1633.9088203074728,1634.1151556345194,1621.5871098517953,1.0011783149315585
4,tau,4.6470350966534655,2.5256763696700384,1.5034688742433708,9.403170586085936,0.07459466980588975,0.05275982228870815,1146.4095895026894,1146.4095895026894,1154.2070487743456,1776.3558030398126,1.0011374433630345
5,gamma,1.0,0.0,1.0,1.0,0.0,0.0,10000.0,10000.0,10000.0,10000.0,
6,zeta,0.0,0.0,0.0,0.0,0.0,0.0,10000.0,10000.0,10000.0,10000.0,
