,Unnamed: 0,mean,sd,hdi_3%,hdi_97%,mcse_mean,mcse_sd,ess_mean,ess_sd,ess_bulk,ess_tail,r_hat
0,b,1.0,0.0,1.0,1.0,0.0,0.0,10000.0,10000.0,10000.0,10000.0,
1,p_error,0.050000004470348365,3.725476371840841e-09,0.05000000074505806,0.05000000074505806,3.7254763718408414e-11,2.6343864464297942e-11,10000.0,10000.0,10000.0,10000.0,
2,v,0.0001283626306053229,2.4639897032325087e-05,8.316164334029736e-05,0.0001745402203523347,1.0670670736397786e-06,7.616956587726881e-07,533.2051543462069,523.8039832500264,535.5162487493524,1150.5790535206393,1.0086408252637296
3,s,0.005723632326333097,0.0003764678059417135,0.005023702777834836,0.006394933193358249,1.6169789538087575e-05,1.1439925662423821e-05,542.0594890129962,542.0594890129962,544.09879083249,1024.4687312630736,1.0028803756373073
4,tau,1.5497492014278944,1.561033150593207,0.2674948229978911,4.486565801416374,0.06821346638635953,0.048261093384210266,523.7017352418109,523.7017352418109,512.5866939174732,722.8792144418708,1.0057831517164095
5,gamma,1.0,0.0,1.0,1.0,0.0,0.0,10000.0,10000.0,10000.0,10000.0,
6,zeta,0.0,0.0,0.0,0.0,0.0,0.0,10000.0,10000.0,10000.0,10000.0,
