,Unnamed: 0,mean,sd,hdi_3%,hdi_97%,mcse_mean,mcse_sd,ess_mean,ess_sd,ess_bulk,ess_tail,r_hat
0,b,1.0,0.0,1.0,1.0,0.0,0.0,10000.0,10000.0,10000.0,10000.0,
1,p_error,0.050000004470348365,3.725476371840841e-09,0.05000000074505806,0.05000000074505806,3.7254763718408414e-11,2.6343864464297942e-11,10000.0,10000.0,10000.0,10000.0,
2,v,0.00024844803585537424,1.8393853571654626e-05,0.00021589370021315324,0.000284481261892417,4.960561428180692e-07,3.508390972100502e-07,1374.940123457566,1374.940123457566,1381.5534505844446,1681.203288004878,1.000823312704595
3,s,0.004763202760188936,0.00022629310100104677,0.004303444930453847,0.005147271626818988,7.041492201368459e-06,4.980493684964972e-06,1032.7928493339716,1032.7928493339716,1030.0651767167558,1341.7493150370626,1.0009122754263855
4,tau,0.8756307100843141,0.16257609887529728,0.6074608757573229,1.1829854137333378,0.004521734549076581,0.0031980708356901732,1292.7164335547411,1292.7164335547411,1299.7480225313473,1610.5801220394067,1.0010237472860362
5,gamma,1.0,0.0,1.0,1.0,0.0,0.0,10000.0,10000.0,10000.0,10000.0,
6,zeta,0.0,0.0,0.0,0.0,0.0,0.0,10000.0,10000.0,10000.0,10000.0,
