,Unnamed: 0,mean,sd,hdi_3%,hdi_97%,mcse_mean,mcse_sd,ess_mean,ess_sd,ess_bulk,ess_tail,r_hat
0,b,1.0,0.0,1.0,1.0,0.0,0.0,10000.0,10000.0,10000.0,10000.0,
1,p_error,0.050000004470348365,3.725476371840841e-09,0.05000000074505806,0.05000000074505806,3.7254763718408414e-11,2.6343864464297942e-11,10000.0,10000.0,10000.0,10000.0,
2,v,0.00016664581491448915,1.256813630763838e-05,0.0001433454267599035,0.00019045018109601472,3.7221570025672055e-07,2.684909170454449e-07,1140.1247893195275,1096.1847491874043,1206.7294960934441,1299.190990450972,1.0028538054157938
3,s,0.00455758941938228,0.00022567429703714917,0.004137168702928015,0.004986540615591462,5.6938458085048864e-06,4.0269047423778495e-06,1570.9153827902235,1570.9153827902235,1578.3313839659168,1715.05176133064,1.0034333445811308
4,tau,5.329455219121423,2.468837299642053,1.659712984779309,9.417111602784633,0.07204342825125422,0.05095505433068601,1174.34633968632,1174.34633968632,1114.777871187152,1194.5283497572802,1.0011641320626552
5,gamma,1.0,0.0,1.0,1.0,0.0,0.0,10000.0,10000.0,10000.0,10000.0,
6,zeta,0.0,0.0,0.0,0.0,0.0,0.0,10000.0,10000.0,10000.0,10000.0,
