,Unnamed: 0,mean,sd,hdi_3%,hdi_97%,mcse_mean,mcse_sd,ess_mean,ess_sd,ess_bulk,ess_tail,r_hat
0,b,1.0,0.0,1.0,1.0,0.0,0.0,10000.0,10000.0,10000.0,10000.0,
1,p_error,0.050000004470348365,3.725476371840841e-09,0.05000000074505806,0.05000000074505806,3.7254763718408414e-11,2.6343864464297942e-11,10000.0,10000.0,10000.0,10000.0,
2,v,0.00026186946186721697,2.0792934315791127e-05,0.00022404348698628598,0.0003010978733408648,6.296656070632524e-07,4.475530359511652e-07,1090.4647180344555,1079.8097459778999,1090.5134789864928,1537.8669746708472,1.000042420532726
3,s,0.005222187911551598,0.0003116566178422621,0.004691012644234397,0.00584639438960595,1.0024806900854075e-05,7.090749219277161e-06,966.4973659283064,966.4973659283064,966.106274045332,1521.7085802248016,1.00063160252506
4,tau,5.881011152035938,2.358568755637787,2.1421830309593117,9.851564793877571,0.058199912839511536,0.04116086397201177,1642.2997003396488,1642.2997003396488,1557.9422839485462,1577.2521674526965,1.000100122047442
5,gamma,1.0,0.0,1.0,1.0,0.0,0.0,10000.0,10000.0,10000.0,10000.0,
6,zeta,0.0,0.0,0.0,0.0,0.0,0.0,10000.0,10000.0,10000.0,10000.0,
