,Unnamed: 0,mean,sd,hdi_3%,hdi_97%,mcse_mean,mcse_sd,ess_mean,ess_sd,ess_bulk,ess_tail,r_hat
0,b,1.0,0.0,1.0,1.0,0.0,0.0,10000.0,10000.0,10000.0,10000.0,
1,p_error,0.050000004470348365,3.725476371840841e-09,0.05000000074505806,0.05000000074505806,3.7254763718408414e-11,2.6343864464297942e-11,10000.0,10000.0,10000.0,10000.0,
2,v,0.0006437038254060832,5.8273455851142115e-05,0.0005383140414603777,0.0007570590398375521,1.4683731467321312e-06,1.0387778576047882e-06,1574.956928372572,1574.0813197206528,1575.4512575373499,1829.373599251835,1.0037132039442271
3,s,0.00810858360831972,0.00045344949179794647,0.00727928420884367,0.008989087188004723,1.2995121025519047e-05,9.191140274785273e-06,1217.5790922982394,1217.5790922982394,1221.4539068209333,1483.6445360508478,1.0034775975327954
4,tau,0.8251500576012061,0.17122363327542414,0.5389251758627396,1.152160345284752,0.005235864713844685,0.003703325654077168,1069.4256182848537,1069.4256182848537,1079.1520848791388,1555.7999926552093,1.0047845454242037
5,gamma,1.0,0.0,1.0,1.0,0.0,0.0,10000.0,10000.0,10000.0,10000.0,
6,zeta,0.0,0.0,0.0,0.0,0.0,0.0,10000.0,10000.0,10000.0,10000.0,
