,Unnamed: 0,mean,sd,hdi_3%,hdi_97%,mcse_mean,mcse_sd,ess_mean,ess_sd,ess_bulk,ess_tail,r_hat
0,b,1.0,0.0,1.0,1.0,0.0,0.0,10000.0,10000.0,10000.0,10000.0,
1,p_error,0.050000004470348365,3.725476371840841e-09,0.05000000074505806,0.05000000074505806,3.7254763718408414e-11,2.6343864464297942e-11,10000.0,10000.0,10000.0,10000.0,
2,v,0.00025000885053805044,1.5024981190218435e-05,0.00022218122685768022,0.00027694086505747654,5.366360243341938e-07,3.7960024473331816e-07,783.91365054582,783.91365054582,781.9836194612441,1166.4969419920685,1.0039866350699742
3,s,0.0040917948964264254,0.0002581590125091933,0.0036267269886731133,0.004589604728672381,1.0438581329483856e-05,7.404465206430272e-06,611.6340063419905,608.3784886711566,614.7132708526112,978.3237009104973,1.0048434862767497
4,tau,1.0186872897205868,0.27655606805954985,0.5740874132473114,1.5177262816244308,0.008280617763205217,0.0058568127201712936,1115.4263717662525,1115.4263717662525,1179.9347487081411,1875.989497415241,1.0004036538211136
5,gamma,1.0,0.0,1.0,1.0,0.0,0.0,10000.0,10000.0,10000.0,10000.0,
6,zeta,0.0,0.0,0.0,0.0,0.0,0.0,10000.0,10000.0,10000.0,10000.0,
