,Unnamed: 0,mean,sd,hdi_3%,hdi_97%,mcse_mean,mcse_sd,ess_mean,ess_sd,ess_bulk,ess_tail,r_hat
0,b,1.0,0.0,1.0,1.0,0.0,0.0,10000.0,10000.0,10000.0,10000.0,
1,p_error,0.050000004470348365,3.725476371840841e-09,0.05000000074505806,0.05000000074505806,3.7254763718408414e-11,2.6343864464297942e-11,10000.0,10000.0,10000.0,10000.0,
2,v,0.0002315729890635588,2.280248556870331e-05,0.00018911017448626862,0.00027117010022131084,9.606052904816827e-07,6.828180585597441e-07,563.4747126485897,558.1854774422949,571.628982356743,1370.8222815707875,1.0091819359232441
3,s,0.0059513473397529324,0.00036630874484346027,0.005293848390141225,0.006687493637374865,1.3364679408220151e-05,9.453926911028335e-06,751.2378871407062,751.2378871407062,750.9085448170591,1496.5760356444805,1.0033004211022585
4,tau,3.5777041900883138,2.512120667122933,0.913348879963492,8.836380451023699,0.10206453301298514,0.07220529879222685,605.8028152635417,605.8028152635417,495.26180299837756,1350.1874589004472,1.011356138119265
5,gamma,1.0,0.0,1.0,1.0,0.0,0.0,10000.0,10000.0,10000.0,10000.0,
6,zeta,0.0,0.0,0.0,0.0,0.0,0.0,10000.0,10000.0,10000.0,10000.0,
