,Unnamed: 0,mean,sd,hdi_3%,hdi_97%,mcse_mean,mcse_sd,ess_mean,ess_sd,ess_bulk,ess_tail,r_hat
0,b,1.0,0.0,1.0,1.0,0.0,0.0,10000.0,10000.0,10000.0,10000.0,
1,p_error,0.050000004470348365,3.725476371840841e-09,0.05000000074505806,0.05000000074505806,3.7254763718408414e-11,2.6343864464297942e-11,10000.0,10000.0,10000.0,10000.0,
2,v,0.00032062873106821334,2.2431852917102538e-05,0.0002770513700679296,0.0003607196159578027,6.98709048545993e-07,4.982809430116386e-07,1030.7125456284036,1013.9153417215331,1043.307614693812,1051.5114186580583,1.0029450795739094
3,s,0.006178932961531835,0.0004301441553854229,0.005335809778380772,0.006910430539407461,1.1974919944139245e-05,8.469461921682217e-06,1290.2765821286828,1290.2765821286828,1292.1537370106405,1768.3496344100618,1.0011483283582956
4,tau,5.11813290514842,2.621848085142396,1.3100778491276888,9.518909485188868,0.0746214851505926,0.05277782980149746,1234.4891346365255,1234.4891346365255,1109.3191498179071,963.1110188923634,1.0008366641509592
5,gamma,1.0,0.0,1.0,1.0,0.0,0.0,10000.0,10000.0,10000.0,10000.0,
6,zeta,0.0,0.0,0.0,0.0,0.0,0.0,10000.0,10000.0,10000.0,10000.0,
