,Unnamed: 0,mean,sd,hdi_3%,hdi_97%,mcse_mean,mcse_sd,ess_mean,ess_sd,ess_bulk,ess_tail,r_hat
0,b,1.0,0.0,1.0,1.0,0.0,0.0,10000.0,10000.0,10000.0,10000.0,
1,p_error,0.050000004470348365,3.725476371840841e-09,0.05000000074505806,0.05000000074505806,3.7254763718408414e-11,2.6343864464297942e-11,10000.0,10000.0,10000.0,10000.0,
2,v,0.00011022137667703584,6.965680439526246e-06,9.70898640293574e-05,0.00012238306532822243,1.7845763289298246e-07,1.262127676652389e-07,1523.550440990314,1523.550440990314,1520.6997875252298,1881.0062282926294,1.0052979810832066
3,s,0.002959804685847774,0.00016249800644249298,0.002647837627323893,0.003255082918434259,4.262088367768893e-06,3.0143564977211007e-06,1453.6209545868742,1453.6209545868742,1448.3909250266336,1502.5205094138244,1.0041941883842311
4,tau,6.1854330280019525,2.1696022687126333,2.75226479081076,9.99494562207441,0.04837277158517685,0.035106139709657036,2011.6772727243774,1910.278756631271,1949.4336074148998,1760.1586633798684,1.0006953512040164
5,gamma,1.0,0.0,1.0,1.0,0.0,0.0,10000.0,10000.0,10000.0,10000.0,
6,zeta,0.0,0.0,0.0,0.0,0.0,0.0,10000.0,10000.0,10000.0,10000.0,
