,Unnamed: 0,mean,sd,hdi_3%,hdi_97%,mcse_mean,mcse_sd,ess_mean,ess_sd,ess_bulk,ess_tail,r_hat
0,b,1.0,0.0,1.0,1.0,0.0,0.0,10000.0,10000.0,10000.0,10000.0,
1,p_error,0.050000004470348365,3.725476371840841e-09,0.05000000074505806,0.05000000074505806,3.7254763718408414e-11,2.6343864464297942e-11,10000.0,10000.0,10000.0,10000.0,
2,v,0.00013277340065926953,9.015639568962977e-06,0.00011614624187414309,0.00014903334365391668,3.616296824792572e-07,2.5691294800658705e-07,621.5340727703652,616.3145055826825,622.0829812593759,1042.3074632851167,1.0037625557299306
3,s,0.003017167522078855,0.00022102834061132765,0.0025859531687551225,0.0034116593016987914,9.94590988613523e-06,7.076570388365884e-06,493.86345042481776,488.35922609589807,496.35831484073367,914.802322404384,1.0082919581969831
4,tau,2.8094717804101097,2.0581412492383118,0.8519777520633832,7.774430665390363,0.10515745613667482,0.07498682664512656,383.06300447946023,377.24421101387907,403.269964830179,530.2519296902409,1.009356114086618
5,gamma,1.0,0.0,1.0,1.0,0.0,0.0,10000.0,10000.0,10000.0,10000.0,
6,zeta,0.0,0.0,0.0,0.0,0.0,0.0,10000.0,10000.0,10000.0,10000.0,
