,Unnamed: 0,mean,sd,hdi_3%,hdi_97%,mcse_mean,mcse_sd,ess_mean,ess_sd,ess_bulk,ess_tail,r_hat
0,b,1.0,0.0,1.0,1.0,0.0,0.0,10000.0,10000.0,10000.0,10000.0,
1,p_error,0.050000004470348365,3.725476371840841e-09,0.05000000074505806,0.05000000074505806,3.7254763718408414e-11,2.6343864464297942e-11,10000.0,10000.0,10000.0,10000.0,
2,v,0.0005214097674665302,4.6521808184970895e-05,0.0004353690033313993,0.0006168953166936767,3.004869163712932e-06,2.228520370058109e-06,239.6966910342753,218.47984528497864,261.00617154620977,191.37920550926466,1.0255041919453514
3,s,0.005717748446705814,0.000833026618681988,0.0038374822106097954,0.00706359295923873,5.395759587904561e-05,3.820056825024929e-05,238.34858394088988,238.34858394088988,257.0738530884631,241.5757523844808,1.0270662894924196
4,tau,2.2957860053128685,2.5658441276553403,0.2872286885751224,8.216859470238937,0.09501756676810373,0.06721445754648782,729.2101925527612,729.2101925527612,678.5352563000014,957.3520330061267,1.0012210331481188
5,gamma,1.0,0.0,1.0,1.0,0.0,0.0,10000.0,10000.0,10000.0,10000.0,
6,zeta,0.0,0.0,0.0,0.0,0.0,0.0,10000.0,10000.0,10000.0,10000.0,
