,Unnamed: 0,mean,sd,hdi_3%,hdi_97%,mcse_mean,mcse_sd,ess_mean,ess_sd,ess_bulk,ess_tail,r_hat
0,b,1.0,0.0,1.0,1.0,0.0,0.0,10000.0,10000.0,10000.0,10000.0,
1,p_error,0.050000004470348365,3.725476371840841e-09,0.05000000074505806,0.05000000074505806,3.7254763718408414e-11,2.6343864464297942e-11,10000.0,10000.0,10000.0,10000.0,
2,v,0.00027771255228880367,3.416773525758762e-05,0.00021549461921033282,0.0003414544967736085,1.2355357696444014e-06,8.739891381484146e-07,764.7539708318579,764.7539708318579,752.0109866053309,1692.865311227205,1.0016660905781465
3,s,0.0068861256390781184,0.00043324193837562016,0.006113238767272902,0.007696299066700446,1.6270005458540834e-05,1.1535428005055833e-05,709.0642398719586,705.866614764616,712.1961060726203,1277.9135517435052,1.0032963813983526
4,tau,1.3020786727274791,1.0617847397515885,0.5186480277682116,2.0583993679165213,0.05310672481234492,0.0375795591613478,399.73660668409724,399.73660668409724,675.8574902195783,463.18789052483817,1.0023686252119095
5,gamma,1.0,0.0,1.0,1.0,0.0,0.0,10000.0,10000.0,10000.0,10000.0,
6,zeta,0.0,0.0,0.0,0.0,0.0,0.0,10000.0,10000.0,10000.0,10000.0,
