,Unnamed: 0,mean,sd,hdi_3%,hdi_97%,mcse_mean,mcse_sd,ess_mean,ess_sd,ess_bulk,ess_tail,r_hat
0,b,1.0,0.0,1.0,1.0,0.0,0.0,10000.0,10000.0,10000.0,10000.0,
1,p_error,0.050000004470348365,3.725476371840841e-09,0.05000000074505806,0.05000000074505806,3.7254763718408414e-11,2.6343864464297942e-11,10000.0,10000.0,10000.0,10000.0,
2,v,0.0001591319576347749,9.562272772772417e-06,0.00014215701096287158,0.00017720828052026938,2.3304070894735175e-07,1.648132200042118e-07,1683.6765794895985,1683.6765794895985,1687.3475100323608,2149.594179056774,1.003176969033846
3,s,0.0038377514797173205,0.00019454424246934492,0.00347982390641228,0.004203575678128197,4.5946128695516785e-06,3.2494106083001373e-06,1792.8291933617918,1792.8291933617918,1791.6656531029505,1752.5580331083584,1.0005883984316175
4,tau,5.579740071347346,2.3612517240108546,2.190073908863416,9.72914746910974,0.06327690152752015,0.044752901301413496,1392.496672662598,1392.496672662598,1349.6658872453993,1476.5560167939277,1.0026592195049262
5,gamma,1.0,0.0,1.0,1.0,0.0,0.0,10000.0,10000.0,10000.0,10000.0,
6,zeta,0.0,0.0,0.0,0.0,0.0,0.0,10000.0,10000.0,10000.0,10000.0,
