,Unnamed: 0,mean,sd,hdi_3%,hdi_97%,mcse_mean,mcse_sd,ess_mean,ess_sd,ess_bulk,ess_tail,r_hat
0,b,1.0,0.0,1.0,1.0,0.0,0.0,10000.0,10000.0,10000.0,10000.0,
1,p_error,0.050000004470348365,3.725476371840841e-09,0.05000000074505806,0.05000000074505806,3.7254763718408414e-11,2.6343864464297942e-11,10000.0,10000.0,10000.0,10000.0,
2,v,0.0004265998599156226,4.883505553412438e-05,0.00034291889842776155,0.0005226568596830999,1.6370700534523531e-06,1.1596910748795886e-06,889.8746673489253,887.22628452565,908.6109495186523,1634.5179044803585,1.0027402044156215
3,s,0.007510095093245225,0.00046159792707630917,0.006702282577346157,0.008409771629834431,1.4605469322189786e-05,1.0330643618764493e-05,998.8417019114577,998.8417019114577,999.0018995466356,1153.882736139854,1.0018711570540613
4,tau,3.780692887340437,2.4396360929111016,1.0317670398459171,8.762479503923549,0.0833743593926351,0.058974669136376064,856.2194313367563,856.2194313367563,660.2461171238833,741.6865170093613,1.0010567071749212
5,gamma,1.0,0.0,1.0,1.0,0.0,0.0,10000.0,10000.0,10000.0,10000.0,
6,zeta,0.0,0.0,0.0,0.0,0.0,0.0,10000.0,10000.0,10000.0,10000.0,
