,Unnamed: 0,mean,sd,hdi_3%,hdi_97%,mcse_mean,mcse_sd,ess_mean,ess_sd,ess_bulk,ess_tail,r_hat
0,b,1.0,0.0,1.0,1.0,0.0,0.0,10000.0,10000.0,10000.0,10000.0,
1,p_error,0.050000004470348365,3.725476371840841e-09,0.05000000074505806,0.05000000074505806,3.7254763718408414e-11,2.6343864464297942e-11,10000.0,10000.0,10000.0,10000.0,
2,v,0.00034447389248813416,2.485223000473287e-05,0.00030286300588260647,0.00039639368843551436,1.013503596466358e-06,7.1700318322755e-07,601.284682258286,601.284682258286,614.4120473401056,706.0335760509398,1.0027419983131742
3,s,0.005634621764455339,0.0004165717987638793,0.004868133880464069,0.006416746076586478,1.6558289698921844e-05,1.1791682998963929e-05,632.9199395429816,624.6028654449119,643.6021856788193,825.1963483184419,1.0027452561658483
4,tau,1.2430907874086592,0.7056688883908923,0.6397786454936307,1.8000978357874304,0.04328255999988696,0.033249720806114776,265.8129050190617,225.79777561135484,524.4480064226412,556.7469581399389,1.000996515579608
5,gamma,1.0,0.0,1.0,1.0,0.0,0.0,10000.0,10000.0,10000.0,10000.0,
6,zeta,0.0,0.0,0.0,0.0,0.0,0.0,10000.0,10000.0,10000.0,10000.0,
