,Unnamed: 0,mean,sd,hdi_3%,hdi_97%,mcse_mean,mcse_sd,ess_mean,ess_sd,ess_bulk,ess_tail,r_hat
0,b,1.0,0.0,1.0,1.0,0.0,0.0,10000.0,10000.0,10000.0,10000.0,
1,p_error,0.050000004470348365,3.725476371840841e-09,0.05000000074505806,0.05000000074505806,3.7254763718408414e-11,2.6343864464297942e-11,10000.0,10000.0,10000.0,10000.0,
2,v,0.0002749141520911065,1.885822136057128e-05,0.00024121383604235708,0.00031080019280142843,7.05446645064931e-07,4.990298412052667e-07,714.6166219842614,714.6166219842614,740.6067592452652,797.649425568321,1.0056134070786396
3,s,0.004696154405073922,0.0003486004093460943,0.004057616782964547,0.0053764976183622755,1.3089055667499742e-05,9.293805044130133e-06,709.3150195003935,704.0421937999605,708.989088103428,873.1227434921402,1.0045502829297293
4,tau,1.3712429462828797,0.7207582297044627,0.8034526382659134,1.8741223815331498,0.04449206161120705,0.0319855793355647,262.43041060016463,254.47065586564338,628.6080918476823,630.5930458477189,1.0056019182150562
5,gamma,1.0,0.0,1.0,1.0,0.0,0.0,10000.0,10000.0,10000.0,10000.0,
6,zeta,0.0,0.0,0.0,0.0,0.0,0.0,10000.0,10000.0,10000.0,10000.0,
