,Unnamed: 0,mean,sd,hdi_3%,hdi_97%,mcse_mean,mcse_sd,ess_mean,ess_sd,ess_bulk,ess_tail,r_hat
0,b,1.0,0.0,1.0,1.0,0.0,0.0,10000.0,10000.0,10000.0,10000.0,
1,p_error,0.050000004470348365,3.725476371840841e-09,0.05000000074505806,0.05000000074505806,3.7254763718408414e-11,2.6343864464297942e-11,10000.0,10000.0,10000.0,10000.0,
2,v,0.00016094126903940556,1.2439799898020315e-05,0.00013851280121966546,0.00018573553620225872,4.5142462185256395e-07,3.1946059118375787e-07,759.3750138276201,758.7457248390723,756.6928054687388,1195.965127926785,1.0039148750027858
3,s,0.0040040691111070574,0.0002459315913573062,0.0035540085114595383,0.004475541498718036,7.40033838157155e-06,5.234212042432967e-06,1104.3976739469942,1104.3976739469942,1100.5096284202448,1479.4831899624605,1.0014160443830151
4,tau,3.748057672530544,2.4676347955326925,1.2290440355062484,8.894761150910265,0.09070633777471196,0.06416436037637928,740.0933556767693,740.0933556767693,602.5734312719629,754.9416868296436,1.004566527994485
5,gamma,1.0,0.0,1.0,1.0,0.0,0.0,10000.0,10000.0,10000.0,10000.0,
6,zeta,0.0,0.0,0.0,0.0,0.0,0.0,10000.0,10000.0,10000.0,10000.0,
