,Unnamed: 0,mean,sd,hdi_3%,hdi_97%,mcse_mean,mcse_sd,ess_mean,ess_sd,ess_bulk,ess_tail,r_hat
0,b,1.0,0.0,1.0,1.0,0.0,0.0,10000.0,10000.0,10000.0,10000.0,
1,p_error,0.050000004470348365,3.725476371840841e-09,0.05000000074505806,0.05000000074505806,3.7254763718408414e-11,2.6343864464297942e-11,10000.0,10000.0,10000.0,10000.0,
2,v,0.0005439246127243349,4.6880858070597274e-05,0.0004578965524985254,0.0006297615776898258,1.202445758313e-06,8.504207493234576e-07,1520.0578437472293,1520.0578437472293,1524.0170493494568,2005.6542879100268,1.001064486025142
3,s,0.00783801349505648,0.00040543313593592893,0.007086022252160149,0.008612155571488499,9.818423685391604e-06,6.9438618821281435e-06,1705.1199802006304,1705.1199802006304,1701.028616653422,2055.7402372298493,1.0005269196080493
4,tau,5.210114132813769,2.5061947957338844,1.620790991267702,9.476894176293241,0.06307531842369384,0.044609227853868436,1578.7404785599563,1578.7404785599563,1588.0102474584671,1970.8495977242005,1.0012086457321314
5,gamma,1.0,0.0,1.0,1.0,0.0,0.0,10000.0,10000.0,10000.0,10000.0,
6,zeta,0.0,0.0,0.0,0.0,0.0,0.0,10000.0,10000.0,10000.0,10000.0,
