,Unnamed: 0,mean,sd,hdi_3%,hdi_97%,mcse_mean,mcse_sd,ess_mean,ess_sd,ess_bulk,ess_tail,r_hat
0,b,1.0,0.0,1.0,1.0,0.0,0.0,10000.0,10000.0,10000.0,10000.0,
1,p_error,0.050000004470348365,3.725476371840841e-09,0.05000000074505806,0.05000000074505806,3.7254763718408414e-11,2.6343864464297942e-11,10000.0,10000.0,10000.0,10000.0,
2,v,0.0002710627963384724,1.8262050520567644e-05,0.00023895091111683043,0.00030721842319907366,4.1308235195839866e-07,2.9213693290667466e-07,1954.45554926738,1954.45554926738,1954.0940933098752,2227.6601336328554,1.0010831795600534
3,s,0.005587940813480794,0.00025505672297000253,0.005139528753606033,0.006088538905689972,5.6294647642377195e-06,3.9811984325517136e-06,2052.7655025643544,2052.7655025643544,2053.937997164026,2125.1488729776856,1.0010093021102195
4,tau,6.386815962957487,2.1206114214808007,3.0651506897039065,9.978009402375788,0.05092675319502031,0.03666766046289042,1733.9246255335795,1672.9280392280511,1723.6947152503965,1885.0472411291614,1.0021250233577883
5,gamma,1.0,0.0,1.0,1.0,0.0,0.0,10000.0,10000.0,10000.0,10000.0,
6,zeta,0.0,0.0,0.0,0.0,0.0,0.0,10000.0,10000.0,10000.0,10000.0,
