,Unnamed: 0,mean,sd,hdi_3%,hdi_97%,mcse_mean,mcse_sd,ess_mean,ess_sd,ess_bulk,ess_tail,r_hat
0,b,1.0,0.0,1.0,1.0,0.0,0.0,10000.0,10000.0,10000.0,10000.0,
1,p_error,0.050000004470348365,3.725476371840841e-09,0.05000000074505806,0.05000000074505806,3.7254763718408414e-11,2.6343864464297942e-11,10000.0,10000.0,10000.0,10000.0,
2,v,0.0002832905473117564,2.0353058140260696e-05,0.00024455964637850583,0.00032157510173669263,4.952484955956033e-07,3.508462018452092e-07,1688.935313996753,1683.2411117509164,1687.7566136821533,1901.2646282175228,1.0011337688451103
3,s,0.006004697069420546,0.0003800564344128041,0.0053195903704759216,0.006695102702932596,9.97964074930029e-06,7.0758167138577725e-06,1450.3284418564954,1443.0740974020566,1465.9381035673775,1626.8192165036469,1.0036692964467275
4,tau,6.384193184082661,2.1456688958533032,2.9361361333133464,9.981154850366742,0.04812410737829216,0.03478049856573951,1987.9251899787173,1903.517717328791,2006.9043946546449,2410.081532432976,1.001422067533971
5,gamma,1.0,0.0,1.0,1.0,0.0,0.0,10000.0,10000.0,10000.0,10000.0,
6,zeta,0.0,0.0,0.0,0.0,0.0,0.0,10000.0,10000.0,10000.0,10000.0,
