,Unnamed: 0,mean,sd,hdi_3%,hdi_97%,mcse_mean,mcse_sd,ess_mean,ess_sd,ess_bulk,ess_tail,r_hat
0,b,1.0,0.0,1.0,1.0,0.0,0.0,10000.0,10000.0,10000.0,10000.0,
1,p_error,0.050000004470348365,3.725476371840841e-09,0.05000000074505806,0.05000000074505806,3.7254763718408414e-11,2.6343864464297942e-11,10000.0,10000.0,10000.0,10000.0,
2,v,0.00023313106423986934,2.179686468931803e-05,0.0001935330205812969,0.0002724973055231293,9.880764487602943e-07,7.028589357599425e-07,486.63905571938074,481.4468018977622,488.3993332672332,1071.3451530030195,1.005856513701718
3,s,0.0044191772803057715,0.00034989160715408706,0.0037167684228467243,0.005039534912840297,1.6892986173942543e-05,1.195327577173641e-05,428.9969427145933,428.9969427145933,429.32986260936883,599.9107222976472,1.0063256748170648
4,tau,1.0283031127364648,0.25113672643858576,0.6037028422603802,1.480398401450485,0.010901572200859973,0.007712816213772723,530.691567570146,530.691567570146,489.7511835952631,1011.2456678655394,1.00266901082183
5,gamma,1.0,0.0,1.0,1.0,0.0,0.0,10000.0,10000.0,10000.0,10000.0,
6,zeta,0.0,0.0,0.0,0.0,0.0,0.0,10000.0,10000.0,10000.0,10000.0,
