,Unnamed: 0,mean,sd,hdi_3%,hdi_97%,mcse_mean,mcse_sd,ess_mean,ess_sd,ess_bulk,ess_tail,r_hat
0,b,1.0,0.0,1.0,1.0,0.0,0.0,10000.0,10000.0,10000.0,10000.0,
1,p_error,0.050000004470348365,3.725476371840841e-09,0.05000000074505806,0.05000000074505806,3.7254763718408414e-11,2.6343864464297942e-11,10000.0,10000.0,10000.0,10000.0,
2,v,0.0003114124134289748,2.4501141686349896e-05,0.00026854745996001566,0.00035822371562593293,6.645014656225139e-07,4.6997433545809916e-07,1359.5048373837985,1359.5048373837985,1382.3578688001662,1667.3610188760827,1.000663772365812
3,s,0.0053507764337630895,0.0002637426871453155,0.004855106874832257,0.005831851247381478,6.529752505501177e-06,4.618057997445127e-06,1631.4261224720324,1631.4261224720324,1635.8966914086152,1874.559988828202,1.0003682448133486
4,tau,3.7089611060901873,2.448455872122373,1.0367262009814693,8.738991186715138,0.07313582950658189,0.05172830487890027,1120.789824644592,1120.789824644592,1044.105157242008,1555.606529697487,1.0005540175280647
5,gamma,1.0,0.0,1.0,1.0,0.0,0.0,10000.0,10000.0,10000.0,10000.0,
6,zeta,0.0,0.0,0.0,0.0,0.0,0.0,10000.0,10000.0,10000.0,10000.0,
