,Unnamed: 0,mean,sd,hdi_3%,hdi_97%,mcse_mean,mcse_sd,ess_mean,ess_sd,ess_bulk,ess_tail,r_hat
0,b,1.0,0.0,1.0,1.0,0.0,0.0,10000.0,10000.0,10000.0,10000.0,
1,p_error,0.050000004470348365,3.725476371840841e-09,0.05000000074505806,0.05000000074505806,3.7254763718408414e-11,2.6343864464297942e-11,10000.0,10000.0,10000.0,10000.0,
2,v,8.524094421612734e-05,8.895223307892533e-06,6.917101033030368e-05,0.00010178891940097798,2.9748417080130786e-07,2.1042173247108673e-07,894.0997775710582,894.0997775710582,900.4340419533286,1459.097811280331,1.001786224682871
3,s,0.003426351344942718,0.00018027839643394893,0.00310437563270409,0.003775570239282064,6.443311212929864e-06,4.5578076383705004e-06,782.8330562756099,782.8330562756099,788.8617881297749,1332.1472022048972,1.0010428344276279
4,tau,0.7830848946706245,0.20961726199050784,0.4039493291595265,1.144613744117418,0.006289049798549755,0.004448197825278562,1110.9231596167947,1110.9231596167947,1081.0526783398457,1620.4360163999395,1.0011088828267003
5,gamma,1.0,0.0,1.0,1.0,0.0,0.0,10000.0,10000.0,10000.0,10000.0,
6,zeta,0.0,0.0,0.0,0.0,0.0,0.0,10000.0,10000.0,10000.0,10000.0,
