,Unnamed: 0,mean,sd,hdi_3%,hdi_97%,mcse_mean,mcse_sd,ess_mean,ess_sd,ess_bulk,ess_tail,r_hat
0,b,1.0,0.0,1.0,1.0,0.0,0.0,10000.0,10000.0,10000.0,10000.0,
1,p_error,0.050000004470348365,3.725476371840841e-09,0.05000000074505806,0.05000000074505806,3.7254763718408414e-11,2.6343864464297942e-11,10000.0,10000.0,10000.0,10000.0,
2,v,0.00025925979697551994,1.993007790567449e-05,0.00022057382251725293,0.0002963147107546851,4.566826957231042e-07,3.229728974031512e-07,1904.534660475906,1904.534660475906,1901.1331367559264,2029.4178296656376,1.0015705122973946
3,s,0.006265503182805196,0.00040197092686491915,0.005529103183008981,0.007036603735253695,9.833964484810288e-06,6.9548771929469815e-06,1670.829041920216,1670.829041920216,1666.9663051201098,1832.9358640758235,1.0015352499853547
4,tau,5.5119425855232285,2.484074764095012,1.8103791314113584,9.798804092738493,0.06078420095111117,0.043409749092206414,1670.1208647290161,1637.8702234613431,1592.9366817745627,1448.188474015711,1.0007800421429496
5,gamma,1.0,0.0,1.0,1.0,0.0,0.0,10000.0,10000.0,10000.0,10000.0,
6,zeta,0.0,0.0,0.0,0.0,0.0,0.0,10000.0,10000.0,10000.0,10000.0,
