,Unnamed: 0,mean,sd,hdi_3%,hdi_97%,mcse_mean,mcse_sd,ess_mean,ess_sd,ess_bulk,ess_tail,r_hat
0,b,1.0,0.0,1.0,1.0,0.0,0.0,10000.0,10000.0,10000.0,10000.0,
1,p_error,0.050000004470348365,3.725476371840841e-09,0.05000000074505806,0.05000000074505806,3.7254763718408414e-11,2.6343864464297942e-11,10000.0,10000.0,10000.0,10000.0,
2,v,0.00018034313154906612,1.5307425138257875e-05,0.00015161769634511403,0.00020907809304840196,3.7965519886220886e-07,2.6867977435729197e-07,1625.6445249045678,1623.5303746514096,1627.9401194120005,1808.0903431957252,1.0008834727224385
3,s,0.00492685057254486,0.00030021277536035085,0.004362516338403991,0.005499268080893141,7.715888868939371e-06,5.457008852900316e-06,1513.8624296664123,1513.8624296664123,1471.445886899911,1327.679537878676,1.001878279399644
4,tau,4.645094803503098,2.588094653211628,1.2993069489767042,9.342585454790703,0.07890277910695533,0.055860603382600016,1075.909422018503,1073.8782774192791,1017.1334425398337,1248.4499623452969,1.0009892966053393
5,gamma,1.0,0.0,1.0,1.0,0.0,0.0,10000.0,10000.0,10000.0,10000.0,
6,zeta,0.0,0.0,0.0,0.0,0.0,0.0,10000.0,10000.0,10000.0,10000.0,
