,Unnamed: 0,mean,sd,hdi_3%,hdi_97%,mcse_mean,mcse_sd,ess_mean,ess_sd,ess_bulk,ess_tail,r_hat
0,b,1.0,0.0,1.0,1.0,0.0,0.0,10000.0,10000.0,10000.0,10000.0,
1,p_error,0.050000004470348365,3.725476371840841e-09,0.05000000074505806,0.05000000074505806,3.7254763718408414e-11,2.6343864464297942e-11,10000.0,10000.0,10000.0,10000.0,
2,v,0.0002603260938202564,2.00340346975893e-05,0.0002246989291336168,0.00029924128671914046,4.987937868459733e-07,3.5276425604974944e-07,1613.2243662162714,1613.2243662162714,1614.0962916105234,1705.1968285758942,1.0016338215259013
3,s,0.005730104442145985,0.00033089575908883313,0.005099495951745674,0.006334984900524114,8.316636286318445e-06,5.903872566308846e-06,1583.0221242811133,1571.2298777942208,1601.7645648272262,1681.3272915027294,1.0013870514066243
4,tau,6.915509866740385,1.916040867743508,3.7569474478259335,9.99198288620527,0.04311882824988512,0.0312213007976599,1974.5840981004574,1883.7014339834586,2012.1238784669024,2070.440343519307,1.0018097755342903
5,gamma,1.0,0.0,1.0,1.0,0.0,0.0,10000.0,10000.0,10000.0,10000.0,
6,zeta,0.0,0.0,0.0,0.0,0.0,0.0,10000.0,10000.0,10000.0,10000.0,
