,Unnamed: 0,mean,sd,hdi_3%,hdi_97%,mcse_mean,mcse_sd,ess_mean,ess_sd,ess_bulk,ess_tail,r_hat
0,b,1.0,0.0,1.0,1.0,0.0,0.0,10000.0,10000.0,10000.0,10000.0,
1,p_error,0.050000004470348365,3.725476371840841e-09,0.05000000074505806,0.05000000074505806,3.7254763718408414e-11,2.6343864464297942e-11,10000.0,10000.0,10000.0,10000.0,
2,v,0.00021996543512461153,1.5050213995946741e-05,0.0001929285131068794,0.00024886391113638264,4.828213595804388e-07,3.415087915261521e-07,971.6556960670224,971.6556960670224,980.2726842096499,1306.5667467853248,1.000954397913131
3,s,0.0042338300713313706,0.00026166451295928344,0.0037247308281034845,0.0047071880423018644,1.0519477572026019e-05,7.485924676691145e-06,618.730195103971,611.4814606040118,628.848679421291,738.1092600781714,1.0006978020223194
4,tau,1.3319747325016082,0.5533324064311498,0.861669463707506,1.8643944548079359,0.03375978102094592,0.024285015004390068,268.64141709677017,260.1600216972862,729.0728696100798,722.6230954068851,1.0005529943492637
5,gamma,1.0,0.0,1.0,1.0,0.0,0.0,10000.0,10000.0,10000.0,10000.0,
6,zeta,0.0,0.0,0.0,0.0,0.0,0.0,10000.0,10000.0,10000.0,10000.0,
