,Unnamed: 0,mean,sd,hdi_3%,hdi_97%,mcse_mean,mcse_sd,ess_mean,ess_sd,ess_bulk,ess_tail,r_hat
0,b,1.0,0.0,1.0,1.0,0.0,0.0,10000.0,10000.0,10000.0,10000.0,
1,p_error,0.050000004470348365,3.725476371840841e-09,0.05000000074505806,0.05000000074505806,3.7254763718408414e-11,2.6343864464297942e-11,10000.0,10000.0,10000.0,10000.0,
2,v,0.0003289867472148502,2.3354636868066893e-05,0.000286753614069423,0.00037219761858206215,8.652394027687815e-07,6.120617420023788e-07,728.5739855433121,728.5739855433121,731.7515168188498,1221.2851180065506,1.004169976856962
3,s,0.005141159738552035,0.0004219756371609545,0.0043956064065182755,0.005959770380186072,1.6747890992794844e-05,1.1872112404881861e-05,634.8257057708207,632.2512189935221,637.2595425675278,924.1284283207738,1.0026668390996898
4,tau,0.8069067466781127,0.15466367258186442,0.526285988509466,1.088695921038325,0.005662975591021299,0.004005895260841361,745.911422377492,745.911422377492,750.0794783594117,1366.3993054306645,1.0027424446585376
5,gamma,1.0,0.0,1.0,1.0,0.0,0.0,10000.0,10000.0,10000.0,10000.0,
6,zeta,0.0,0.0,0.0,0.0,0.0,0.0,10000.0,10000.0,10000.0,10000.0,
