,Unnamed: 0,mean,sd,hdi_3%,hdi_97%,mcse_mean,mcse_sd,ess_mean,ess_sd,ess_bulk,ess_tail,r_hat
0,b,1.0,0.0,1.0,1.0,0.0,0.0,10000.0,10000.0,10000.0,10000.0,
1,p_error,0.050000004470348365,3.725476371840841e-09,0.05000000074505806,0.05000000074505806,3.7254763718408414e-11,2.6343864464297942e-11,10000.0,10000.0,10000.0,10000.0,
2,v,0.0006597198843408338,7.219105831224728e-05,0.0005308693418731255,0.0007948574973086666,2.0637338214664267e-06,1.4596281501556273e-06,1223.6563093241166,1223.6563093241166,1211.0274695938024,1445.8028806624625,1.0013851734441783
3,s,0.009927473922129363,0.0006951603787529112,0.008635717111448874,0.011191529338874837,2.1284180351127192e-05,1.5071773606952764e-05,1066.7340595729625,1064.2641234312332,1069.9693227962427,1510.6424155005716,1.0004160832817135
4,tau,1.3384494670429703,1.336720331604148,0.3889481293173273,3.0463078644733685,0.0642178215395018,0.04569624040580005,433.28132390629736,428.43206911250036,744.2455328734959,554.353119522342,1.0027118609907586
5,gamma,1.0,0.0,1.0,1.0,0.0,0.0,10000.0,10000.0,10000.0,10000.0,
6,zeta,0.0,0.0,0.0,0.0,0.0,0.0,10000.0,10000.0,10000.0,10000.0,
