,Unnamed: 0,mean,sd,hdi_3%,hdi_97%,mcse_mean,mcse_sd,ess_mean,ess_sd,ess_bulk,ess_tail,r_hat
0,b,1.0,0.0,1.0,1.0,0.0,0.0,10000.0,10000.0,10000.0,10000.0,
1,p_error,0.050000004470348365,3.725476371840841e-09,0.05000000074505806,0.05000000074505806,3.7254763718408414e-11,2.6343864464297942e-11,10000.0,10000.0,10000.0,10000.0,
2,v,0.0002840252570889703,1.926743787493961e-05,0.00025067488990423493,0.00032271655800656545,4.4753299486903076e-07,3.1650342538586077e-07,1853.5222994411536,1853.5222994411536,1854.4588140044045,1936.4752298387743,1.0005997685813508
3,s,0.00585368158035385,0.00035430353897372783,0.005182091632824771,0.0064984681682765605,8.623250403746709e-06,6.098612644232963e-06,1688.1420419893605,1688.1420419893605,1687.4533628242978,1998.2197300015246,1.0010723641655548
4,tau,6.131680043810007,2.194187489191508,2.6893289367149267,9.93163082204495,0.054346060932425735,0.038435346195984925,1630.0890353373816,1630.0890353373816,1681.5806078536566,1843.625517746108,1.0010496670247662
5,gamma,1.0,0.0,1.0,1.0,0.0,0.0,10000.0,10000.0,10000.0,10000.0,
6,zeta,0.0,0.0,0.0,0.0,0.0,0.0,10000.0,10000.0,10000.0,10000.0,
