,Unnamed: 0,mean,sd,hdi_3%,hdi_97%,mcse_mean,mcse_sd,ess_mean,ess_sd,ess_bulk,ess_tail,r_hat
0,b,1.0,0.0,1.0,1.0,0.0,0.0,10000.0,10000.0,10000.0,10000.0,
1,p_error,0.050000004470348365,3.725476371840841e-09,0.05000000074505806,0.05000000074505806,3.7254763718408414e-11,2.6343864464297942e-11,10000.0,10000.0,10000.0,10000.0,
2,v,0.0002605145565094958,2.4954842980009837e-05,0.0002129165941068556,0.00030548677432642524,1.0853807069354263e-06,7.679039127584942e-07,528.6223097963098,528.6223097963098,534.8305213725994,738.8713159528751,1.0064225958318156
3,s,0.005504893838872033,0.00044164459372889124,0.004705087186685018,0.006339536855006238,2.1120169505728892e-05,1.4944187764352756e-05,437.27136494681565,437.27136494681565,425.542290833786,915.3785465918469,1.0083628750598097
4,tau,1.2328094143153714,0.5310105808386036,0.6981607688944822,1.7564551954907763,0.026078371762332526,0.018453181086214892,414.6153774747276,414.6153774747276,518.4888282491867,770.7026352758157,1.0074937837816396
5,gamma,1.0,0.0,1.0,1.0,0.0,0.0,10000.0,10000.0,10000.0,10000.0,
6,zeta,0.0,0.0,0.0,0.0,0.0,0.0,10000.0,10000.0,10000.0,10000.0,
