,Unnamed: 0,mean,sd,hdi_3%,hdi_97%,mcse_mean,mcse_sd,ess_mean,ess_sd,ess_bulk,ess_tail,r_hat
0,b,1.0,0.0,1.0,1.0,0.0,0.0,10000.0,10000.0,10000.0,10000.0,
1,p_error,0.050000004470348365,3.725476371840841e-09,0.05000000074505806,0.05000000074505806,3.7254763718408414e-11,2.6343864464297942e-11,10000.0,10000.0,10000.0,10000.0,
2,v,0.00010722085333973067,7.042352838579325e-06,9.506995529544164e-05,0.00012155575630619506,1.6492190672444965e-07,1.1663605766308866e-07,1823.387052021403,1823.387052021403,1806.4925242674549,2157.034678668301,1.000305765989149
3,s,0.003489903573416535,0.000155676303331755,0.003199164992424948,0.0037840434262444928,3.5684293413078787e-06,2.5236473717233757e-06,1903.227995513463,1903.227995513463,1900.7213734198465,1774.837475233371,1.0002253477456566
4,tau,6.439176709586654,2.0865507946873643,3.2331045259765445,9.991593900009848,0.0501557434406338,0.03653749055883546,1730.6792183249645,1631.1948331767385,1657.6727350902286,1800.1580966474908,1.0017959714142806
5,gamma,1.0,0.0,1.0,1.0,0.0,0.0,10000.0,10000.0,10000.0,10000.0,
6,zeta,0.0,0.0,0.0,0.0,0.0,0.0,10000.0,10000.0,10000.0,10000.0,
