,Unnamed: 0,mean,sd,hdi_3%,hdi_97%,mcse_mean,mcse_sd,ess_mean,ess_sd,ess_bulk,ess_tail,r_hat
0,b,1.0,0.0,1.0,1.0,0.0,0.0,10000.0,10000.0,10000.0,10000.0,
1,p_error,0.050000004470348365,3.725476371840841e-09,0.05000000074505806,0.05000000074505806,3.7254763718408414e-11,2.6343864464297942e-11,10000.0,10000.0,10000.0,10000.0,
2,v,0.0006862451355494727,4.875817218681962e-05,0.0005964269190677727,0.0007790825828771479,1.194570199644115e-06,8.486147018732393e-07,1665.986510500123,1651.190553294531,1671.7375406231226,1661.2277744574217,1.0011203460321507
3,s,0.008236738813785617,0.0004066115324915813,0.007478100411231638,0.00901027102027747,9.764860992983616e-06,6.905961236046083e-06,1733.9128040473686,1733.9128040473686,1726.6081184086854,2007.9181592309405,1.0006302612263749
4,tau,5.4090421703969715,2.4742616873448817,1.7557152951421948,9.72104586588819,0.059417361220679386,0.042021487831566735,1734.061674551415,1734.061674551415,1644.8566816968619,1886.6491463114291,1.000867593478255
5,gamma,1.0,0.0,1.0,1.0,0.0,0.0,10000.0,10000.0,10000.0,10000.0,
6,zeta,0.0,0.0,0.0,0.0,0.0,0.0,10000.0,10000.0,10000.0,10000.0,
