,Unnamed: 0,mean,sd,hdi_3%,hdi_97%,mcse_mean,mcse_sd,ess_mean,ess_sd,ess_bulk,ess_tail,r_hat
0,b,1.0,0.0,1.0,1.0,0.0,0.0,10000.0,10000.0,10000.0,10000.0,
1,p_error,0.050000004470348365,3.725476371840841e-09,0.05000000074505806,0.05000000074505806,3.7254763718408414e-11,2.6343864464297942e-11,10000.0,10000.0,10000.0,10000.0,
2,v,0.0001689499384889019,1.5800616625568373e-05,0.00014065228206606753,0.00019816303355043165,5.953199809698254e-07,4.2112920966053424e-07,704.4451009954905,704.4451009954905,707.8080796725956,1124.602958010855,1.0006531663696356
3,s,0.004418495703879415,0.0003107295761346958,0.003812606537856968,0.004966048620176661,1.3824055452787998e-05,9.802770804704753e-06,505.23595653686,502.9693606292189,506.8056251721182,878.8748571157133,1.0009910723259483
4,tau,0.911722633352415,0.2844045967253096,0.4916272836054885,1.3360598905552912,0.010211066910207995,0.007223031033917228,775.7664239068716,775.7664239068716,841.373931093488,1654.740296419726,1.0014713880525488
5,gamma,1.0,0.0,1.0,1.0,0.0,0.0,10000.0,10000.0,10000.0,10000.0,
6,zeta,0.0,0.0,0.0,0.0,0.0,0.0,10000.0,10000.0,10000.0,10000.0,
