,Unnamed: 0,mean,sd,hdi_3%,hdi_97%,mcse_mean,mcse_sd,ess_mean,ess_sd,ess_bulk,ess_tail,r_hat
0,b,1.0,0.0,1.0,1.0,0.0,0.0,10000.0,10000.0,10000.0,10000.0,
1,p_error,0.050000004470348365,3.725476371840841e-09,0.05000000074505806,0.05000000074505806,3.7254763718408414e-11,2.6343864464297942e-11,10000.0,10000.0,10000.0,10000.0,
2,v,0.0002595922333090076,2.7861157592863428e-05,0.0002044990454448495,0.00030709157450746266,1.3545880023575294e-06,9.584995210512085e-07,423.04236770626954,423.04236770626954,444.73193551882827,704.6686941206128,1.0027474755980452
3,s,0.005721830949898612,0.0005517898893238462,0.004706604814825178,0.00674761897820279,2.795515944873655e-05,1.9785007275789632e-05,389.6041098522192,389.48978902314536,393.59368535933214,710.9765552632654,1.0030900715241324
4,tau,1.5961868024230643,1.3332755323459509,0.5477730375560289,3.1016855031413777,0.0812357593349524,0.05934642073661533,269.36758323863444,252.94361132150172,395.12859135216837,367.9664032308422,1.0015894018009412
5,gamma,1.0,0.0,1.0,1.0,0.0,0.0,10000.0,10000.0,10000.0,10000.0,
6,zeta,0.0,0.0,0.0,0.0,0.0,0.0,10000.0,10000.0,10000.0,10000.0,
