,Unnamed: 0,mean,sd,hdi_3%,hdi_97%,mcse_mean,mcse_sd,ess_mean,ess_sd,ess_bulk,ess_tail,r_hat
0,b,1.0,0.0,1.0,1.0,0.0,0.0,10000.0,10000.0,10000.0,10000.0,
1,p_error,0.050000004470348365,3.725476371840841e-09,0.05000000074505806,0.05000000074505806,3.7254763718408414e-11,2.6343864464297942e-11,10000.0,10000.0,10000.0,10000.0,
2,v,0.000316411521881101,2.6542881954675972e-05,0.00026332560697323455,0.0003615144999473085,6.202708597662775e-07,4.38667608673958e-07,1831.18994139429,1831.18994139429,1820.9803572430553,1530.0309751293682,1.0024562302814681
3,s,0.006515178735317103,0.0002810931410877823,0.006027290396907461,0.0070610061002615455,6.541027935859827e-06,4.632179906346715e-06,1846.751622549152,1841.7778352937894,1857.2364422532266,1972.1905336610141,1.0009288581279845
4,tau,5.835470249036537,2.290216648235321,2.449405206825945,9.879319508289392,0.055259162703772916,0.03908076544772448,1717.6889999810892,1717.6889999810892,1679.365343579109,1599.7137163717186,1.0034302125831924
5,gamma,1.0,0.0,1.0,1.0,0.0,0.0,10000.0,10000.0,10000.0,10000.0,
6,zeta,0.0,0.0,0.0,0.0,0.0,0.0,10000.0,10000.0,10000.0,10000.0,
