,Unnamed: 0,mean,sd,hdi_3%,hdi_97%,mcse_mean,mcse_sd,ess_mean,ess_sd,ess_bulk,ess_tail,r_hat
0,b,1.0,0.0,1.0,1.0,0.0,0.0,10000.0,10000.0,10000.0,10000.0,
1,p_error,0.050000004470348365,3.725476371840841e-09,0.05000000074505806,0.05000000074505806,3.7254763718408414e-11,2.6343864464297942e-11,10000.0,10000.0,10000.0,10000.0,
2,v,0.0003678389025113685,2.710047377309336e-05,0.00031835995034131204,0.0004171492616378035,1.231644311783482e-06,8.714292393108453e-07,484.15358915943125,484.15358915943125,491.14433972761634,1037.4157275712405,1.0080233715918694
3,s,0.005640974409684104,0.0003261575935091709,0.005041510282983589,0.006238946930974018,1.3765004344354435e-05,9.738388847853045e-06,561.438618983461,561.438618983461,562.7439077301939,1337.7032801125335,1.007853754283852
4,tau,2.2655293862659738,1.721496716075478,0.8946255594929633,6.344605914428461,0.08860538714658403,0.0627019444680817,377.47843182593385,377.47843182593385,394.397974941954,645.1006202240924,1.0173977385631152
5,gamma,1.0,0.0,1.0,1.0,0.0,0.0,10000.0,10000.0,10000.0,10000.0,
6,zeta,0.0,0.0,0.0,0.0,0.0,0.0,10000.0,10000.0,10000.0,10000.0,
