,Unnamed: 0,mean,sd,hdi_3%,hdi_97%,mcse_mean,mcse_sd,ess_mean,ess_sd,ess_bulk,ess_tail,r_hat
0,b,1.0,0.0,1.0,1.0,0.0,0.0,10000.0,10000.0,10000.0,10000.0,
1,p_error,0.050000004470348365,3.725476371840841e-09,0.05000000074505806,0.05000000074505806,3.7254763718408414e-11,2.6343864464297942e-11,10000.0,10000.0,10000.0,10000.0,
2,v,0.0001914498352755039,2.331015837680441e-05,0.00014813777523586957,0.0002352568092108837,8.800682176649937e-07,6.244024569803538e-07,701.5486185327272,697.4204535318495,694.9819188865644,1348.2190990033728,1.001194182313311
3,s,0.0054482664828099546,0.00044535098383337117,0.0046398981759067605,0.006291796301139945,2.0021480257259613e-05,1.4227212975810049e-05,494.78037529758035,490.5146872734018,497.6430547649411,809.1115705966041,1.003831941929544
4,tau,0.6794510660456912,0.2302097618900934,0.31220471764400193,1.0903021065198335,0.008706342245939788,0.00615888368457989,699.159077697993,699.159077697993,801.7291589854992,1120.7024230066556,1.0020428757145223
5,gamma,1.0,0.0,1.0,1.0,0.0,0.0,10000.0,10000.0,10000.0,10000.0,
6,zeta,0.0,0.0,0.0,0.0,0.0,0.0,10000.0,10000.0,10000.0,10000.0,
