,Unnamed: 0,mean,sd,hdi_3%,hdi_97%,mcse_mean,mcse_sd,ess_mean,ess_sd,ess_bulk,ess_tail,r_hat
0,b,1.0,0.0,1.0,1.0,0.0,0.0,10000.0,10000.0,10000.0,10000.0,
1,p_error,0.050000004470348365,3.725476371840841e-09,0.05000000074505806,0.05000000074505806,3.7254763718408414e-11,2.6343864464297942e-11,10000.0,10000.0,10000.0,10000.0,
2,v,0.00015700706930889103,1.4993739759177225e-05,0.00012862920255183574,0.0001837405719239869,3.5229364708332563e-07,2.495333101882025e-07,1811.3831110075753,1805.8147820496029,1809.706074224128,1890.8083638359835,1.0009777627795868
3,s,0.00429697652322738,0.0002445526967065648,0.0038478799845693312,0.00474934815735305,6.804876159881142e-06,4.825584479399855e-06,1291.529886532564,1284.7313337166256,1303.0826323336278,1551.2067751570105,1.0048068024425605
4,tau,1.2068467583149096,0.22620796670986165,0.8275699890690831,1.6198328698277729,0.005858948497707329,0.004143713099228293,1490.6525635427422,1490.6525635427422,1463.0314408274328,1606.734987248298,1.0008395209458971
5,gamma,1.0,0.0,1.0,1.0,0.0,0.0,10000.0,10000.0,10000.0,10000.0,
6,zeta,0.0,0.0,0.0,0.0,0.0,0.0,10000.0,10000.0,10000.0,10000.0,
