,Unnamed: 0,mean,sd,hdi_3%,hdi_97%,mcse_mean,mcse_sd,ess_mean,ess_sd,ess_bulk,ess_tail,r_hat
0,b,1.0,0.0,1.0,1.0,0.0,0.0,10000.0,10000.0,10000.0,10000.0,
1,p_error,0.050000004470348365,3.725476371840841e-09,0.05000000074505806,0.05000000074505806,3.7254763718408414e-11,2.6343864464297942e-11,10000.0,10000.0,10000.0,10000.0,
2,v,0.0002214536313520481,2.6125132435727574e-05,0.00017137823857972114,0.00027026991476016937,7.356227896089038e-07,5.202841978319978e-07,1261.2658905893916,1261.2658905893916,1253.8388464948353,1387.8056532200178,1.0018301130289966
3,s,0.005582048613287002,0.0003519074101235326,0.004931410635295605,0.00626290080492113,9.782109586588838e-06,6.926501630511528e-06,1294.1713346356196,1291.2050115752706,1302.615909094794,1590.142132261709,1.0017675757548217
4,tau,5.335872467928455,2.6127053726256593,1.4227437292200174,9.719590093157686,0.06312054328517176,0.044713891697790636,1713.3236912140405,1707.7107804580146,1704.2526630600134,1896.6949508198925,1.0034196993362758
5,gamma,1.0,0.0,1.0,1.0,0.0,0.0,10000.0,10000.0,10000.0,10000.0,
6,zeta,0.0,0.0,0.0,0.0,0.0,0.0,10000.0,10000.0,10000.0,10000.0,
