,Unnamed: 0,mean,sd,hdi_3%,hdi_97%,mcse_mean,mcse_sd,ess_mean,ess_sd,ess_bulk,ess_tail,r_hat
0,b,1.0,0.0,1.0,1.0,0.0,0.0,10000.0,10000.0,10000.0,10000.0,
1,p_error,0.050000004470348365,3.725476371840841e-09,0.05000000074505806,0.05000000074505806,3.7254763718408414e-11,2.6343864464297942e-11,10000.0,10000.0,10000.0,10000.0,
2,v,0.000346513708646249,3.362565193129768e-05,0.00028851371392154797,0.00040028735351987406,3.3041461600550944e-06,2.379271758293588e-06,103.56736474457735,100.45098616745466,111.07856234776665,537.1039419568117,1.022564936024033
3,s,0.003924126360301768,0.0005941305191991678,0.0029836163211964107,0.004846048899215314,5.7918847828170215e-05,4.106886812519662e-05,105.22620205070271,105.22620205070271,127.13490316422136,642.2508678516659,1.019829529313468
4,tau,0.7676160952472625,0.2758618252136391,0.344548627550866,1.2835700901840794,0.018758411937201343,0.013282130128826073,216.2674069695723,216.2674069695723,184.50790113116287,861.2934879588364,1.0103753780264288
5,gamma,1.0,0.0,1.0,1.0,0.0,0.0,10000.0,10000.0,10000.0,10000.0,
6,zeta,0.0,0.0,0.0,0.0,0.0,0.0,10000.0,10000.0,10000.0,10000.0,
