,Unnamed: 0,mean,sd,hdi_3%,hdi_97%,mcse_mean,mcse_sd,ess_mean,ess_sd,ess_bulk,ess_tail,r_hat
0,b,1.0,0.0,1.0,1.0,0.0,0.0,10000.0,10000.0,10000.0,10000.0,
1,p_error,0.050000004470348365,3.725476371840841e-09,0.05000000074505806,0.05000000074505806,3.7254763718408414e-11,2.6343864464297942e-11,10000.0,10000.0,10000.0,10000.0,
2,v,0.0005238941456826291,5.312564450849798e-05,0.000421134479763223,0.0006168802360623796,2.1423152711276697e-06,1.522520489452795e-06,614.952620499635,609.3518398190084,618.9814020676108,895.5882163939593,1.0027781773948046
3,s,0.007019671173051461,0.0005683193024744619,0.005956984795311697,0.008041483052563107,2.4077714289642076e-05,1.7034436191709468e-05,557.1271203932445,557.1271203932445,571.7685422733828,860.9806330189027,1.0069137247564728
4,tau,0.9377598490716544,0.2402529896929073,0.521435511450126,1.4015494823128294,0.00894962539066693,0.006330903801972834,720.6558012273451,720.6558012273451,685.2810810823503,874.7271690804233,1.0042553209490028
5,gamma,1.0,0.0,1.0,1.0,0.0,0.0,10000.0,10000.0,10000.0,10000.0,
6,zeta,0.0,0.0,0.0,0.0,0.0,0.0,10000.0,10000.0,10000.0,10000.0,
