,Unnamed: 0,mean,sd,hdi_3%,hdi_97%,mcse_mean,mcse_sd,ess_mean,ess_sd,ess_bulk,ess_tail,r_hat
0,b,1.0,0.0,1.0,1.0,0.0,0.0,10000.0,10000.0,10000.0,10000.0,
1,p_error,0.050000004470348365,3.725476371840841e-09,0.05000000074505806,0.05000000074505806,3.7254763718408414e-11,2.6343864464297942e-11,10000.0,10000.0,10000.0,10000.0,
2,v,0.00039140615703555455,2.8276860678354675e-05,0.0003372836039911746,0.00044250869382548934,1.2156555436997441e-06,8.600620886726057e-07,541.054874753911,541.054874753911,544.1796132323304,1083.8617143381118,1.0024416015795192
3,s,0.0057976270279201355,0.0003987357305140293,0.005042828866959924,0.0065274036478961545,1.4451894941740951e-05,1.0222950870604394e-05,761.2384513230414,761.2384513230414,764.1029428350537,1312.5454322452238,1.0014967450285237
4,tau,2.052653084933625,1.589218417654627,0.7525623733535467,5.3127969581476036,0.07551285045865548,0.05343084962143937,442.9201622839648,442.9201622839648,472.0896437727285,665.0755360616266,1.0030424811884031
5,gamma,1.0,0.0,1.0,1.0,0.0,0.0,10000.0,10000.0,10000.0,10000.0,
6,zeta,0.0,0.0,0.0,0.0,0.0,0.0,10000.0,10000.0,10000.0,10000.0,
