,Unnamed: 0,mean,sd,hdi_3%,hdi_97%,mcse_mean,mcse_sd,ess_mean,ess_sd,ess_bulk,ess_tail,r_hat
0,b,1.0,0.0,1.0,1.0,0.0,0.0,10000.0,10000.0,10000.0,10000.0,
1,p_error,0.050000004470348365,3.725476371840841e-09,0.05000000074505806,0.05000000074505806,3.7254763718408414e-11,2.6343864464297942e-11,10000.0,10000.0,10000.0,10000.0,
2,v,0.00022016065144801983,1.3681745195695493e-05,0.0001950281975911075,0.0002442460538881407,5.653980423626179e-07,3.9999609590431255e-07,585.5640354746073,585.5640354746073,590.8324967229822,1078.0962656244326,1.0068902243439155
3,s,0.004036025012189679,0.0002724851136157149,0.003506929284520122,0.0045411965313287474,1.0960408700724876e-05,7.753839610552169e-06,618.062030428545,618.062030428545,617.4060788961579,991.9558003162357,1.0039148684996313
4,tau,2.2928042886115123,1.7544152943646178,0.93636470447858,6.0799630501102735,0.11565374668997533,0.08611176245668957,230.1152475340033,208.12734528303025,377.3187917994679,256.87551658801004,1.0060853305992687
5,gamma,1.0,0.0,1.0,1.0,0.0,0.0,10000.0,10000.0,10000.0,10000.0,
6,zeta,0.0,0.0,0.0,0.0,0.0,0.0,10000.0,10000.0,10000.0,10000.0,
