,Unnamed: 0,mean,sd,hdi_3%,hdi_97%,mcse_mean,mcse_sd,ess_mean,ess_sd,ess_bulk,ess_tail,r_hat
0,b,1.0,0.0,1.0,1.0,0.0,0.0,10000.0,10000.0,10000.0,10000.0,
1,p_error,0.050000004470348365,3.725476371840841e-09,0.05000000074505806,0.05000000074505806,3.7254763718408414e-11,2.6343864464297942e-11,10000.0,10000.0,10000.0,10000.0,
2,v,0.0003253081030245913,3.492925221681275e-05,0.00025735770900351296,0.0003893470048869813,1.3415446780798058e-06,9.490237781339537e-07,677.9041534013282,677.9041534013282,664.0804865400422,1095.274634340158,1.0029342190473398
3,s,0.0071684009639823906,0.00044099429757736417,0.006353531857600249,0.008008004118545865,1.6430923099447548e-05,1.1634935534730912e-05,720.3474470099617,718.8868924052956,722.7833770527893,1188.7680190906826,1.0024493544848838
4,tau,1.7513247301007742,1.4060749408150726,0.6722325791074922,3.8368277592762134,0.0842827633270718,0.059659480828255826,278.3167884241978,278.3167884241978,434.33789409640025,352.84780347521826,1.0031294554215089
5,gamma,1.0,0.0,1.0,1.0,0.0,0.0,10000.0,10000.0,10000.0,10000.0,
6,zeta,0.0,0.0,0.0,0.0,0.0,0.0,10000.0,10000.0,10000.0,10000.0,
