,Unnamed: 0,mean,sd,hdi_3%,hdi_97%,mcse_mean,mcse_sd,ess_mean,ess_sd,ess_bulk,ess_tail,r_hat
0,b,1.0,0.0,1.0,1.0,0.0,0.0,10000.0,10000.0,10000.0,10000.0,
1,p_error,0.050000004470348365,3.725476371840841e-09,0.05000000074505806,0.05000000074505806,3.7254763718408414e-11,2.6343864464297942e-11,10000.0,10000.0,10000.0,10000.0,
2,v,0.0005525513170186436,2.1794254336792927e-05,0.0005107386314573839,0.0005929807038688145,8.48374398210043e-07,6.001566146623475e-07,659.9467907226524,659.9467907226524,692.4477686955893,778.6929889418524,1.0007202225991279
3,s,0.0038035561468053717,0.00033083891496114604,0.0031979934894864346,0.004482566219250772,1.4578709728189096e-05,1.0421991283896584e-05,514.9854959323195,504.4339890933151,607.681180041572,691.6035393913751,1.0025506689422117
4,tau,0.4229568866724189,0.08356228182309584,0.27982941669984984,0.5824183233356229,0.0030772505985558283,0.0022560154040167533,737.3859386501464,686.555502894122,788.7712070992314,1321.728969969142,1.0014645159343438
5,gamma,1.0,0.0,1.0,1.0,0.0,0.0,10000.0,10000.0,10000.0,10000.0,
6,zeta,0.0,0.0,0.0,0.0,0.0,0.0,10000.0,10000.0,10000.0,10000.0,
