,Unnamed: 0,mean,sd,hdi_3%,hdi_97%,mcse_mean,mcse_sd,ess_mean,ess_sd,ess_bulk,ess_tail,r_hat
0,b,1.0,0.0,1.0,1.0,0.0,0.0,10000.0,10000.0,10000.0,10000.0,
1,p_error,0.050000004470348365,3.725476371840841e-09,0.05000000074505806,0.05000000074505806,3.7254763718408414e-11,2.6343864464297942e-11,10000.0,10000.0,10000.0,10000.0,
2,v,0.0001902679704776392,1.4243360257226568e-05,0.00016423625548319228,0.0002175267636617953,6.198080952202979e-07,4.416050835896247e-07,528.0930228982818,520.7312337339122,528.8552644720081,967.3254978866597,1.002208532559514
3,s,0.004050809415275493,0.0002511292934629809,0.0035846740893210514,0.004517015659972902,1.0839740033635487e-05,7.669022724159974e-06,536.7314158235282,536.7314158235282,540.697675046357,885.7611769125187,1.0027675620507053
4,tau,4.566684897167566,2.8452560967105085,0.7069765866184199,9.420926048534373,0.06986184375152041,0.049408472660222066,1658.6801182762024,1658.6801182762024,1517.7083990982364,1571.01222731031,1.002086070344306
5,gamma,1.0,0.0,1.0,1.0,0.0,0.0,10000.0,10000.0,10000.0,10000.0,
6,zeta,0.0,0.0,0.0,0.0,0.0,0.0,10000.0,10000.0,10000.0,10000.0,
