,Unnamed: 0,mean,sd,hdi_3%,hdi_97%,mcse_mean,mcse_sd,ess_mean,ess_sd,ess_bulk,ess_tail,r_hat
0,b,1.0,0.0,1.0,1.0,0.0,0.0,10000.0,10000.0,10000.0,10000.0,
1,p_error,0.050000004470348365,3.725476371840841e-09,0.05000000074505806,0.05000000074505806,3.7254763718408414e-11,2.6343864464297942e-11,10000.0,10000.0,10000.0,10000.0,
2,v,0.0005595382309457961,3.8013035522907346e-05,0.0004879050476704321,0.0006318925274430909,8.693729692210341e-07,6.148333295576823e-07,1911.8456940083881,1911.8456940083881,1905.3482571959805,2026.8062137823142,1.0029817780446229
3,s,0.007060620741480844,0.00034069641985037536,0.006415669727744143,0.0077144614636230876,8.815395041636531e-06,6.241605966877424e-06,1493.6594187664673,1490.3301104569787,1494.6982072422745,1551.2558992064255,1.0030723922212414
4,tau,6.18456614480349,2.2690293151787584,2.557264218741365,9.98837715039092,0.052374358145028964,0.03832493427248465,1876.9071399394552,1753.2018090572794,1780.8581120528513,1717.003356234516,1.000506938896918
5,gamma,1.0,0.0,1.0,1.0,0.0,0.0,10000.0,10000.0,10000.0,10000.0,
6,zeta,0.0,0.0,0.0,0.0,0.0,0.0,10000.0,10000.0,10000.0,10000.0,
