,Unnamed: 0,mean,sd,hdi_3%,hdi_97%,mcse_mean,mcse_sd,ess_mean,ess_sd,ess_bulk,ess_tail,r_hat
0,b,1.0,0.0,1.0,1.0,0.0,0.0,10000.0,10000.0,10000.0,10000.0,
1,p_error,0.050000004470348365,3.725476371840841e-09,0.05000000074505806,0.05000000074505806,3.7254763718408414e-11,2.6343864464297942e-11,10000.0,10000.0,10000.0,10000.0,
2,v,0.000152029283278092,2.9322997461436352e-05,0.00010504054586190118,0.0002116004418909249,1.663128631832923e-06,1.2423351100559404e-06,310.860144818988,279.13733761551885,357.1321832784563,336.34779961506166,1.0044807462524818
3,s,0.004738723253040586,0.0003408001022448929,0.0041065491491294025,0.005363439762525104,1.793565344215691e-05,1.2692681584611807e-05,361.0480678759797,361.0480678759797,410.9469910060196,389.5648317017991,1.0037184480224948
4,tau,4.36294984119191,2.725266744062105,0.9736166692332852,9.403330857807939,0.12602717033841998,0.08917030947031597,467.61632319590876,467.61632319590876,330.10561655734904,328.54901067395537,1.0052840036265138
5,gamma,1.0,0.0,1.0,1.0,0.0,0.0,10000.0,10000.0,10000.0,10000.0,
6,zeta,0.0,0.0,0.0,0.0,0.0,0.0,10000.0,10000.0,10000.0,10000.0,
