,Unnamed: 0,mean,sd,hdi_3%,hdi_97%,mcse_mean,mcse_sd,ess_mean,ess_sd,ess_bulk,ess_tail,r_hat
0,b,1.0,0.0,1.0,1.0,0.0,0.0,10000.0,10000.0,10000.0,10000.0,
1,p_error,0.050000004470348365,3.725476371840841e-09,0.05000000074505806,0.05000000074505806,3.7254763718408414e-11,2.6343864464297942e-11,10000.0,10000.0,10000.0,10000.0,
2,v,0.0002607652732357847,2.064343351070456e-05,0.0002222000881879583,0.00029869777947827533,4.727773946021928e-07,3.359722040084657e-07,1906.5599229258014,1888.25812972234,1911.6527238560934,1819.3871634403226,1.002608700591326
3,s,0.005644085254088914,0.0002757203786378937,0.0051149406129866685,0.006141913141720246,6.601814007898339e-06,4.669956389924888e-06,1744.259764083267,1743.5219488268426,1734.4360214630667,2062.150776387808,1.0020252378599523
4,tau,6.690708275201466,1.9960950850373862,3.3783055661429584,9.885945534317447,0.05185326682626989,0.03746055941293328,1481.870338331406,1420.2420237959411,1520.3230498646667,1963.9472503818795,1.0030084531352488
5,gamma,1.0,0.0,1.0,1.0,0.0,0.0,10000.0,10000.0,10000.0,10000.0,
6,zeta,0.0,0.0,0.0,0.0,0.0,0.0,10000.0,10000.0,10000.0,10000.0,
