,Unnamed: 0,mean,sd,hdi_3%,hdi_97%,mcse_mean,mcse_sd,ess_mean,ess_sd,ess_bulk,ess_tail,r_hat
0,b,1.0,0.0,1.0,1.0,0.0,0.0,10000.0,10000.0,10000.0,10000.0,
1,p_error,0.050000004470348365,3.725476371840841e-09,0.05000000074505806,0.05000000074505806,3.7254763718408414e-11,2.6343864464297942e-11,10000.0,10000.0,10000.0,10000.0,
2,v,0.000370811240751576,2.4193526413760666e-05,0.00032197423963821714,0.00041278766323421236,6.584790071501099e-07,4.657156085828273e-07,1349.9400510892513,1349.9400510892513,1350.1647577223953,1435.643528187218,1.0010224464540745
3,s,0.005442436236708282,0.0002724561919437797,0.004936253629348931,0.005934269077297664,8.300962201421946e-06,5.87763308669038e-06,1077.2995836338112,1074.964628827965,1086.4447502595167,1487.580627486124,1.0017862434090496
4,tau,1.125043110973436,0.19552094766963374,0.7877875159811448,1.4887086447064781,0.005532565083583517,0.003913028270089926,1248.9168470681884,1248.9168470681884,1252.7639723084765,1651.3725214814685,1.0004668914287316
5,gamma,1.0,0.0,1.0,1.0,0.0,0.0,10000.0,10000.0,10000.0,10000.0,
6,zeta,0.0,0.0,0.0,0.0,0.0,0.0,10000.0,10000.0,10000.0,10000.0,
