,Unnamed: 0,mean,sd,hdi_3%,hdi_97%,mcse_mean,mcse_sd,ess_mean,ess_sd,ess_bulk,ess_tail,r_hat
0,b,1.0,0.0,1.0,1.0,0.0,0.0,10000.0,10000.0,10000.0,10000.0,
1,p_error,0.050000004470348365,3.725476371840841e-09,0.05000000074505806,0.05000000074505806,3.7254763718408414e-11,2.6343864464297942e-11,10000.0,10000.0,10000.0,10000.0,
2,v,0.0002453099170713642,1.626098337904169e-05,0.00021594819589184212,0.00027603693680666497,4.7483548735617457e-07,3.358429325578636e-07,1172.7549477216976,1172.7549477216976,1186.7897567676896,1606.38563992588,1.0064084236042221
3,s,0.00440824605291907,0.00026656487754152366,0.003899297427794174,0.0048994389598705,8.638513116199974e-06,6.132026174733684e-06,952.1993021461408,945.4442260170717,961.29725486476,1363.3465074471487,1.004662109741936
4,tau,0.9772109940027758,0.1703254622541272,0.6635217983504853,1.2743109262979957,0.005300088145306786,0.0037764124813306423,1032.7446831303196,1017.6989506038648,1077.8975115961,1453.9988121203082,1.001271471337101
5,gamma,1.0,0.0,1.0,1.0,0.0,0.0,10000.0,10000.0,10000.0,10000.0,
6,zeta,0.0,0.0,0.0,0.0,0.0,0.0,10000.0,10000.0,10000.0,10000.0,
