,Unnamed: 0,mean,sd,hdi_3%,hdi_97%,mcse_mean,mcse_sd,ess_mean,ess_sd,ess_bulk,ess_tail,r_hat
0,b,1.0,0.0,1.0,1.0,0.0,0.0,10000.0,10000.0,10000.0,10000.0,
1,p_error,0.050000004470348365,3.725476371840841e-09,0.05000000074505806,0.05000000074505806,3.7254763718408414e-11,2.6343864464297942e-11,10000.0,10000.0,10000.0,10000.0,
2,v,0.00034762468297716223,2.668113394589635e-05,0.0003007821858594054,0.0004058181902276964,1.8438450701163597e-06,1.3410607861144577e-06,209.3918207514608,198.49984529305743,245.9234427215483,161.23362988323947,1.0039205477710789
3,s,0.004523696097625362,0.0005402371219727505,0.0032174473229408035,0.00533835125952479,3.860800479986839e-05,2.734075188127913e-05,195.80064993410468,195.80064993410468,244.07557844924338,232.03695912215406,1.0021910371868807
4,tau,4.495145065005986,2.8648032727338717,0.6637948356684962,9.383322576158221,0.07342662302259795,0.05193041447562945,1522.2377870322657,1522.2377870322657,1631.7648246766805,1886.8052688347907,1.000416072494706
5,gamma,1.0,0.0,1.0,1.0,0.0,0.0,10000.0,10000.0,10000.0,10000.0,
6,zeta,0.0,0.0,0.0,0.0,0.0,0.0,10000.0,10000.0,10000.0,10000.0,
