,Unnamed: 0,mean,sd,hdi_3%,hdi_97%,mcse_mean,mcse_sd,ess_mean,ess_sd,ess_bulk,ess_tail,r_hat
0,b,1.0,0.0,1.0,1.0,0.0,0.0,10000.0,10000.0,10000.0,10000.0,
1,p_error,0.050000004470348365,3.725476371840841e-09,0.05000000074505806,0.05000000074505806,3.7254763718408414e-11,2.6343864464297942e-11,10000.0,10000.0,10000.0,10000.0,
2,v,0.00028501711240000216,2.8354745005494385e-05,0.0002295936734310758,0.0003344629892724096,7.10215548893493e-07,5.022901542373277e-07,1593.9369548850516,1593.9369548850516,1581.8669242552476,2161.790063243021,1.0035536301240933
3,s,0.005876562609506393,0.0002878629373589831,0.005349600110376229,0.0064334237097477135,8.079473029938443e-06,5.714363333934798e-06,1269.4202855057215,1269.4202855057215,1270.2416545842655,1710.3264862300045,1.0042249118677606
4,tau,1.351229292640466,0.4894004539882447,0.7949872343955421,1.9244612767731752,0.01797135067386024,0.013623494841567696,741.5958631384392,645.8239729837809,1267.385436012849,1329.7438079995848,1.005607157602148
5,gamma,1.0,0.0,1.0,1.0,0.0,0.0,10000.0,10000.0,10000.0,10000.0,
6,zeta,0.0,0.0,0.0,0.0,0.0,0.0,10000.0,10000.0,10000.0,10000.0,
