,Unnamed: 0,mean,sd,hdi_3%,hdi_97%,mcse_mean,mcse_sd,ess_mean,ess_sd,ess_bulk,ess_tail,r_hat
0,b,1.0,0.0,1.0,1.0,0.0,0.0,10000.0,10000.0,10000.0,10000.0,
1,p_error,0.050000004470348365,3.725476371840841e-09,0.05000000074505806,0.05000000074505806,3.7254763718408414e-11,2.6343864464297942e-11,10000.0,10000.0,10000.0,10000.0,
2,v,0.00033810145373323674,3.0073665509470674e-05,0.00028536480695630237,0.0003971626448557036,6.756224223156287e-07,4.778075392520657e-07,1981.3656126034286,1981.3656126034286,1976.903053027216,2064.6948733383897,1.0022574910908864
3,s,0.006100398977413129,0.0003444183766601669,0.00550539671695481,0.006765364960553007,8.1100919678041e-06,5.7356287017875395e-06,1803.5204565831725,1803.5204565831725,1774.766020678958,1599.3326003614031,1.0013988379803451
4,tau,5.660768676147987,2.451363225325505,1.8982120673806644,9.782513642025947,0.057970692124314174,0.04183718955508649,1788.1270054179681,1717.1486651683213,1771.5569220420334,2266.994653152246,1.0025840114405893
5,gamma,1.0,0.0,1.0,1.0,0.0,0.0,10000.0,10000.0,10000.0,10000.0,
6,zeta,0.0,0.0,0.0,0.0,0.0,0.0,10000.0,10000.0,10000.0,10000.0,
