,Unnamed: 0,mean,sd,hdi_3%,hdi_97%,mcse_mean,mcse_sd,ess_mean,ess_sd,ess_bulk,ess_tail,r_hat
0,b,1.0,0.0,1.0,1.0,0.0,0.0,10000.0,10000.0,10000.0,10000.0,
1,p_error,0.050000004470348365,3.725476371840841e-09,0.05000000074505806,0.05000000074505806,3.7254763718408414e-11,2.6343864464297942e-11,10000.0,10000.0,10000.0,10000.0,
2,v,0.0002142649381549693,7.062677825173637e-06,0.00020048822879814468,0.00022687761158433935,2.4395284292517126e-07,1.725607726955923e-07,838.1601801815218,838.1601801815218,866.3717003091879,1055.6830398899756,1.0020512786589797
3,s,0.0023119443894851588,0.00018117890269329256,0.00200031796047732,0.002679700962202005,7.517158679713519e-06,5.318104973829115e-06,580.9086111615627,580.9086111615627,592.5039292295953,906.3304296488573,1.0023713820130604
4,tau,0.5387219393584699,0.0957856843275706,0.3657023658553754,0.7137084413055271,0.0033735720439623364,0.0023863392607076928,806.159979378687,806.159979378687,809.2926741224285,1546.7180051620107,1.0056996258245503
5,gamma,1.0,0.0,1.0,1.0,0.0,0.0,10000.0,10000.0,10000.0,10000.0,
6,zeta,0.0,0.0,0.0,0.0,0.0,0.0,10000.0,10000.0,10000.0,10000.0,
