,Unnamed: 0,mean,sd,hdi_3%,hdi_97%,mcse_mean,mcse_sd,ess_mean,ess_sd,ess_bulk,ess_tail,r_hat
0,b,1.0,0.0,1.0,1.0,0.0,0.0,10000.0,10000.0,10000.0,10000.0,
1,p_error,0.050000004470348365,3.725476371840841e-09,0.05000000074505806,0.05000000074505806,3.7254763718408414e-11,2.6343864464297942e-11,10000.0,10000.0,10000.0,10000.0,
2,v,0.00019650327215507162,1.5360265172970972e-05,0.00016912698911375476,0.00022644853906726015,6.806090398427724e-07,4.81539129229216e-07,509.33321694384966,509.33321694384966,510.22523435072833,964.6629937054677,1.0142178894254823
3,s,0.004200540684689812,0.00030976526712671125,0.0036170062843298703,0.004764689698294542,1.4640892449272076e-05,1.0359427253203296e-05,447.6414973936088,447.6414973936088,446.5808462530517,1106.5038340432222,1.0135861467764542
4,tau,0.982078762609049,0.24297024349108545,0.6049263084847522,1.4329069888606378,0.010391187431207365,0.007351602439591771,546.7336707303164,546.7336707303164,516.2815288991864,1230.1663399726442,1.0137190233039444
5,gamma,1.0,0.0,1.0,1.0,0.0,0.0,10000.0,10000.0,10000.0,10000.0,
6,zeta,0.0,0.0,0.0,0.0,0.0,0.0,10000.0,10000.0,10000.0,10000.0,
