,Unnamed: 0,mean,sd,hdi_3%,hdi_97%,mcse_mean,mcse_sd,ess_mean,ess_sd,ess_bulk,ess_tail,r_hat
0,b,1.0,0.0,1.0,1.0,0.0,0.0,10000.0,10000.0,10000.0,10000.0,
1,p_error,0.050000004470348365,3.725476371840841e-09,0.05000000074505806,0.05000000074505806,3.7254763718408414e-11,2.6343864464297942e-11,10000.0,10000.0,10000.0,10000.0,
2,v,0.0003371441199868958,4.0705671423686056e-05,0.0002629521799487315,0.00041430041410054665,1.0288700068493812e-06,7.330710662259871e-07,1565.2684486712685,1542.2401188036627,1577.366303305172,1717.3016444601676,1.0033896918291187
3,s,0.008971067546022853,0.00047856233245716437,0.008008497286144537,0.00979609438422173,1.2241207989836095e-05,8.657493555259435e-06,1528.3698810238504,1528.3698810238504,1511.110022257976,1501.4529724060392,1.0023642011310379
4,tau,5.46074021638893,2.4599725177993825,1.7979664049759498,9.735501917397997,0.06398985814331275,0.04525659549025536,1477.8767464186585,1477.8767464186585,1387.4813851187191,1118.336278259172,1.0015697459518214
5,gamma,1.0,0.0,1.0,1.0,0.0,0.0,10000.0,10000.0,10000.0,10000.0,
6,zeta,0.0,0.0,0.0,0.0,0.0,0.0,10000.0,10000.0,10000.0,10000.0,
