,Unnamed: 0,mean,sd,hdi_3%,hdi_97%,mcse_mean,mcse_sd,ess_mean,ess_sd,ess_bulk,ess_tail,r_hat
0,b,1.0,0.0,1.0,1.0,0.0,0.0,10000.0,10000.0,10000.0,10000.0,
1,p_error,0.050000004470348365,3.725476371840841e-09,0.05000000074505806,0.05000000074505806,3.7254763718408414e-11,2.6343864464297942e-11,10000.0,10000.0,10000.0,10000.0,
2,v,0.0002012479832249379,2.0903722203334207e-05,0.0001616658183060543,0.00023934058536375055,5.082922708112521e-07,3.5947891162456483e-07,1691.298403685413,1691.298403685413,1668.963090983768,2018.2446110809726,1.0009505703199746
3,s,0.005699301873496036,0.0002748976683428649,0.005193899987202714,0.0061992959283482686,6.109491420340848e-06,4.320685329805174e-06,2024.5662552865526,2024.5662552865526,2030.7867659405426,1709.7775468942718,1.0013942036197432
4,tau,5.974681519843457,2.253345746573725,2.6740136807045816,9.922771870435348,0.054741452108994657,0.03871471688169458,1694.4276905179252,1694.4276905179252,1717.867356322011,2088.368927444718,1.0014108916822997
5,gamma,1.0,0.0,1.0,1.0,0.0,0.0,10000.0,10000.0,10000.0,10000.0,
6,zeta,0.0,0.0,0.0,0.0,0.0,0.0,10000.0,10000.0,10000.0,10000.0,
