,WAIC,WAIC_se,p_WAIC,WAIC_i,WAIC_scale
0,-291.28682107443734,8.433420768287103,2.874568261807578,-10.095352684244263,log
1,-291.28682107443734,8.433420768287103,2.874568261807578,-10.965869299846126,log
2,-291.28682107443734,8.433420768287103,2.874568261807578,-13.18924215435972,log
3,-291.28682107443734,8.433420768287103,2.874568261807578,-10.417443840400175,log
4,-291.28682107443734,8.433420768287103,2.874568261807578,-11.124005573195323,log
5,-291.28682107443734,8.433420768287103,2.874568261807578,-8.736237000409973,log
6,-291.28682107443734,8.433420768287103,2.874568261807578,-11.913559871604475,log
7,-291.28682107443734,8.433420768287103,2.874568261807578,-9.246603686678284,log
8,-291.28682107443734,8.433420768287103,2.874568261807578,-9.038429429012556,log
9,-291.28682107443734,8.433420768287103,2.874568261807578,-8.759593919486267,log
10,-291.28682107443734,8.433420768287103,2.874568261807578,-12.220068592131154,log
11,-291.28682107443734,8.433420768287103,2.874568261807578,-12.410100719941557,log
12,-291.28682107443734,8.433420768287103,2.874568261807578,-11.867427029821473,log
13,-291.28682107443734,8.433420768287103,2.874568261807578,-14.115187148927784,log
14,-291.28682107443734,8.433420768287103,2.874568261807578,-10.733949096992706,log
15,-291.28682107443734,8.433420768287103,2.874568261807578,-9.289701426226957,log
16,-291.28682107443734,8.433420768287103,2.874568261807578,-12.562464345473316,log
17,-291.28682107443734,8.433420768287103,2.874568261807578,-9.593167850090012,log
18,-291.28682107443734,8.433420768287103,2.874568261807578,-12.43384201759317,log
19,-291.28682107443734,8.433420768287103,2.874568261807578,-11.179217933939219,log
20,-291.28682107443734,8.433420768287103,2.874568261807578,-12.638624857827816,log
21,-291.28682107443734,8.433420768287103,2.874568261807578,-10.214763925408864,log
22,-291.28682107443734,8.433420768287103,2.874568261807578,-10.999648778984547,log
23,-291.28682107443734,8.433420768287103,2.874568261807578,-15.604138526541876,log
24,-291.28682107443734,8.433420768287103,2.874568261807578,-11.410605756304316,log
25,-291.28682107443734,8.433420768287103,2.874568261807578,-10.527575608995418,log
