,WAIC,WAIC_se,p_WAIC,WAIC_i,WAIC_scale
0,-306.5586671951636,8.328016071717839,2.8260005594320607,-12.718263956284817,log
1,-306.5586671951636,8.328016071717839,2.8260005594320607,-12.009884224839645,log
2,-306.5586671951636,8.328016071717839,2.8260005594320607,-13.056073125262305,log
3,-306.5586671951636,8.328016071717839,2.8260005594320607,-10.691703160169643,log
4,-306.5586671951636,8.328016071717839,2.8260005594320607,-11.4925568872977,log
5,-306.5586671951636,8.328016071717839,2.8260005594320607,-15.789625793572581,log
6,-306.5586671951636,8.328016071717839,2.8260005594320607,-15.935288185863566,log
7,-306.5586671951636,8.328016071717839,2.8260005594320607,-15.874986356474796,log
8,-306.5586671951636,8.328016071717839,2.8260005594320607,-10.535265143291138,log
9,-306.5586671951636,8.328016071717839,2.8260005594320607,-14.015353455842138,log
10,-306.5586671951636,8.328016071717839,2.8260005594320607,-12.374834841454193,log
11,-306.5586671951636,8.328016071717839,2.8260005594320607,-13.18998496930342,log
12,-306.5586671951636,8.328016071717839,2.8260005594320607,-11.705126294134127,log
13,-306.5586671951636,8.328016071717839,2.8260005594320607,-11.107350675231988,log
14,-306.5586671951636,8.328016071717839,2.8260005594320607,-11.597584023077065,log
15,-306.5586671951636,8.328016071717839,2.8260005594320607,-11.330368221226143,log
16,-306.5586671951636,8.328016071717839,2.8260005594320607,-10.263018976404025,log
17,-306.5586671951636,8.328016071717839,2.8260005594320607,-13.140873682736562,log
18,-306.5586671951636,8.328016071717839,2.8260005594320607,-10.71719807107876,log
19,-306.5586671951636,8.328016071717839,2.8260005594320607,-10.048001666221632,log
20,-306.5586671951636,8.328016071717839,2.8260005594320607,-10.588277457676808,log
21,-306.5586671951636,8.328016071717839,2.8260005594320607,-11.922505247408704,log
22,-306.5586671951636,8.328016071717839,2.8260005594320607,-11.686776464257937,log
23,-306.5586671951636,8.328016071717839,2.8260005594320607,-11.61296602121225,log
24,-306.5586671951636,8.328016071717839,2.8260005594320607,-13.154800294841673,log
