,mean,sd,hdi_3%,hdi_97%,mcse_mean,mcse_sd,ess_mean,ess_sd,ess_bulk,ess_tail,r_hat
Intercept[0],68.22775126160128,4.068165185377313,60.17370429106568,75.35451489642783,0.14022183538205882,0.09919173806679744,841.7165434070776,841.6224264235617,838.8594638083401,999.8583495962012,1.0017899570019002
beta_rating[0],-17.19197029918388,7.137858534570551,-31.086209940904556,-4.136521360255832,0.25207178718891676,0.1783065451600673,801.8393988088135,801.8393988088135,804.5702144703471,945.9596338222706,1.0025631540900661
frac_items_seen_sd,12.708055804643083,0.7793469680982296,11.400537797806729,13.883562948061106,0.018186064531184355,0.013188409386007165,1836.4717192407136,1746.5939099903364,1371.5046955103135,906.309259415511,1.0019230340598102
