,mean,sd,hdi_3%,hdi_97%,mcse_mean,mcse_sd,ess_mean,ess_sd,ess_bulk,ess_tail,r_hat
Intercept[0],61.426824756446265,2.0528371333148825,57.64627031538354,65.34894677192386,0.05646161200796298,0.03999533282466514,1321.9116903131428,1317.8095705848818,1324.6273936978869,1942.463752177081,1.0008356456001486
beta_size[0],-112.51696479345014,54.62165720980782,-209.62614684952413,-6.1710369659010915,2.8741316205500023,2.033961423083956,361.1739670361319,361.1739670361319,362.1596194185612,422.81798577577615,1.0052563005426562
frac_items_seen_sd,12.750831644833127,0.7807582278575788,11.359902199955105,13.888805506243076,0.017314292679670457,0.012480693116543285,2033.4037972494916,1957.2900622541238,1568.5600404419363,1192.6957560708818,1.0017665904444064
