,mean,sd,hdi_3%,hdi_97%,mcse_mean,mcse_sd,ess_mean,ess_sd,ess_bulk,ess_tail,r_hat
Intercept[0],68.09620925887462,4.029323235995288,60.6429056240076,75.52626507175434,0.13641443223302982,0.09649183540560621,872.4560869820444,872.4560869820444,877.0537651453848,1307.7536158187283,1.0060757063837817
beta_rating[0],-16.953861680954322,7.07661467803587,-31.05949986036259,-4.796362489830618,0.230016479629057,0.16375623064232878,946.5274058768925,934.3222355482693,942.4750060147999,1154.706635277928,1.005895144737994
frac_items_seen_sd,12.664141848289855,0.795166677169418,11.329837769890348,13.885918143173566,0.02045335001118919,0.01477792243324368,1511.4279291231992,1448.2200509766994,1131.739555742984,907.935253704775,1.001104652430151
