,mean,sd,hdi_3%,hdi_97%,mcse_mean,mcse_sd,ess_mean,ess_sd,ess_bulk,ess_tail,r_hat
Intercept[0],68.17923449762903,4.05853383422596,60.81407844476927,75.82469964643764,0.13215603354572816,0.09371803732335672,943.1143450744898,938.2791821813902,947.5864515428324,984.4499144936299,0.9996058793095006
beta_rating[0],-17.1677778380537,7.1843811607669705,-30.565590472683517,-3.5549062784332377,0.24006761447992966,0.17365599689578054,895.5948278314398,856.3772297246119,904.3368620109654,981.4044744577917,0.9996747679082172
frac_items_seen_sd,12.676409059643891,0.8306892981588647,11.2675780171455,13.887232217555782,0.020159969694994947,0.014573477860739268,1697.8428146861675,1625.0875013768493,1296.9006752383345,1087.8372639672289,0.9999250230787684
