,mean,sd,hdi_3%,hdi_97%,mcse_mean,mcse_sd,ess_mean,ess_sd,ess_bulk,ess_tail,r_hat
Intercept[0],57.98447570964417,2.9217969464551987,52.46291299976027,63.150029982864126,0.08750505047997897,0.06189160897989718,1114.8946267563722,1114.8946267563722,1120.5314977453493,1913.4399338410108,1.0022083961095776
beta_row[0],-8.009509718260773,11.313620803195047,-28.750279175089236,13.608539983146457,0.3714262414450746,0.2627206214657921,927.8079077937896,927.8079077937896,925.5742216962641,1343.651014807146,1.003030817547015
frac_items_seen_sd,12.918319882271307,0.6818313311798591,11.733174586037318,13.885594386665234,0.01463765644994924,0.01047144908453231,2169.755549552807,2120.4587792480615,1771.0781458349861,1450.036239802697,1.0006842285825617
