,mean,sd,hdi_3%,hdi_97%,mcse_mean,mcse_sd,ess_mean,ess_sd,ess_bulk,ess_tail,r_hat
Intercept[0],61.42457476727001,2.052698744618301,57.58868517447987,65.24938966334544,0.06102369294340853,0.0434630116647998,1131.4971416985807,1115.8553796617898,1133.6964788344383,1611.230131528555,1.0003923109750512
beta_size[0],-114.11830672333741,56.15241879903001,-217.17772700026873,-7.75916397803367,3.1892337704173683,2.318578219238222,310.00180940547705,293.8506146053743,314.0013154480792,376.29265942022977,1.0049539570317902
frac_items_seen_sd,12.749279106431068,0.7695603788581867,11.396320131690974,13.883813760881868,0.018262991891160256,0.013127474238186951,1775.5853249665274,1718.8598697178804,1427.1643701552478,1063.1664860849871,1.0024473994187066
