,mean,sd,hdi_3%,hdi_97%,mcse_mean,mcse_sd,ess_mean,ess_sd,ess_bulk,ess_tail,r_hat
Intercept[0],61.52175444241651,1.9781685312474273,57.724264270728874,65.04485159667726,0.043943414830768246,0.031108380359365008,2026.4643690570338,2022.400058111733,2027.2510803380978,2656.759998336595,1.0001013211651935
beta_size[0],-116.90552681938661,49.81414807349684,-214.21729035154223,-26.26249610511052,2.3454928043455774,1.6613167912780746,451.0630008611062,450.1256553286788,452.38259461099585,541.687250328021,0.9999704993222678
frac_items_seen_sd,12.704018093230337,0.7801397817111855,11.36272878673817,13.885118145505135,0.016021663668638712,0.011534198397109103,2370.9894831728184,2287.9722979768353,1837.0477769822141,1284.8466343391385,1.0002115189319551
