,mean,sd,hdi_3%,hdi_97%,mcse_mean,mcse_sd,ess_mean,ess_sd,ess_bulk,ess_tail,r_hat
Intercept[0],60.39363786622314,1.8691642270280762,56.78775638014389,63.92782849418038,0.032986868807527665,0.023327357807628853,3210.7961601523657,3210.7961601523657,3225.4271418864437,2722.7035481217545,0.9998817940533513
beta_col[0],20.258304521521133,14.069063810105495,-4.2955355646984605,47.94604504510635,0.4995603291058486,0.35337247662361276,793.1485099337857,793.1485099337857,773.46629629551,1053.2146420046313,1.0004841124332893
frac_items_seen_sd,12.85876982791056,0.7322913114406944,11.556947390575555,13.88861927686151,0.016722868167572378,0.012045904855143699,1917.5479402245896,1848.400145390604,1451.3568452018033,985.330397745661,1.0011789494157228
