,mean,sd,hdi_3%,hdi_97%,mcse_mean,mcse_sd,ess_mean,ess_sd,ess_bulk,ess_tail,r_hat
Intercept[0],0.23326167521049923,0.02662553597545505,0.18097888740646145,0.27978761365617055,0.0004889361221252883,0.0003476282752110135,2965.4627319759957,2933.748620894478,2984.716554944235,2634.352627824613,1.0007069900836203
beta_row[0],-0.07997071771476108,0.1026190322344941,-0.27148087933924486,0.11046662003076274,0.001968811506022315,0.0015654782303743027,2716.7367133093708,2149.065591146016,2733.86915724004,1923.955779367632,1.0019440384527551
gaze_influence_sd,0.12334332708595312,0.006513631256506011,0.1117984961903292,0.1323644554911596,0.00028357085726597183,0.00020172685214725266,527.6223037946902,521.8848335017135,464.6325835425645,495.59990401425466,1.0027316543826579
