,mean,sd,hdi_3%,hdi_97%,mcse_mean,mcse_sd,ess_mean,ess_sd,ess_bulk,ess_tail,r_hat
Intercept[0],0.25969702431702685,0.019495841376950443,0.22215792677849158,0.2956946695533737,0.00032460135086276825,0.00022988801742402794,3607.308786420265,3596.5967268878335,3604.1684179605218,2872.7732715558077,1.0001250209124675
beta_size[0],-0.6545662695259248,0.5084646686949222,-1.601163907860206,0.25476794911460765,0.010956625349675378,0.008139682050459602,2153.6143596841116,1951.6705699490801,2146.8796294015174,1997.6273351064515,1.0017772134860536
gaze_influence_sd,0.12323409471082973,0.006953819354146415,0.11062223191692193,0.13235151326250835,0.00023829647418851282,0.00017082985943654737,851.5527888622888,829.0771434484747,639.6368489950582,448.21083137991167,1.002219060174586
