,mean,sd,hdi_3%,hdi_97%,mcse_mean,mcse_sd,ess_mean,ess_sd,ess_bulk,ess_tail,r_hat
Intercept[0],0.24394669998058338,0.0188531935827557,0.20795974020829405,0.27918186267186446,0.00031585314959227054,0.00022719373960160432,3562.8655168636838,3443.663532797759,3597.4865132760365,2863.2232121831057,1.0004213845000518
beta_col[0],-0.11908091446799382,0.1405876384400921,-0.37388650660573736,0.1505362432040666,0.002658857739150316,0.0024282925671917054,2795.786922635976,1676.5379740063618,2798.099591991757,1711.2274240351605,1.0010297329930131
gaze_influence_sd,0.12339210670102825,0.006515560576630628,0.11139051378807197,0.1323531140149952,0.0002808960313870699,0.00020050915412099223,538.0372782000462,528.5484419462102,438.8998863978612,371.81531030471393,1.0030868702608784
