,mean,sd,hdi_3%,hdi_97%,mcse_mean,mcse_sd,ess_mean,ess_sd,ess_bulk,ess_tail,r_hat
Intercept[0],0.25876562401808595,0.01918888063235116,0.22252970910593392,0.29433194472061724,0.00037384383651601293,0.00026437678216695065,2634.625146478673,2634.625146478673,2631.0264581456204,2167.5888619786097,0.9996518153255487
beta_size[0],-0.6128297650010781,0.5065420776592438,-1.5457227691669781,0.33408402607087495,0.0110042469032683,0.008089701473379594,2118.8997145104995,1960.944413530779,2119.585801952655,1927.2591098129117,0.999883872400729
gaze_influence_sd,0.12366412866117243,0.006648973211428567,0.11143751600584915,0.132366051314249,0.00024110707061735016,0.0001726024663785257,760.482585255206,742.5513819934887,555.0109032746258,362.40688966042393,1.0076091022011888
