,mean,sd,hdi_3%,hdi_97%,mcse_mean,mcse_sd,ess_mean,ess_sd,ess_bulk,ess_tail,r_hat
Intercept[0],0.24337964789720792,0.01818841657614024,0.20748254109963482,0.2753311336021235,0.0002860323254591878,0.00020249805091248274,4043.519585152903,4034.4180062501277,4046.5105181707763,2554.68017154509,1.0000004652539847
beta_col[0],-0.11827160500895724,0.13673937824963764,-0.3640800725063415,0.1370419109611708,0.0026745895788966244,0.00222495841752491,2613.8033211696534,1889.0677811615217,2604.814326067303,2122.567063405086,1.000020197140083
gaze_influence_sd,0.12317770246041078,0.006534156702510263,0.11128128745243264,0.132347650686303,0.0002615082602185558,0.00018652492539641502,624.3214670875458,614.1692537377729,526.8982875915281,436.877285205431,1.0012816428574147
