,mean,sd,hdi_3%,hdi_97%,mcse_mean,mcse_sd,ess_mean,ess_sd,ess_bulk,ess_tail,r_hat
Intercept[0],0.20382392692620357,0.03927249503518822,0.1290467064025186,0.2776822195908412,0.0008049410933115646,0.0005692490608357841,2380.393679277991,2380.393679277991,2391.022900190574,1881.1134000267475,1.0003183800346382
beta_rating[0],0.08831340864441671,0.06929199618709421,-0.03383283013051894,0.22893761657774514,0.0014166680399219098,0.0010951111487237475,2392.3788425714483,2002.3790388840082,2407.696655257154,2004.320581622255,1.0008375748269316
gaze_influence_sd,0.12327570203007567,0.006982720092353067,0.11052059068124157,0.1323407636069164,0.0002955172187705173,0.0002104699444703437,558.3206425538243,550.933557748953,460.9091861109096,628.9670332624405,1.0018416021467258
