,mean,sd,hdi_3%,hdi_97%,mcse_mean,mcse_sd,ess_mean,ess_sd,ess_bulk,ess_tail,r_hat
Intercept[0],77.65580970021317,2.983813800173118,71.81827079047176,82.8292878602072,0.09147202144446848,0.06469822430403897,1064.0618756569697,1064.0618756569697,1079.7751727450225,1328.9171241616125,0.9999883560429994
beta_rating[0],13.673655630661015,5.262050555455914,3.6567984595029035,23.212295426423733,0.16520011691713707,0.11977472578526975,1014.5870899477293,965.6330389821526,1028.2829876532078,1215.2669735468214,1.0002615306971159
p_choose_best_seen_sd,9.323005066894366,0.6009843292764014,8.302403925514435,10.256511071386416,0.015177469832103045,0.010870615866529808,1567.933138696325,1528.8108241006332,1349.067382950212,1304.1087065690363,1.0017091112702166
