,mean,sd,hdi_3%,hdi_97%,mcse_mean,mcse_sd,ess_mean,ess_sd,ess_bulk,ess_tail,r_hat
Intercept[0],43.4761690263826,3.2408839967157186,37.27422858850805,49.35629911020443,0.06782268223686219,0.04803552162991137,2283.3739930417782,2276.581759744963,2276.3277506759287,2738.4611724407787,1.0010357140008073
beta_col[0],-24.224538321441017,23.59694956564231,-70.89390779619667,16.248661200573274,1.048815759822794,0.7420524804543718,506.1897182166123,506.1897182166123,506.0119376351712,896.8820879387893,1.0040186751532894
p_choose_last_seen_sd,21.395319163677456,1.1497192717531295,19.359305545252308,23.04002355716515,0.022355254616342957,0.01594303187338306,2644.9921104467658,2600.813545316443,1983.079304293231,1233.3878805445756,1.0011360083309977
