,mean,sd,hdi_3%,hdi_97%,mcse_mean,mcse_sd,ess_mean,ess_sd,ess_bulk,ess_tail,r_hat
Intercept[0],84.03628438721276,2.078050558725851,80.19275014563101,87.92996589238014,0.05553788343267234,0.03934241650830777,1400.0178410580113,1395.5382363414035,1406.7194754084944,1816.9213033376427,0.9998401482997019
beta_row[0],-2.3815456833412907,7.885822848229448,-16.622776016585238,12.538231698115519,0.2278218509190441,0.1611336080067545,1198.1281757111165,1198.1281757111165,1199.850567788786,1413.5408797307098,1.0002664565110717
p_choose_best_seen_sd,9.549396738872225,0.5082299647681977,8.630142063798361,10.2585193726116,0.010496719425826539,0.007548166175001847,2344.3009122186136,2267.3542724539598,1765.7127573655064,1377.8425563959238,1.0006813455090913
