,mean,sd,hdi_3%,hdi_97%,mcse_mean,mcse_sd,ess_mean,ess_sd,ess_bulk,ess_tail,r_hat
Intercept[0],84.12482306733463,2.0809851754428688,80.22467734271915,87.96766062845997,0.05272796364634943,0.037291284513264945,1557.6001285933437,1557.6001285933437,1557.3887575874974,2126.2036029704504,1.001405124547527
beta_row[0],-1.9967395872193892,8.195255580829938,-18.39386692158294,12.53209997909891,0.21860759510536137,0.16979816806904965,1405.3824024727337,1165.3234101401274,1408.5201458744748,1421.9284898769245,1.0008169375305684
p_choose_best_seen_sd,9.571218768463357,0.5231236899094361,8.647528736271514,10.258660001790094,0.012045780286957608,0.008678611727737309,1885.9878931866317,1817.2626283860727,1249.7066695904036,810.828114465789,1.001243237403839
