,mean,sd,hdi_3%,hdi_97%,mcse_mean,mcse_sd,ess_mean,ess_sd,ess_bulk,ess_tail,r_hat
Intercept[0],47.830232547336145,3.3413929044666237,41.54345450719096,54.263513760831465,0.10613594388529704,0.07518259023273825,991.1288526991227,988.2048508891116,990.0155750427602,1674.8506113094381,1.007061526577457
beta_size[0],-195.40950999736916,89.02369719817575,-372.6361920781903,-37.62013174550982,6.6035337343625145,4.676917631113694,181.74331779011908,181.74331779011908,175.3569200076584,259.9044447527958,1.0225190700374778
p_choose_last_seen_sd,21.11531958901467,1.264449042589149,18.942289163329413,23.040804062812363,0.026553985449644255,0.01904048871578819,2267.4788140155847,2205.6234167522225,1782.401307656971,954.333954661861,0.9997105708536815
