,mean,sd,hdi_3%,hdi_97%,mcse_mean,mcse_sd,ess_mean,ess_sd,ess_bulk,ess_tail,r_hat
Intercept[0],43.388971942604215,3.2507783813085624,37.386972690882345,49.442126849453096,0.06052180212308979,0.04279982110781798,2885.0345816993163,2885.0187804186235,2881.6685947200754,2586.133574963303,1.0028970437064029
beta_col[0],-26.688497799303068,24.448366678565623,-73.22528810766399,18.53410865148578,1.070847333585282,0.7576275120611595,521.2482162723421,521.2482162723421,526.908882419558,708.4783688274571,1.005229748765592
p_choose_last_seen_sd,21.376239561106928,1.1347218436422812,19.391797853218918,23.03289527573368,0.022925999437884075,0.01642412516199479,2449.752872420033,2387.2092112038467,1976.6799343014852,1656.6750606940159,0.9996470937465154
