,mean,sd,hdi_3%,hdi_97%,mcse_mean,mcse_sd,ess_mean,ess_sd,ess_bulk,ess_tail,r_hat
Intercept[0],77.4917258934586,3.0264762630378264,71.34914791589065,82.51094154143154,0.09252067138209517,0.06543983497645116,1070.032559696049,1070.032559696049,1069.3146613607503,1341.3990626298416,0.9997887640012569
beta_rating[0],13.931147267403722,5.323114197065522,4.062845220168983,24.057651962268892,0.1680202642573618,0.12093149242888937,1003.7099734952935,969.3579735191913,1005.31265426763,1213.351786045687,1.0002231011603904
p_choose_best_seen_sd,9.313663945268301,0.608356726191681,8.268024696244622,10.249081116615631,0.013568075910737052,0.009747799027667025,2010.3889976662506,1948.0655612431908,1640.988405361211,1203.5697871538182,1.0010462897020433
