,mean,sd,hdi_3%,hdi_97%,mcse_mean,mcse_sd,ess_mean,ess_sd,ess_bulk,ess_tail,r_hat
Intercept[0],47.865496402569256,3.349542148763909,41.437542960165494,53.929479619495474,0.09709657127262665,0.06896579348709622,1190.0442379839612,1180.016767063131,1195.5793764810817,2541.8036646683486,1.0004706429584214
beta_size[0],-195.23987075907812,86.54053412922602,-349.8313134754883,-25.64186828332642,5.202889884034053,3.901083433997445,276.66223041850714,246.64214279474788,273.263181635357,268.91454716055006,1.0032050790656581
p_choose_last_seen_sd,21.114740142440365,1.309746854798293,18.80209899269453,23.021716306542388,0.02855040054600096,0.020356202278769737,2104.506722493623,2070.4921799910917,1852.8697234783522,1605.1674976120394,1.0007550300147559
