,mean,sd,hdi_3%,hdi_97%,mcse_mean,mcse_sd,ess_mean,ess_sd,ess_bulk,ess_tail,r_hat
Intercept[0],42.303831658329734,4.77931474543272,33.75772521433444,51.329175931033824,0.1585015418635551,0.11258630226704033,909.2101638355716,901.594505799086,910.1288622788545,1318.2573497374567,1.0017899726926198
beta_row[0],-11.367083050730676,18.908088338763864,-44.22366819536668,27.614196855015287,0.8254492197510969,0.5840054983907657,524.7041783645549,524.7041783645549,528.5592593659869,881.1205773330627,1.00531162431527
p_choose_last_seen_sd,21.457709993977936,1.1283712196266495,19.442308111704193,23.034820988136214,0.02366447163783594,0.01690944273184248,2273.5807121574826,2227.046003669796,1721.397764768043,1327.8365653501855,1.0019639346355371
