,mean,sd,hdi_3%,hdi_97%,mcse_mean,mcse_sd,ess_mean,ess_sd,ess_bulk,ess_tail,r_hat
Intercept[0],77.71540332710862,2.8425211064935323,72.51422331972928,82.95210210374293,0.086540957280758,0.06132832242169018,1078.857304879413,1074.70936866472,1074.0836465015893,1417.7075609499027,1.0007343909892867
beta_rating[0],13.520796730025179,5.019911116420909,4.612258570884515,23.1743259814837,0.1541216813063334,0.1090104620423715,1060.8758884203455,1060.8758884203455,1051.714938779192,1132.3876948302398,1.0009624978973024
p_choose_best_seen_sd,9.307494328079757,0.6057382075836779,8.262176570215201,10.257586167543996,0.01418205974918476,0.010344194816684294,1824.2792350000425,1715.119154871309,1289.3038900363972,1053.0206300960408,0.9999836966030865
