,mean,sd,hdi_3%,hdi_97%,mcse_mean,mcse_sd,ess_mean,ess_sd,ess_bulk,ess_tail,r_hat
Intercept[0],5.137315469857071,0.40992908340572504,4.325358497324164,5.883702007645172,0.008800125447228921,0.0062234649827595115,2169.9000842942173,2169.9000842942173,2172.708997270738,2403.333160277977,1.0005776552514172
beta_row[0],-0.8044753857615562,1.5937768117127695,-3.6651002816443645,2.241320877225962,0.03501343133914864,0.02578766078027276,2071.980480561773,1910.4415112871616,2067.474157632573,2403.8371857750003,1.0003218655569444
RT_sd,1.8777613655816086,0.09894889715312642,1.70305538464408,2.0137766573593616,0.002319633561570519,0.0016597249728563183,1819.6302530587343,1777.7152552560476,1464.5911273785637,1284.5348234369221,1.000229155995008
