,mean,sd,hdi_3%,hdi_97%,mcse_mean,mcse_sd,ess_mean,ess_sd,ess_bulk,ess_tail,r_hat
Intercept[0],5.466427939323569,0.27830900781627493,4.975159438172667,6.008756661755116,0.004328141089674607,0.0030764387396501384,4134.773336069494,4092.5113792499137,4131.987553746663,2846.0735800057228,1.0016865846721994
beta_col[0],3.94958220695622,2.009275894039601,0.24834325856775125,7.754963325602999,0.040421318095736215,0.02899206085826718,2470.9172722983353,2402.129718596108,2472.3226770689703,2336.699366400879,1.00027638530119
RT_sd,1.8518531813463974,0.11130067209035724,1.6580622734625814,2.0138086024029564,0.002925189841169471,0.002119625865368996,1447.7296222409036,1379.2115561798678,982.0438842858986,641.9925723738893,1.0054373322437895
