,mean,sd,hdi_3%,hdi_97%,mcse_mean,mcse_sd,ess_mean,ess_sd,ess_bulk,ess_tail,r_hat
Intercept[0],6.024326703980487,0.5931557750710071,4.910774783427113,7.164933706052629,0.0168159712034639,0.01189347578996701,1244.2097958961353,1244.2097958961353,1243.5521534281286,1429.227159282895,1.0037557817126663
beta_rating[0],-1.4668735254917515,1.0506916446164332,-3.4241271111618046,0.6016587945719126,0.03093413602966364,0.021879269870002944,1153.6513413465225,1153.6513413465225,1151.4934607963085,1274.3134594262958,1.00343723934091
RT_sd,1.860388508258064,0.10837375372588393,1.664511871717032,2.0135257570433405,0.0024812975986695956,0.0017821327881110917,1907.6140917391426,1849.5884811250078,1431.3941707930537,1155.8408839940932,1.0013534450641068
