,mean,sd,hdi_3%,hdi_97%,mcse_mean,mcse_sd,ess_mean,ess_sd,ess_bulk,ess_tail,r_hat
Intercept[0],6.07244893520486,0.616935717305052,4.965824387894177,7.278695112029969,0.016826186803837274,0.011942835016103263,1344.337818903901,1334.8264649922899,1347.1588867070386,1443.7511398004674,1.0001571767259578
beta_rating[0],-1.5448594333923293,1.0848442437375974,-3.460986923310532,0.5996398347345453,0.029861095548727724,0.021853568311217937,1319.846130691988,1232.7233777741803,1318.7854637104904,1500.1620089698297,1.000534048295938
RT_sd,1.8608891230912943,0.1032738757311677,1.685899554499636,2.0133790030741903,0.002486892446692814,0.0017803121602783724,1724.514876241845,1683.0971710432163,1421.4895647513151,1146.6890037744433,1.0011309138732913
