,mean,sd,hdi_3%,hdi_97%,mcse_mean,mcse_sd,ess_mean,ess_sd,ess_bulk,ess_tail,r_hat
Intercept[0],5.59574673236327,0.294709340080046,5.031293418335818,6.126327164539103,0.006289197990276448,0.004447725384694206,2195.822677451086,2195.822677451086,2202.414458150357,2570.534770275583,1.000835320362248
beta_size[0],-18.091732063949692,7.784220219626339,-32.71753127566801,-3.8690686753968766,0.25173887838613046,0.17806059532043927,956.15795352247,956.15795352247,964.8813346188157,1106.7839369440142,1.0028512816474673
RT_sd,1.8412926192762888,0.11613477053518503,1.6415704036563552,2.0138992686919983,0.0026946448077731747,0.0019382099611398545,1857.4685879115902,1795.7009079535,1453.4879039507807,1194.3644515623976,1.0020158379774575
