,mean,sd,hdi_3%,hdi_97%,mcse_mean,mcse_sd,ess_mean,ess_sd,ess_bulk,ess_tail,r_hat
Intercept[0],5.5996477145778325,0.28972182564345317,5.049567148461821,6.143756783602318,0.005984029414145746,0.00423967764420888,2344.09380519202,2335.4751285889415,2351.678723057656,2575.6344423442147,0.9998278410312866
beta_size[0],-18.41453086115513,7.6347637735360045,-32.733767824465836,-4.425554063869555,0.24998162476918523,0.17835950425774288,932.771000063363,916.7378297581297,933.6365762618038,1397.2230663981866,1.001769005471186
RT_sd,1.8394876934916233,0.11272529452960767,1.6479402217487382,2.013598994778039,0.002685486609921946,0.0019313113858194693,1761.962961687664,1703.9500828230846,1376.7007482977122,1069.4924004947156,0.999932783118702
