,mean,sd,hdi_3%,hdi_97%,mcse_mean,mcse_sd,ess_mean,ess_sd,ess_bulk,ess_tail,r_hat
Intercept[0],5.4615833577590855,0.2802873238338696,4.9862369574826015,6.021945289242196,0.0044812454566306266,0.003171269016906291,3912.0955048177475,3906.3900747486914,3893.082492076279,2980.1727138894285,1.0009371338984376
beta_col[0],3.954393372569518,2.0461779833919578,0.10034003300028926,7.783950218220633,0.03675188575546157,0.025989953294764674,3099.7563556539894,3099.7563556539894,3111.226905350202,2534.1222586229796,1.0007957914597059
RT_sd,1.8516366622099951,0.10846082801384307,1.6625339252947544,2.0134861811485787,0.002390950849140237,0.0017240147575277997,2057.8064987018943,1979.5290486915783,1525.2133639498436,1026.599206065476,1.003477063580222
