,mean,sd,hdi_3%,hdi_97%,mcse_mean,mcse_sd,ess_mean,ess_sd,ess_bulk,ess_tail,r_hat
b,1.0,0.0,1.0,1.0,0.0,0.0,10000.0,10000.0,10000.0,10000.0,
p_error,0.05000000447034836,3.725476371840841e-09,0.05000000074505806,0.05000000074505806,3.7254763718408414e-11,2.6343864464297942e-11,10000.0,10000.0,10000.0,10000.0,
v,0.00017893603560657854,2.8227931040212204e-05,0.00012345442663654434,0.00022851131356450816,1.0405129141676707e-06,7.360455135318212e-07,735.9751420755355,735.9751420755355,799.6855766058782,639.7324262560126,1.0053218101083714
s,0.009043045568769531,0.0006673488497756274,0.007898034492254846,0.010343550837128138,2.0727593437168648e-05,1.4802045549093004e-05,1036.5925169956047,1016.9077956047124,1088.4096979631797,1372.2680406090865,1.0048943861033592
gamma,0.005117619403480666,0.006041124666060371,3.7447648787904536e-07,0.015230185324665706,0.00016342770499859363,0.00011558551424275512,1366.4200692290017,1366.4200692290017,1550.275276142341,1545.9434127300774,1.001264236967781
zeta,0.2744540264533763,0.31180376940246796,0.00018616323838596398,0.8026812209068608,0.010354620767245606,0.00732417896513639,906.7641193196773,906.7641193196773,1138.7383751987736,1094.0881213214877,1.003108736038532
