,mean,sd,hdi_3%,hdi_97%,mcse_mean,mcse_sd,ess_mean,ess_sd,ess_bulk,ess_tail,r_hat
b,1.0,0.0,1.0,1.0,0.0,0.0,10000.0,10000.0,10000.0,10000.0,
p_error,0.05000000447034836,3.725476371840841e-09,0.05000000074505806,0.05000000074505806,3.7254763718408414e-11,2.6343864464297942e-11,10000.0,10000.0,10000.0,10000.0,
v,5.2071017858506805e-05,2.4051587621639987e-05,1.2151072085143316e-05,9.598069191918639e-05,2.1551886865421663e-06,1.5275317945511878e-06,124.5423054414793,124.5423054414793,123.29107687273954,337.537921026951,1.0106396756047493
s,0.006021890009071353,0.0006296847872597872,0.004807630437262011,0.007099605907526628,2.735103598185763e-05,1.9350755582126745e-05,530.0280339145951,530.0280339145951,521.9833567267398,1129.921440146378,1.0013641145141459
gamma,0.19730873661750675,0.15785089743740302,0.0009156629260547127,0.48492699439018105,0.012968985276138047,0.009188573178861488,148.1433346794298,148.1433346794298,143.29141538717303,362.42482915247143,1.0125606046924462
zeta,1.7827446675441028,2.0842166030278038,5.267720112553223e-05,6.064904147567755,0.13792055446615817,0.09764938955301283,228.36403790152835,228.36403790152835,215.59476362558667,598.8769459791353,1.0062921632151527
