,mean,sd,hdi_3%,hdi_97%,mcse_mean,mcse_sd,ess_mean,ess_sd,ess_bulk,ess_tail,r_hat
b,1.0,0.0,1.0,1.0,0.0,0.0,10000.0,10000.0,10000.0,10000.0,
p_error,0.05000000447034836,3.725476371840841e-09,0.05000000074505806,0.05000000074505806,3.7254763718408414e-11,2.6343864464297942e-11,10000.0,10000.0,10000.0,10000.0,
v,0.00020399745020464354,2.0328911990626236e-05,0.00016584867889240924,0.00024124531562795938,6.923306564580137e-07,4.897174066658555e-07,862.1863564079488,862.1863564079488,879.8036648018941,1119.3722041436417,1.0050126166087374
s,0.006948962770963206,0.0005218080728715798,0.005978699226929944,0.007894605409947865,1.4523792943350264e-05,1.0325573778464557e-05,1290.807529038895,1277.501932643176,1305.9867525013494,1779.2873429396132,1.0017544559436413
gamma,0.005187803034534275,0.005516371258123463,3.8899112588931953e-07,0.014927310459817053,0.00013622242643694202,9.634093878249761e-05,1639.8712441600412,1639.8712441600412,1480.1988470345957,1942.613803993523,1.000505330496223
zeta,0.18823994549949685,0.19236908709212455,0.00010066683394389513,0.5429396714664224,0.005690385400466823,0.0040842274537529885,1142.8446645913953,1109.8111294050846,1253.617094559618,1366.5989649889164,1.0025122074894606
