,mean,sd,hdi_3%,hdi_97%,mcse_mean,mcse_sd,ess_mean,ess_sd,ess_bulk,ess_tail,r_hat
b,1.0,0.0,1.0,1.0,0.0,0.0,10000.0,10000.0,10000.0,10000.0,
p_error,0.05000000447034836,3.725476371840841e-09,0.05000000074505806,0.05000000074505806,3.7254763718408414e-11,2.6343864464297942e-11,10000.0,10000.0,10000.0,10000.0,
v,0.00017686372671066197,3.8332767178937434e-05,0.00010220362976708106,0.00024912410038157424,1.5902199062992218e-06,1.1250201834169834e-06,581.0666786860055,581.0666786860055,588.4543624178186,503.3660673408307,1.002967296338183
s,0.014876530335417368,0.0017726031131215403,0.011282576989899424,0.017970197171282246,6.136838368758332e-05,4.3409179202639216e-05,834.3219035246441,834.3219035246441,825.2620446975795,1290.603159648393,1.0017459787743102
gamma,0.010583381606035983,0.012211934992959906,7.284757647811358e-07,0.03210617664493117,0.00035665630713899556,0.0002522568611028257,1172.3820231446177,1172.3820231446177,1181.9298166107026,1425.790268078458,1.0020051511617187
zeta,0.7607853739814773,0.9573006004698155,0.0003045851718048942,2.3508069166431627,0.04022495037054495,0.028713686436999085,566.3770260749222,556.3452823786913,797.4523267497402,595.549267934048,1.0012328853479886
