,mean,sd,hdi_3%,hdi_97%,mcse_mean,mcse_sd,ess_mean,ess_sd,ess_bulk,ess_tail,r_hat
b,1.0,0.0,1.0,1.0,0.0,0.0,10000.0,10000.0,10000.0,10000.0,
p_error,0.05000000447034836,3.725476371840841e-09,0.05000000074505806,0.05000000074505806,3.7254763718408414e-11,2.6343864464297942e-11,10000.0,10000.0,10000.0,10000.0,
v,0.0001764388615311722,4.055740859899965e-05,0.00010147727469553167,0.00025410499211269127,1.6755198811592686e-06,1.18536173735817e-06,585.9239163140203,585.9239163140203,590.4792086407422,681.4194797189169,1.0019368401684488
s,0.01494850675724264,0.0018100988591894362,0.011495320926261451,0.018296932745752784,6.357937946143064e-05,4.497359796123355e-05,810.5354602269925,810.5354602269925,802.9119779468856,1356.3754734716556,1.0015086666755775
gamma,0.010164601829447084,0.011085940771030211,1.177011466459964e-05,0.029172992828008712,0.0002907670068251629,0.00020564458999686462,1453.6332764967538,1453.6332764967538,1338.8786257580944,1711.06634889663,1.0003397569131804
zeta,0.7424003302736685,0.9391158265569161,0.00016790589709493025,2.3317079557724067,0.035591400482255175,0.025669039016344142,696.2226765609134,669.8345001497997,949.1582795725104,914.8612250689234,1.000527658685369
