,mean,sd,hdi_3%,hdi_97%,mcse_mean,mcse_sd,ess_mean,ess_sd,ess_bulk,ess_tail,r_hat
b,1.0,0.0,1.0,1.0,0.0,0.0,10000.0,10000.0,10000.0,10000.0,
p_error,0.05000000447034836,3.725476371840841e-09,0.05000000074505806,0.05000000074505806,3.7254763718408414e-11,2.6343864464297942e-11,10000.0,10000.0,10000.0,10000.0,
v,0.0002323740282667992,2.585930199310494e-05,0.00018162676021904527,0.0002761435938754374,1.0465907084980035e-06,7.404052398728345e-07,610.491816088525,610.491816088525,662.4406173899133,866.7034199152278,1.005007319954987
s,0.012409281072074113,0.0010259757829494099,0.010561016433370927,0.014387392929412091,2.7205427484239926e-05,1.9299531937920343e-05,1422.2079788659184,1413.6110438396834,1442.2056949008831,1828.1275156442916,1.001520504795764
gamma,0.004084191631278925,0.0041587436033842335,1.3302647980622605e-06,0.011740203599155804,9.797132601938923e-05,6.928740566449213e-05,1801.8818860823542,1801.8818860823542,1471.592466652013,1544.486056851492,1.0016073340685039
zeta,0.500346806990118,0.5584944254530168,0.0005117810465825514,1.3859477966445257,0.02463096064169177,0.0174266093425539,514.132413342929,514.132413342929,626.113416008647,733.3453199383554,1.0063962419533812
