,mean,sd,hdi_3%,hdi_97%,mcse_mean,mcse_sd,ess_mean,ess_sd,ess_bulk,ess_tail,r_hat
b,1.0,0.0,1.0,1.0,0.0,0.0,10000.0,10000.0,10000.0,10000.0,
p_error,0.05000000447034836,3.725476371840841e-09,0.05000000074505806,0.05000000074505806,3.7254763718408414e-11,2.6343864464297942e-11,10000.0,10000.0,10000.0,10000.0,
v,0.00026313317573371965,6.045561724122416e-05,0.00014475201907714243,0.0003683132535212205,2.7787653879340676e-06,1.9660958711174954e-06,473.33602333211724,473.33602333211724,501.13593438229134,622.0717948755665,1.0042836230905927
s,0.02066776958252795,0.0018409392521366013,0.017260339341523802,0.024149856692663403,5.439011080765577e-05,3.8741349537068574e-05,1145.6158888097077,1129.5976303717407,1176.0653672043284,1630.9930512277413,1.001758588327497
gamma,0.015147359538764437,0.02119451509084571,3.5980498686564198e-06,0.043330202713265,0.0007388338699148868,0.0005226197192165802,822.9119650168889,822.9119650168889,877.6095318037553,787.5096936593084,1.0026424180022273
zeta,0.7388481375847452,1.0611683223082795,0.00022053233676426178,2.4004924307480318,0.04290375412247406,0.03035201126525387,611.7556147253978,611.7556147253978,701.2777898601386,823.79443909413,1.002029420682205
