,mean,sd,hdi_3%,hdi_97%,mcse_mean,mcse_sd,ess_mean,ess_sd,ess_bulk,ess_tail,r_hat
b,1.0,0.0,1.0,1.0,0.0,0.0,10000.0,10000.0,10000.0,10000.0,
p_error,0.05000000447034836,3.725476371840841e-09,0.05000000074505806,0.05000000074505806,3.7254763718408414e-11,2.6343864464297942e-11,10000.0,10000.0,10000.0,10000.0,
v,9.49851554275038e-05,2.1462574016174835e-05,5.680892404083723e-05,0.00013115462192409255,4.455473117552846e-06,3.1909654462990978e-06,23.20469991435348,23.20469991435348,24.465085900003903,87.71065931526816,1.047252932408979
s,0.004612302909502545,0.0003871720602979629,0.003920291278287705,0.005350583749994596,1.0683016577200839e-05,7.587160883225518e-06,1313.4701713202974,1302.6087014164698,1320.7586804592581,1972.533256689742,1.0004840958834262
gamma,0.017831768681371138,0.016236621227914836,1.1690359264958754e-05,0.048595947229030094,0.0006605135944373374,0.00046727926459465226,604.265498025961,604.265498025961,759.7084142254008,1192.312811684235,1.00346689923171
zeta,3.273314680553864,2.378108859627715,0.00275176463660994,7.659625008374712,0.49004183368392323,0.3508963286626698,23.550338248925176,23.550338248925176,24.80564934177337,92.23978781649384,1.0416776339701705
