,mean,sd,hdi_3%,hdi_97%,mcse_mean,mcse_sd,ess_mean,ess_sd,ess_bulk,ess_tail,r_hat
b,1.0,0.0,1.0,1.0,0.0,0.0,10000.0,10000.0,10000.0,10000.0,
p_error,0.05000000447034836,3.725476371840841e-09,0.05000000074505806,0.05000000074505806,3.7254763718408414e-11,2.6343864464297942e-11,10000.0,10000.0,10000.0,10000.0,
v,0.00012444357775972644,9.003619131870597e-06,0.00010602325073500193,0.00013959265907623566,6.659239805191925e-07,4.716327085750619e-07,182.80367471173574,182.80367471173574,220.48262046684022,131.59132474592406,1.0022391106795496
s,0.004907387759083085,0.00031414934571042367,0.004282922488211021,0.005484250621825713,7.684876535367878e-06,5.434977033350998e-06,1671.0849578794298,1671.0849578794298,1642.940742538292,1597.7385845813603,1.001559281951686
gamma,0.00489605892865933,0.004676208851595825,4.811044799620327e-06,0.01351116654606444,0.00010923285788758558,7.725159048620261e-05,1832.657069724556,1832.657069724556,1709.2991146340648,2001.0751220450238,1.0022158912095926
zeta,0.517825298974322,0.4797279796825428,0.00047361123469870457,1.4622452697333954,0.039771458019190464,0.030871354729114866,145.49466639702598,121.32294100847945,218.62859242613743,122.01186384304675,1.0032828474547928
