,mean,sd,hdi_3%,hdi_97%,mcse_mean,mcse_sd,ess_mean,ess_sd,ess_bulk,ess_tail,r_hat
b,1.0,0.0,1.0,1.0,0.0,0.0,10000.0,10000.0,10000.0,10000.0,
p_error,0.05000000447034836,3.725476371840841e-09,0.05000000074505806,0.05000000074505806,3.7254763718408414e-11,2.6343864464297942e-11,10000.0,10000.0,10000.0,10000.0,
v,0.00012566074088091365,8.790848701374616e-06,0.00010716078859153732,0.0001402666201372219,5.616420905235404e-07,3.976147050863714e-07,244.98659219638077,244.98659219638077,278.39490093735753,234.3023478169248,1.0071654800523275
s,0.004910608599394512,0.00032019825970944183,0.00427164205658239,0.00547053806059486,7.467812662839328e-06,5.28137895022209e-06,1838.4469604813974,1838.4469604813974,1836.438377448481,1672.4744186289558,1.0011466492793923
gamma,0.005027869466250214,0.004811558434187867,3.559971937275538e-06,0.01354845386507805,0.00011963422821357658,8.460943211240904e-05,1617.5608404262387,1617.5608404262387,1448.5705438810512,1596.0682619437735,1.0015905428939391
zeta,0.45732380396559513,0.43097427932344406,0.0002685182785308674,1.3128416729395078,0.030470046125363786,0.022938871081782622,200.05825708819012,177.07699414167573,283.8998959737331,210.7548635084028,1.0069362080805788
