,mean,sd,hdi_3%,hdi_97%,mcse_mean,mcse_sd,ess_mean,ess_sd,ess_bulk,ess_tail,r_hat
b,1.0,0.0,1.0,1.0,0.0,0.0,10000.0,10000.0,10000.0,10000.0,
p_error,0.05000000447034836,3.725476371840841e-09,0.05000000074505806,0.05000000074505806,3.7254763718408414e-11,2.6343864464297942e-11,10000.0,10000.0,10000.0,10000.0,
v,0.00013611380355841747,9.563333009041252e-06,0.00011772355525032608,0.00015271007767636086,6.670936422242251e-07,4.723775048935174e-07,205.51567623160216,205.51567623160216,258.57128905514355,191.1032965724015,1.0105741924160059
s,0.005988988321840398,0.0003301040289711437,0.005377805649181531,0.006628390712293322,8.137956043497377e-06,5.775863724868538e-06,1645.3980207366833,1633.7773640423345,1652.4196136691114,2021.2496835135537,1.0010688884783168
gamma,0.0025210801964532267,0.0025238320287184275,1.0213823772276605e-07,0.007203395572899522,5.496216899338634e-05,3.886949945512857e-05,2108.594982206362,2108.594982206362,1616.9666397109195,1542.577662672964,1.0013898399067138
zeta,0.4266507163583097,0.4790448097095031,0.0003168894301691452,1.3687975220341095,0.03571437964354581,0.02592098560852116,179.91445453412356,171.3565573838602,263.3237013689361,179.6891272174268,1.0081774067090628
