,mean,sd,hdi_3%,hdi_97%,mcse_mean,mcse_sd,ess_mean,ess_sd,ess_bulk,ess_tail,r_hat
b,1.0,0.0,1.0,1.0,0.0,0.0,10000.0,10000.0,10000.0,10000.0,
p_error,0.05000000447034836,3.725476371840841e-09,0.05000000074505806,0.05000000074505806,3.7254763718408414e-11,2.6343864464297942e-11,10000.0,10000.0,10000.0,10000.0,
v,0.0001243925004215569,1.885082001651746e-05,8.736888009243172e-05,0.00015428949712119767,3.110287810553098e-06,2.2170085691129313e-06,36.733248525681276,36.733248525681276,42.1968907553498,70.83101602370752,1.0259992953906334
s,0.0060573280251262525,0.0004328839303519127,0.005206664843884283,0.006861939820142365,1.1198147658421574e-05,7.932045921813942e-06,1494.3438777122847,1489.7472336282078,1503.4772578687368,1652.864833097171,1.0012185569414869
gamma,0.009196584826174175,0.009096983930390837,1.6368111777187533e-06,0.025936145490742406,0.00021484672892782553,0.00015194430094834133,1792.8227863093223,1792.8227863093223,1616.890081166115,1841.1422751060923,1.0016244396352745
zeta,1.54846013043041,1.3918417513478516,0.0007776000150200055,4.218507226501745,0.2348647427820695,0.1674735692625596,35.11915571529651,35.11915571529651,41.25313056379007,70.7984767925571,1.0284336952890203
