,mean,sd,hdi_3%,hdi_97%,mcse_mean,mcse_sd,ess_mean,ess_sd,ess_bulk,ess_tail,r_hat
b,1.0,0.0,1.0,1.0,0.0,0.0,10000.0,10000.0,10000.0,10000.0,
p_error,0.05000000447034836,3.725476371840841e-09,0.05000000074505806,0.05000000074505806,3.7254763718408414e-11,2.6343864464297942e-11,10000.0,10000.0,10000.0,10000.0,
v,0.00021931481761576981,4.044943920777047e-05,0.00013840483240362073,0.00029216940956276874,1.5880851265334312e-06,1.1275326224578941e-06,648.7501230201783,644.0659491457012,653.9103828128194,830.7580487250706,1.001541713870149
s,0.014213010414088723,0.001912764444520134,0.010786680935991015,0.01800768532516612,6.870531442627886e-05,4.860028730225738e-05,775.0724811845107,775.0724811845107,760.5371980910908,859.2773632676133,1.0007611532146559
gamma,0.011480838316710583,0.013095260908533678,6.963829130424496e-06,0.03319874597160357,0.00034782205075013615,0.0002459979559955495,1417.4706939352188,1417.4706939352188,1425.3795409880656,1312.309933280134,1.0017335893417176
zeta,0.27889491372168834,0.3302865897013679,0.00020722052469456182,0.8480528699324699,0.01013592779452324,0.007169152903306308,1061.8296921888466,1061.8296921888466,1124.6501338237667,1150.01460719364,1.0007388984697554
