,mean,sd,hdi_3%,hdi_97%,mcse_mean,mcse_sd,ess_mean,ess_sd,ess_bulk,ess_tail,r_hat
b,1.0,0.0,1.0,1.0,0.0,0.0,10000.0,10000.0,10000.0,10000.0,
p_error,0.05000000447034836,3.725476371840841e-09,0.05000000074505806,0.05000000074505806,3.7254763718408414e-11,2.6343864464297942e-11,10000.0,10000.0,10000.0,10000.0,
v,0.0002646352304130197,3.6690762499811076e-05,0.0002001237376574226,0.00033882178911949636,1.2846387636977523e-06,9.087017682971486e-07,815.7393815453768,815.7393815453768,826.6620305156482,1076.0512686579466,1.0026053856919865
s,0.016914573425908536,0.001487124431012272,0.014278285576914357,0.019789399421019167,3.976776489049576e-05,2.8370354182131592e-05,1398.4026932908898,1374.4200335311768,1441.1785653655795,1834.2206307715408,1.000850233751788
gamma,0.009980746811558933,0.010556261299294304,3.0329901952113e-06,0.02744822397631614,0.00024881858222410746,0.00017658595425710185,1799.9259622323596,1787.3916266191368,1706.0336552293156,1788.7208627442158,1.0026325859590541
zeta,0.41762851496932674,0.46671352251729153,0.00014801597825653403,1.1972293138418717,0.01577999229255071,0.0117856428514555,874.7565338455898,784.6703180867424,1106.488531298469,1038.9743710178732,1.000555061274558
