,mean,sd,hdi_3%,hdi_97%,mcse_mean,mcse_sd,ess_mean,ess_sd,ess_bulk,ess_tail,r_hat
b,1.0,0.0,1.0,1.0,0.0,0.0,10000.0,10000.0,10000.0,10000.0,
p_error,0.05000000447034836,3.725476371840841e-09,0.05000000074505806,0.05000000074505806,3.7254763718408414e-11,2.6343864464297942e-11,10000.0,10000.0,10000.0,10000.0,
v,0.0002645089883961813,3.86801888804297e-05,0.00019700724125676822,0.00034090866781707503,1.4164479057302762e-06,1.001971919318743e-06,745.7202886751353,745.7202886751353,818.2836236626667,847.0193812250941,1.0049721768247355
s,0.01687068975566089,0.0015028696378619902,0.014199274919317138,0.01964675083669625,4.261350395224939e-05,3.0146401122049648e-05,1243.7930591330523,1243.2129155903249,1243.5656873861155,1502.5962534798869,1.0021837813714363
gamma,0.009992268175748225,0.010715937413133474,1.33947540890982e-05,0.029438025200437708,0.0002532458784462281,0.00018116516001809272,1790.5051103455078,1749.9505446635587,1696.7813773782295,1673.5872690663095,1.0017875778338683
zeta,0.4288699430354859,0.5071753873958655,7.41055740839766e-05,1.2305831399976894,0.02024222871788789,0.016878648922807812,627.7687368867346,452.03478898437885,1080.7375806675448,1002.3434489808687,1.0019348287596082
