,mean,sd,hdi_3%,hdi_97%,mcse_mean,mcse_sd,ess_mean,ess_sd,ess_bulk,ess_tail,r_hat
b,1.0,0.0,1.0,1.0,0.0,0.0,10000.0,10000.0,10000.0,10000.0,
p_error,0.05000000447034836,3.725476371840841e-09,0.05000000074505806,0.05000000074505806,3.7254763718408414e-11,2.6343864464297942e-11,10000.0,10000.0,10000.0,10000.0,
v,0.00016025815929062776,2.4864906671591376e-05,0.00011494031563850343,0.0002086996550806154,9.869148474055365e-07,6.981750867410152e-07,634.7669428354296,634.7669428354296,654.9210048140155,738.7195137929032,1.004277669442868
s,0.01329797609674406,0.0010028847111014103,0.011507735985605947,0.015190884037210908,2.7263092991816687e-05,1.928207468666404e-05,1353.1681632444022,1353.1681632444022,1351.2912930997559,1739.9782779479615,1.0017435816678895
gamma,0.015838845910424473,0.01614946870691565,6.428915418090764e-06,0.044861857068045984,0.00038324854047044,0.00027104216830289125,1775.6422057208454,1775.6422057208454,1704.4875807606527,1646.109974582155,1.000142699788451
zeta,0.3712205038049043,0.4655280410909665,5.533311967029458e-05,1.1612080652117964,0.018649183486725358,0.013193141513266764,623.1205121885428,623.1205121885428,723.8496166755181,760.0038089582011,1.0015967131897865
