,mean,sd,hdi_3%,hdi_97%,mcse_mean,mcse_sd,ess_mean,ess_sd,ess_bulk,ess_tail,r_hat
b,1.0,0.0,1.0,1.0,0.0,0.0,10000.0,10000.0,10000.0,10000.0,
p_error,0.05000000447034836,3.725476371840841e-09,0.05000000074505806,0.05000000074505806,3.7254763718408414e-11,2.6343864464297942e-11,10000.0,10000.0,10000.0,10000.0,
v,0.00013083766854121793,1.8717044324130663e-05,9.36139955029972e-05,0.00016186748672727865,1.2899459519266823e-06,9.133961278661321e-07,210.53849285030006,210.53849285030006,234.08618953109385,298.9018561847247,1.0109640629285386
s,0.00982945827962343,0.0006452502188512915,0.008695492579377094,0.011104715835382523,1.808347997231015e-05,1.2826463640044286e-05,1273.1873120653665,1265.9385681721608,1288.1756981440742,1401.1864239146278,1.001576055382004
gamma,0.005853711673981674,0.00619671341646735,2.2902968303801404e-06,0.017566490876007514,0.0001493141078728142,0.00010559890269075564,1722.3489137004212,1722.3489137004212,1254.9775341382187,1371.9853422698245,1.0040098276697242
zeta,0.917791509647976,0.9922446898233375,0.0006427364038216376,2.7024264363236665,0.0697795802925536,0.04941296354192437,202.19986480396736,202.19986480396736,249.19951249422505,314.30792202428097,1.0111401522076673
