,mean,sd,hdi_3%,hdi_97%,mcse_mean,mcse_sd,ess_mean,ess_sd,ess_bulk,ess_tail,r_hat
b,1.0,0.0,1.0,1.0,0.0,0.0,10000.0,10000.0,10000.0,10000.0,
p_error,0.05000000447034836,3.725476371840841e-09,0.05000000074505806,0.05000000074505806,3.7254763718408414e-11,2.6343864464297942e-11,10000.0,10000.0,10000.0,10000.0,
v,0.00012472787224028032,2.7112741015834313e-05,7.030313566130854e-05,0.00017479217171457122,1.707027102526161e-06,1.2084487484907503e-06,252.2702388283017,252.2702388283017,269.69182795385524,209.5503015640508,1.0046403737970178
s,0.01154470344181868,0.0009250139206290535,0.009768716048728065,0.013259843948651236,3.160109921394578e-05,2.2352962409244796e-05,856.8250564915685,856.8250564915685,852.9662528722046,1350.4802438485199,1.0014593445643782
gamma,0.00800883638058151,0.009795113884844758,1.3255542608401418e-05,0.02275339610829307,0.0003184184564808152,0.00022522528438638725,946.286215848087,946.286215848087,1056.4057200756195,1564.996290194619,1.0012027056714465
zeta,1.3149728577261761,1.6619432326735248,1.3591426007031345e-06,4.220661327997565,0.1154271351082763,0.08173441814230595,207.30822709549022,207.30822709549022,293.0791554291602,227.97766824248285,1.0039848300988403
