,mean,sd,hdi_3%,hdi_97%,mcse_mean,mcse_sd,ess_mean,ess_sd,ess_bulk,ess_tail,r_hat
b,1.0,0.0,1.0,1.0,0.0,0.0,10000.0,10000.0,10000.0,10000.0,
p_error,0.05000000447034836,3.725476371840841e-09,0.05000000074505806,0.05000000074505806,3.7254763718408414e-11,2.6343864464297942e-11,10000.0,10000.0,10000.0,10000.0,
v,0.00012457659735598737,1.328229902445034e-05,9.934130910525738e-05,0.0001488296199095128,4.767471961285682e-07,3.3723793112925514e-07,776.193875258109,776.193875258109,796.730028271671,917.5482754199754,1.0013267449392216
s,0.01055575247722997,0.0007511823293072033,0.00921759761438876,0.01197652488782204,2.0346490958397144e-05,1.4409689283553127e-05,1363.0496848162638,1359.3707183374095,1373.3508889958919,1554.5017838680674,1.0005572367251732
gamma,0.006901649757890799,0.006794141870707121,2.858907732137666e-07,0.019823418539206723,0.0001451003395483902,0.00010261508637586513,2192.4634651734154,2192.4634651734154,1848.7227733490138,1819.7059070249747,1.0004077222646166
zeta,0.42330893563854843,0.4388086478507997,1.0808208184842096e-05,1.2427415409200158,0.016297283866348485,0.011528559371146717,724.9697663519684,724.9697663519684,796.8046353577787,1027.4998649970569,1.0016165791155787
