,mean,sd,hdi_3%,hdi_97%,mcse_mean,mcse_sd,ess_mean,ess_sd,ess_bulk,ess_tail,r_hat
b,1.0,0.0,1.0,1.0,0.0,0.0,10000.0,10000.0,10000.0,10000.0,
p_error,0.05000000447034836,3.725476371840841e-09,0.05000000074505806,0.05000000074505806,3.7254763718408414e-11,2.6343864464297942e-11,10000.0,10000.0,10000.0,10000.0,
v,0.00010861184944151747,1.4561182849997425e-05,8.255714360152895e-05,0.00013495479164323676,1.0767628632368214e-06,7.626039690409249e-07,182.87450925976137,182.87450925976137,242.32081411287123,110.61545244503301,1.0084496780617378
s,0.00747580763586513,0.0004892402582326233,0.006596397839483054,0.008411514105590654,1.243217970764905e-05,8.855529064859394e-06,1548.63765527831,1526.6916485482288,1575.2125716490125,1873.2194679406832,1.0013318561065776
gamma,0.012566604916685,0.012377731276684295,2.9195638088731656e-06,0.03361234521808634,0.0004228553045069439,0.0002991056929701701,856.8376348084353,856.8376348084353,813.216427066611,1599.9953563912381,1.002080337055521
zeta,0.9354904299777439,1.0092030930356668,4.694260127725468e-05,2.492302651125616,0.09923598512481388,0.08075033205984293,103.42339147275618,78.68152669817962,254.05422060610096,108.06104919730166,1.006081476244222
