,mean,sd,hdi_3%,hdi_97%,mcse_mean,mcse_sd,ess_mean,ess_sd,ess_bulk,ess_tail,r_hat
b,1.0,0.0,1.0,1.0,0.0,0.0,10000.0,10000.0,10000.0,10000.0,
p_error,0.05000000447034836,3.725476371840841e-09,0.05000000074505806,0.05000000074505806,3.7254763718408414e-11,2.6343864464297942e-11,10000.0,10000.0,10000.0,10000.0,
v,0.0001840917799946561,4.4581856741927394e-05,9.231165224281879e-05,0.000264505358250399,1.974703677360626e-06,1.39712616789218e-06,509.69741864341245,509.69741864341245,534.8314041993607,465.68566510394976,1.002422640260646
s,0.01285582646740834,0.0014627399330639256,0.010295316795024356,0.015695606961190232,4.104414974968485e-05,2.9165036454415244e-05,1270.0818470520128,1258.2895348364475,1307.004786611099,1619.408355283107,1.0009243993902401
gamma,0.022958057820619444,0.027301441187306923,1.2958006938035685e-06,0.0658051359576237,0.001002887728413678,0.0007915246588914669,741.0824215049887,595.4399473636765,1208.5300486152948,1595.0583390259198,1.0016018714398172
zeta,1.1360640956194645,1.502460756349699,0.0009596175284960888,3.6589793755063504,0.07018279601544947,0.050397006430439456,458.29481337191663,444.9759908561885,561.4415006239695,561.3028006591389,1.0015133247958294
