,mean,sd,hdi_3%,hdi_97%,mcse_mean,mcse_sd,ess_mean,ess_sd,ess_bulk,ess_tail,r_hat
b,1.0,0.0,1.0,1.0,0.0,0.0,10000.0,10000.0,10000.0,10000.0,
p_error,0.05000000447034836,3.725476371840841e-09,0.05000000074505806,0.05000000074505806,3.7254763718408414e-11,2.6343864464297942e-11,10000.0,10000.0,10000.0,10000.0,
v,0.00010160209375344805,5.1159490710455115e-05,2.043708984322131e-06,0.00018259817874616998,3.3815177690436867e-06,2.394147651958432e-06,228.89119005695787,228.89119005695787,231.08507090421833,432.91354318302615,1.0068597419242047
s,0.01644198600476185,0.0016697752427937813,0.013518613996932187,0.019638633864958736,8.098973087477091e-05,5.775364733813218e-05,425.0657605994503,418.5361849634602,436.5045342173962,1206.6256881231075,1.0006425547078912
gamma,0.055834703471541625,0.10890758359748502,1.6909088052105433e-05,0.18281000480615053,0.005569053464525535,0.003940922685808799,382.43133526188177,382.43133526188177,464.10489051503436,521.8690702331064,1.0047626807448373
zeta,2.3185951691635376,2.4421509691328596,0.0006713395735991304,7.554125120520307,0.138884226162842,0.09829876454671609,309.1997746277877,309.1997746277877,356.2042371495808,1246.5473152471936,1.0017146747418841
