,mean,sd,hdi_3%,hdi_97%,mcse_mean,mcse_sd,ess_mean,ess_sd,ess_bulk,ess_tail,r_hat
b,1.0,0.0,1.0,1.0,0.0,0.0,10000.0,10000.0,10000.0,10000.0,
p_error,0.05000000447034836,3.725476371840841e-09,0.05000000074505806,0.05000000074505806,3.7254763718408414e-11,2.6343864464297942e-11,10000.0,10000.0,10000.0,10000.0,
v,0.00024189490601884235,3.9771719950409825e-05,0.00016667118896026978,0.0003120591347251215,1.7904171346458302e-06,1.2667651689283214e-06,493.44675171764766,493.44675171764766,540.1048371800314,447.0909883955945,1.0036811048610554
s,0.01388801007466287,0.0012809601547875136,0.011639163692830091,0.016306801127583696,3.771063804659575e-05,2.667219129394693e-05,1153.834394778194,1153.834394778194,1148.146763696788,1228.5188983093476,1.0003868705923782
gamma,0.011528789238931277,0.01198017086483858,3.929457889424452e-06,0.03245412924481984,0.0003038246775231492,0.00021487680354852293,1554.8193362968475,1554.8193362968475,1510.20750918056,1853.1362590683518,1.00037559873761
zeta,0.5654405085819463,0.7727385096662306,7.938113363443936e-05,1.6497672526307225,0.04461960013806979,0.03158155478103128,299.925757207269,299.925757207269,530.2684159935343,415.0903681286354,1.0059175209650295
