,mean,sd,hdi_3%,hdi_97%,mcse_mean,mcse_sd,ess_mean,ess_sd,ess_bulk,ess_tail,r_hat
b,1.0,0.0,1.0,1.0,0.0,0.0,10000.0,10000.0,10000.0,10000.0,
p_error,0.05000000447034836,3.725476371840841e-09,0.05000000074505806,0.05000000074505806,3.7254763718408414e-11,2.6343864464297942e-11,10000.0,10000.0,10000.0,10000.0,
v,0.00023335912354953655,1.4398861752646208e-05,0.0002079006787061981,0.00026073950565324184,4.04360771211514e-07,2.8599203833133374e-07,1267.997191287393,1267.997191287393,1271.857561967097,1590.7045368557026,1.0005939966256143
s,0.008159332728707839,0.00044481058476297537,0.007389549888382641,0.009021202087420362,1.0377666294077331e-05,7.351865487062361e-06,1837.1762554700877,1830.8953479172824,1870.813114036127,2073.1526369830713,1.0023817673314093
gamma,0.0038145197844617826,0.003905605567094206,1.06206502360485e-06,0.010969029495389847,8.541423760936807e-05,6.04054139433697e-05,2090.817972574967,2090.817972574967,1800.5247386962044,1562.8367849714464,1.0008516840970427
zeta,0.10460999748915585,0.10388260799897292,8.56660435038439e-05,0.2913736152677935,0.0025245940185510754,0.0017854651517904814,1693.177897008917,1693.177897008917,1631.2727765949303,1947.3717157340943,1.0000813158902293
