,mean,sd,hdi_3%,hdi_97%,mcse_mean,mcse_sd,ess_mean,ess_sd,ess_bulk,ess_tail,r_hat
b,1.0,0.0,1.0,1.0,0.0,0.0,10000.0,10000.0,10000.0,10000.0,
p_error,0.05000000447034836,3.725476371840841e-09,0.05000000074505806,0.05000000074505806,3.7254763718408414e-11,2.6343864464297942e-11,10000.0,10000.0,10000.0,10000.0,
v,0.00018247803425891572,1.6511817138025055e-05,0.00015356728635760496,0.0002141879829776934,4.861429705739172e-07,3.4384193944102224e-07,1153.6171926687593,1153.6171926687593,1158.9697805376902,1410.1144756655501,1.001637381344582
s,0.00994559199245466,0.0006686010482892095,0.008691427427727884,0.011210526296409767,1.76786150752673e-05,1.2503218561715762e-05,1430.3345417239457,1430.3345417239457,1426.2053979239452,1962.731860778948,1.0013602582099823
gamma,0.008364653337360653,0.008391966899567534,2.231949563254921e-06,0.023309220488125167,0.000196172595366323,0.00013873708695849216,1829.998984434318,1829.998984434318,1515.5952901683645,2000.6903796058893,1.0006486095115437
zeta,0.15748473015083955,0.16552866130889193,6.514723890474353e-05,0.4406303044063916,0.004484740713079277,0.003171869767114574,1362.2967706286113,1362.2967706286113,1389.961882578458,1449.9026929937152,1.0008287739798065
