,mean,sd,hdi_3%,hdi_97%,mcse_mean,mcse_sd,ess_mean,ess_sd,ess_bulk,ess_tail,r_hat
b,1.0,0.0,1.0,1.0,0.0,0.0,10000.0,10000.0,10000.0,10000.0,
p_error,0.05000000447034836,3.725476371840841e-09,0.05000000074505806,0.05000000074505806,3.7254763718408414e-11,2.6343864464297942e-11,10000.0,10000.0,10000.0,10000.0,
v,7.403511750179435e-05,7.662114662066121e-06,5.99715761672073e-05,8.757275264865024e-05,6.947543485593101e-07,4.924484114721892e-07,121.62833066156705,121.62833066156705,133.87040618376474,291.62004540803423,1.0164371604775562
s,0.003517858659399315,0.0001788190439964624,0.0031611032751540135,0.0038412066603197375,4.634879229114647e-06,3.277996931735379e-06,1488.5063544040822,1488.5063544040822,1443.2949288535701,1668.4510857634396,1.0008017785373866
gamma,0.002645335558939194,0.002589052822763585,1.411910834730479e-06,0.007449289836232961,6.288051023486274e-05,4.4470887029764974e-05,1695.3122813002892,1695.3122813002892,1595.6048466612328,2109.5087329228804,1.0024730411467868
zeta,0.886494400909896,0.7795565381136784,0.00030066312925000664,2.3579135119536807,0.07502324076761373,0.05319341154199429,107.97012293636766,107.97012293636766,116.8701360119016,281.43070998906137,1.0172993695528796
