,mean,sd,hdi_3%,hdi_97%,mcse_mean,mcse_sd,ess_mean,ess_sd,ess_bulk,ess_tail,r_hat
b,1.0,0.0,1.0,1.0,0.0,0.0,10000.0,10000.0,10000.0,10000.0,
p_error,0.05000000447034836,3.725476371840841e-09,0.05000000074505806,0.05000000074505806,3.7254763718408414e-11,2.6343864464297942e-11,10000.0,10000.0,10000.0,10000.0,
v,5.835721951703139e-05,1.417962505063566e-05,3.560025282688266e-05,8.5124610570384e-05,1.3493545983358412e-06,9.566693076438874e-07,110.42751706866434,110.42751706866434,111.98853600069059,407.7048079906321,1.0071118731742434
s,0.005509090700033144,0.0003529387764643428,0.004895098396482351,0.006223768022490773,1.0587197845395205e-05,7.488245059663597e-06,1111.313765207312,1111.313765207312,1115.420837485298,1509.2504872020877,1.0011132698937772
gamma,0.012979647628327012,0.0137517909069978,2.639655529896375e-07,0.03901955580363053,0.0005434143208764233,0.0003844270906459937,640.407429939545,640.407429939545,711.6668505301856,1271.808734312535,1.001761951761354
zeta,4.250287558017978,2.4594176081379,0.323900776634909,8.802933010227315,0.24324040546962977,0.17249003794711562,102.2334739674607,102.2334739674607,111.23259409600618,472.52936730003825,1.0082658044550448
