,mean,sd,hdi_3%,hdi_97%,mcse_mean,mcse_sd,ess_mean,ess_sd,ess_bulk,ess_tail,r_hat
b,1.0,0.0,1.0,1.0,0.0,0.0,10000.0,10000.0,10000.0,10000.0,
p_error,0.05000000447034836,3.725476371840841e-09,0.05000000074505806,0.05000000074505806,3.7254763718408414e-11,2.6343864464297942e-11,10000.0,10000.0,10000.0,10000.0,
v,0.00018140114427369472,2.57086399876483e-05,0.00013258492736870558,0.00022720075073748354,1.2896478571395292e-06,9.125888930543105e-07,397.3890752170293,397.3890752170293,509.37479877012305,357.16134687445657,1.0040904666921413
s,0.009395740910446435,0.0007912684895164895,0.007945467550639476,0.01090363262678532,2.1614392793538303e-05,1.530273923861988e-05,1340.1754667115695,1337.4232344402292,1328.2148145366937,1565.1442347273298,1.0012800406949085
gamma,0.006780597057570276,0.007309583669961018,7.063959652353144e-06,0.018976832425819424,0.00019155272509364897,0.00013547537023646142,1456.1583796695863,1456.1583796695863,1550.8148512103805,1770.4528148573581,1.0013385433363444
zeta,0.64592429392983,0.8971039058840621,0.0005809703337404233,1.9158316818578758,0.056471478587178624,0.04323984822884347,252.363869099891,215.80574972323757,415.03562716755454,372.3509585512365,1.0041620926347221
