,mean,sd,hdi_3%,hdi_97%,mcse_mean,mcse_sd,ess_mean,ess_sd,ess_bulk,ess_tail,r_hat
b,1.0,0.0,1.0,1.0,0.0,0.0,10000.0,10000.0,10000.0,10000.0,
p_error,0.05000000447034836,3.725476371840841e-09,0.05000000074505806,0.05000000074505806,3.7254763718408414e-11,2.6343864464297942e-11,10000.0,10000.0,10000.0,10000.0,
v,9.261852183216582e-05,2.5934220429726117e-05,4.2278689438577664e-05,0.00013964598758704912,1.180633490430739e-06,8.353390948638605e-07,482.5209772635686,482.5209772635686,493.438968201022,494.58049997319955,1.0073086598383063
s,0.013331612591054415,0.0009877043798343422,0.01148268532362662,0.015047862277861953,2.6738063521612765e-05,1.8931955239949287e-05,1364.5644658070423,1361.5047029828218,1375.550451899815,1779.398339202917,1.0037042784072565
gamma,0.018050968456361668,0.027340399922228815,3.1158323893385666e-07,0.050940041851819884,0.0010039075197983574,0.0007101491557122079,741.6898080417714,741.6898080417714,1104.0768303346495,1497.5389696138934,1.0028676839427801
zeta,1.3475638123857265,1.7574725847307102,9.584847648731092e-05,4.795363921432334,0.07997175405948936,0.056582755876355646,482.9518952571059,482.9518952571059,604.3041395524282,594.3432971770687,1.0077794533379094
