,mean,sd,hdi_3%,hdi_97%,mcse_mean,mcse_sd,ess_mean,ess_sd,ess_bulk,ess_tail,r_hat
b,1.0,0.0,1.0,1.0,0.0,0.0,10000.0,10000.0,10000.0,10000.0,
p_error,0.05000000447034836,3.725476371840841e-09,0.05000000074505806,0.05000000074505806,3.7254763718408414e-11,2.6343864464297942e-11,10000.0,10000.0,10000.0,10000.0,
v,0.00016013194433653054,1.9410440201710748e-05,0.00012245919544685757,0.0001950812489349515,8.001665314789511e-07,5.660838590205723e-07,588.4505931698952,588.4505931698952,612.373111320676,552.8000998427351,1.0063897486077367
s,0.00985223354828388,0.0006435488687886906,0.008655782829163195,0.011058814655688597,1.8222699519670995e-05,1.2934589048891951e-05,1247.2044005206935,1238.3187170864323,1252.8109739528527,1582.5819151853254,1.00125287838683
gamma,0.014341793435343314,0.01380204717768481,6.783762306487615e-07,0.03934485081682461,0.00033546865602442587,0.0002372530469681912,1692.712173514307,1692.712173514307,1540.1146018425782,1673.523196129653,1.0013008986424745
zeta,0.4781054269498978,0.5328441840171532,0.0002858487782419756,1.3734786264487613,0.02513727668847649,0.019629015104510546,449.3285442632861,369.0290878469453,596.7736937306624,550.5252161149318,1.0059443971230566
