,mean,sd,hdi_3%,hdi_97%,mcse_mean,mcse_sd,ess_mean,ess_sd,ess_bulk,ess_tail,r_hat
b,1.0,0.0,1.0,1.0,0.0,0.0,10000.0,10000.0,10000.0,10000.0,
p_error,0.05000000447034836,3.725476371840841e-09,0.05000000074505806,0.05000000074505806,3.7254763718408414e-11,2.6343864464297942e-11,10000.0,10000.0,10000.0,10000.0,
v,0.0001311714447317641,1.1899926887262813e-05,0.00010766985704915416,0.00015267750394734107,4.806484544067951e-07,3.400316335318652e-07,612.9619072914737,612.9619072914737,648.9430012311884,725.3106512544396,1.0020185479818011
s,0.006486511684729561,0.00037448442331524843,0.005800428066384464,0.00720494376790399,1.0727013485453848e-05,7.677707052917825e-06,1218.7366252365791,1190.110749529681,1254.8261736193324,1476.0687842544785,1.009371419021974
gamma,0.007104389820515287,0.006858972315177772,1.0628025546375576e-05,0.020037603129011036,0.0001693456551731824,0.00012023392831206159,1640.4763834666553,1627.7574842327072,1599.671944749857,1845.7308855969393,1.0019883600606212
zeta,0.33662903592783383,0.3763938694908889,0.00017678378807045733,1.000007026429247,0.01503866675206372,0.010797833108295102,626.4211479135713,608.1331669210497,767.4520303118114,678.5288741625088,1.0005509379735313
