,mean,sd,hdi_3%,hdi_97%,mcse_mean,mcse_sd,ess_mean,ess_sd,ess_bulk,ess_tail,r_hat
b,1.0,0.0,1.0,1.0,0.0,0.0,10000.0,10000.0,10000.0,10000.0,
p_error,0.05000000447034836,3.725476371840841e-09,0.05000000074505806,0.05000000074505806,3.7254763718408414e-11,2.6343864464297942e-11,10000.0,10000.0,10000.0,10000.0,
v,0.0001315117738982912,1.2018780489053775e-05,0.00010721073379974833,0.00015168081222935315,4.5299541581266605e-07,3.204489429480762e-07,703.9360265303637,703.9360265303637,733.3235118109934,965.816014600299,1.0020286294631318
s,0.0064932586882603775,0.00039776216491848107,0.00578092543141351,0.007257993998244918,1.0976450152321932e-05,7.830735318330911e-06,1313.176561446086,1290.6491421730923,1358.9882820325345,1681.389497396474,1.0018183148801496
gamma,0.00707294219252909,0.006838527467860284,1.187676212588881e-05,0.019883313230668012,0.00016019075440745537,0.0001132901020352733,1822.4276586308986,1822.4276586308986,1743.5911835655354,2070.1673093691884,1.002281855287926
zeta,0.32978259296827955,0.35243398995883396,0.00011857557190000607,1.008828578282444,0.012631435371226274,0.008935122117982794,778.4848488013588,778.4848488013588,820.5822178742719,848.1437297660536,1.002692297922255
