,mean,sd,hdi_3%,hdi_97%,mcse_mean,mcse_sd,ess_mean,ess_sd,ess_bulk,ess_tail,r_hat
b,1.0,0.0,1.0,1.0,0.0,0.0,10000.0,10000.0,10000.0,10000.0,
p_error,0.05000000447034836,3.725476371840841e-09,0.05000000074505806,0.05000000074505806,3.7254763718408414e-11,2.6343864464297942e-11,10000.0,10000.0,10000.0,10000.0,
v,0.00012774638605153886,1.7043191535375457e-05,9.445947409422e-05,0.00015855760203360963,6.664933595719776e-07,4.7149234606563127e-07,653.8982812947788,653.8982812947788,697.4006544965622,692.494514066552,1.0067893957458094
s,0.008351701634297473,0.0006767479281299144,0.007139844583218427,0.009610062417699365,1.9300254972705236e-05,1.367304819646103e-05,1229.4978589925809,1225.462349642931,1246.288600301913,1742.1919581049183,1.0012161425182045
gamma,0.006965227444738264,0.007646089216310986,4.434107500996317e-06,0.01972312623332964,0.000192895821951991,0.0001364232716577672,1571.2058235521565,1571.2058235521565,1524.746402066461,1724.7083574831404,1.0003213565844338
zeta,0.4146326160253991,0.49643478142103026,0.00012876546654555764,1.1765218058127098,0.02116601905100274,0.016033380286698377,550.1055643062645,479.9240117875045,829.2391367505227,685.8223355985223,1.0049205388164868
