,mean,sd,hdi_3%,hdi_97%,mcse_mean,mcse_sd,ess_mean,ess_sd,ess_bulk,ess_tail,r_hat
b,1.0,0.0,1.0,1.0,0.0,0.0,10000.0,10000.0,10000.0,10000.0,
p_error,0.05000000447034836,3.725476371840841e-09,0.05000000074505806,0.05000000074505806,3.7254763718408414e-11,2.6343864464297942e-11,10000.0,10000.0,10000.0,10000.0,
v,0.00010247067864982813,1.4889171898002354e-05,7.387280660369585e-05,0.0001310939166265664,7.319003308727787e-07,5.178968684443595e-07,413.8445125049259,413.8445125049259,459.25844636748946,390.9120771028706,1.005611698545399
s,0.008610090157198515,0.0007264885815226481,0.007338675611255011,0.010057542376413302,2.0071323923703058e-05,1.4195730128113197e-05,1310.103315243726,1310.103315243726,1309.4294168003075,1626.9256730910859,1.0001297567415108
gamma,0.006609827453351338,0.007148043711007497,4.062075463294428e-06,0.019011614991127065,0.00016936893457910698,0.00011978153857192734,1781.1762185927316,1781.1762185927316,1591.6607755553925,1716.8635741411351,1.002099764872309
zeta,0.6078950567111958,0.7930418655967867,0.0009371878446423674,1.8362504178973578,0.04351533507091145,0.03189593252424006,332.12958721471074,309.6781939343943,570.806829443399,402.46234933717056,1.001162479486454
