,mean,sd,hdi_3%,hdi_97%,mcse_mean,mcse_sd,ess_mean,ess_sd,ess_bulk,ess_tail,r_hat
b,1.0,0.0,1.0,1.0,0.0,0.0,10000.0,10000.0,10000.0,10000.0,
p_error,0.05000000447034836,3.725476371840841e-09,0.05000000074505806,0.05000000074505806,3.7254763718408414e-11,2.6343864464297942e-11,10000.0,10000.0,10000.0,10000.0,
v,5.044646105150638e-05,1.880574909373897e-05,1.5628721058514953e-05,8.203905850795028e-05,1.174364249330784e-06,8.313472527363225e-07,256.434014564353,256.434014564353,253.25070980327536,565.382935248343,1.005613414059691
s,0.01089207687126468,0.0006859183663443147,0.009536807128198493,0.01210315227097289,2.5864200598968817e-05,1.829634144865529e-05,703.3099210763468,703.3099210763468,696.522930578955,1458.5665462901623,1.0021644798591438
gamma,0.021072254801609347,0.026446678636948058,1.0269405497831577e-05,0.06583455232668675,0.0008925502170967287,0.0006313380955993524,877.9645005027236,877.9645005027236,1045.7200084625722,1231.4487151815313,1.0011416828010333
zeta,2.499573485711305,2.5595657778839334,0.004028674097966738,8.053399544685147,0.1519151023901818,0.10753076042683148,283.87731470356886,283.87731470356886,310.0659113400407,733.4846177584719,1.0049791674809572
