,mean,sd,hdi_3%,hdi_97%,mcse_mean,mcse_sd,ess_mean,ess_sd,ess_bulk,ess_tail,r_hat
b,1.0,0.0,1.0,1.0,0.0,0.0,10000.0,10000.0,10000.0,10000.0,
p_error,0.05000000447034836,3.725476371840841e-09,0.05000000074505806,0.05000000074505806,3.7254763718408414e-11,2.6343864464297942e-11,10000.0,10000.0,10000.0,10000.0,
v,2.7860898325367477e-05,1.532726708698224e-05,1.2853210237608729e-06,5.4686056062866776e-05,1.0525426027269064e-06,7.452860913429653e-07,212.05576504484745,212.05576504484745,200.67596156079875,611.9724038123778,1.0189573266664818
s,0.010721233330053261,0.0006879563840055509,0.009568474278824063,0.012113131106687406,2.7120324302042768e-05,1.923563494204286e-05,643.4755552175694,640.1396589521048,656.8499957742549,1043.5726596345519,1.006509446764654
gamma,0.08755915890229071,0.13691725355323467,2.964514980610621e-06,0.3325158778791583,0.006998052310871458,0.004952145543625171,382.79123847176135,382.79123847176135,458.6303378201041,704.1241081283853,1.0111968656640968
zeta,3.556817589447049,2.7937520942336502,0.0001300516193551426,8.725621130564518,0.12847553348229027,0.09090201465366088,472.8624984928597,472.8624984928597,444.90805010689854,1436.758630244253,1.0127672248742003
