,mean,sd,hdi_3%,hdi_97%,mcse_mean,mcse_sd,ess_mean,ess_sd,ess_bulk,ess_tail,r_hat
b,1.0,0.0,1.0,1.0,0.0,0.0,10000.0,10000.0,10000.0,10000.0,
p_error,0.05000000447034836,3.725476371840841e-09,0.05000000074505806,0.05000000074505806,3.7254763718408414e-11,2.6343864464297942e-11,10000.0,10000.0,10000.0,10000.0,
v,2.8660948320515363e-05,1.5338545631710923e-05,9.140705129363358e-07,5.61560752744022e-05,7.805893117035912e-07,5.523774709188728e-07,386.1207709361129,386.1207709361129,353.5989180277906,494.7053083997912,1.0100670718771276
s,0.010682269742741722,0.0006927331011205941,0.009414375627565372,0.012003053942289293,2.607914107872964e-05,1.846489919471451e-05,705.5784580411498,704.3165217373712,706.7529893459941,1183.0925576900327,1.0029150968526332
gamma,0.07912992849150283,0.11764468583795015,2.423152771038699e-06,0.25590384488056556,0.005185621954873467,0.003668868382213301,514.6866739348337,514.6866739348337,621.27284893654,555.3999290089556,1.0046106196336253
zeta,3.5288032265784457,2.8128061833533895,0.00020588823002471067,8.664377751517128,0.11194360113034275,0.07919267534027759,631.3658227232381,631.3658227232381,624.8091326907132,1265.1652521899684,1.0082234002455044
