,mean,sd,hdi_3%,hdi_97%,mcse_mean,mcse_sd,ess_mean,ess_sd,ess_bulk,ess_tail,r_hat
b,1.0,0.0,1.0,1.0,0.0,0.0,10000.0,10000.0,10000.0,10000.0,
p_error,0.05000000447034836,3.725476371840841e-09,0.05000000074505806,0.05000000074505806,3.7254763718408414e-11,2.6343864464297942e-11,10000.0,10000.0,10000.0,10000.0,
v,8.605791761231336e-05,2.6394602697423115e-05,3.728114943348687e-05,0.00013217127431560297,1.59927870198828e-06,1.1320739455830045e-06,272.38422440609884,272.38422440609884,276.86157364482966,591.4635770731023,1.014498729586827
s,0.011961520180167797,0.000774106734300909,0.010531796014610314,0.013356752859043725,2.751762570332388e-05,1.94650756283905e-05,791.3703471021026,791.3703471021026,790.2286716890887,1361.4549968469978,1.0013068361921353
gamma,0.016487501407694977,0.019565922827502958,2.6913955370939618e-06,0.04848031191512739,0.0005902561739008026,0.00041748498134248804,1098.802390919513,1098.802390919513,1006.3740928181454,1508.309833121419,1.0028589857617556
zeta,2.2059294953846194,2.3345318452291384,0.0024403048248142,7.3021389465137805,0.1398843778623247,0.09901695834489337,278.5230701087465,278.5230701087465,333.47585669217375,599.3015961583685,1.0106955839254637
