,mean,sd,hdi_3%,hdi_97%,mcse_mean,mcse_sd,ess_mean,ess_sd,ess_bulk,ess_tail,r_hat
b,1.0,0.0,1.0,1.0,0.0,0.0,10000.0,10000.0,10000.0,10000.0,
p_error,0.05000000447034836,3.725476371840841e-09,0.05000000074505806,0.05000000074505806,3.7254763718408414e-11,2.6343864464297942e-11,10000.0,10000.0,10000.0,10000.0,
v,4.245122018698562e-05,2.192426058801255e-05,4.019205813997843e-06,7.945451535989411e-05,1.0863079629278794e-06,7.686864220761139e-07,407.32773726345704,407.32773726345704,403.62714829246926,712.3010737209156,1.007609587409395
s,0.01196731765758684,0.000908070730297029,0.010275649211086176,0.013667919951789806,2.8074527462959563e-05,1.9904181601193994e-05,1046.1993464567893,1041.2717533787684,1064.8356229778356,1621.0443075385328,1.0017926711676743
gamma,0.06675207811234189,0.10241029444336075,1.885484328646337e-05,0.22088487876129612,0.004100462870429736,0.002900821944251089,623.7656602239855,623.7656602239855,750.8605898797027,962.3371003671897,1.0021278563205809
zeta,2.3291868074512307,2.5176031272057227,0.00011239421327922944,7.907427568300807,0.11935801835407289,0.08445425496417656,444.90915162029023,444.90915162029023,449.17705400588994,1015.2738394474899,1.0007466011484398
