,mean,sd,hdi_3%,hdi_97%,mcse_mean,mcse_sd,ess_mean,ess_sd,ess_bulk,ess_tail,r_hat
b,1.0,0.0,1.0,1.0,0.0,0.0,10000.0,10000.0,10000.0,10000.0,
p_error,0.05000000447034836,3.725476371840841e-09,0.05000000074505806,0.05000000074505806,3.7254763718408414e-11,2.6343864464297942e-11,10000.0,10000.0,10000.0,10000.0,
v,3.476656148692465e-05,2.080794361412526e-05,2.522678683216692e-07,6.921596809492159e-05,1.1487189703646558e-06,8.129900986892747e-07,328.11851564585623,328.11851564585623,327.8121998679335,776.9312130468152,1.0073556669349895
s,0.01208188796686991,0.0009292878100935181,0.01042993606706043,0.013870281048693197,3.33054898668562e-05,2.359750762098332e-05,778.5183062936244,776.0055504008726,787.8828663403143,1494.8896149575464,1.0074708914581856
gamma,0.09465518035812706,0.142699755770311,3.4494264182131885e-05,0.35361572997317886,0.005531726952801313,0.00391323730343586,665.4646485961886,665.4646485961886,662.2125690273612,1105.998335556797,1.000399899897235
zeta,2.8441933909250734,2.713093294824307,0.0009735515468264963,8.338095735954802,0.12200175347540942,0.08631919763020621,494.5353157050775,494.5353157050775,485.8714893592942,1295.878294588117,1.002972865954844
