,mean,sd,hdi_3%,hdi_97%,mcse_mean,mcse_sd,ess_mean,ess_sd,ess_bulk,ess_tail,r_hat
b,1.0,0.0,1.0,1.0,0.0,0.0,10000.0,10000.0,10000.0,10000.0,
p_error,0.05000000447034836,3.725476371840841e-09,0.05000000074505806,0.05000000074505806,3.7254763718408414e-11,2.6343864464297942e-11,10000.0,10000.0,10000.0,10000.0,
v,0.0002664219089878244,6.832805311380318e-05,0.00012427783680245798,0.00037548164431921386,3.378385826950225e-06,2.390584940770431e-06,409.0530168093734,409.0530168093734,436.09329334247025,653.430711324443,1.0126597320015134
s,0.021197564453319644,0.0025362683444611466,0.016935415901529652,0.026233537094092804,7.248846875864587e-05,5.166292391788205e-05,1224.2004950836908,1205.6260810693245,1271.460372766595,1624.8355902615597,1.0030187945784725
gamma,0.01371889299510039,0.017127501582877323,6.661704250691109e-06,0.04103876317461108,0.0004843580564447417,0.0003425727863298356,1250.417309377104,1250.417309377104,1118.8420201041042,1639.378811465127,1.003568573820137
zeta,1.944690733862625,2.1936093180455347,0.000297213745117531,6.625226754650414,0.11541556216100128,0.08167711154549151,361.2349996615411,361.2349996615411,435.736306848051,548.7999683329978,1.0136855346667333
