,mean,sd,hdi_3%,hdi_97%,mcse_mean,mcse_sd,ess_mean,ess_sd,ess_bulk,ess_tail,r_hat
b,1.0,0.0,1.0,1.0,0.0,0.0,10000.0,10000.0,10000.0,10000.0,
p_error,0.05000000447034836,3.725476371840841e-09,0.05000000074505806,0.05000000074505806,3.7254763718408414e-11,2.6343864464297942e-11,10000.0,10000.0,10000.0,10000.0,
v,0.0002641827870338717,6.973111942980032e-05,0.00012712122736564745,0.0003830988950851183,3.737527609014873e-06,2.6450487646305685e-06,348.0843161887783,348.0843161887783,372.4551620553483,544.5753486891954,1.0044180789081276
s,0.021352863265687225,0.0026124280411793945,0.016804413318979184,0.026234468395271406,7.805124436518616e-05,5.535265990556257e-05,1120.2862630799657,1114.3179016023944,1131.955283939326,1205.2022765067936,1.0053935131120564
gamma,0.01478081008946128,0.019369127672684006,2.3240227386213243e-06,0.045156890432766474,0.0005723309003265519,0.0004048021661732947,1145.3170743251173,1145.3170743251173,985.7266195995335,1517.5143871664054,1.0018423206240756
zeta,1.937996879698308,2.1866643976943645,0.0005692896512275749,6.723689394399118,0.12213703384121416,0.08644263375625028,320.5306251472278,320.5306251472278,339.4055925853803,560.229023633233,1.0014407675783419
