,mean,sd,hdi_3%,hdi_97%,mcse_mean,mcse_sd,ess_mean,ess_sd,ess_bulk,ess_tail,r_hat
b,1.0,0.0,1.0,1.0,0.0,0.0,10000.0,10000.0,10000.0,10000.0,
p_error,0.05000000447034836,3.725476371840841e-09,0.05000000074505806,0.05000000074505806,3.7254763718408414e-11,2.6343864464297942e-11,10000.0,10000.0,10000.0,10000.0,
v,0.00011746398556475372,2.9749712374435238e-05,6.364893043901994e-05,0.00017614181521377856,1.491480074866349e-06,1.0554097830933025e-06,397.8603228993137,397.8603228993137,408.52949064959637,465.1842554271077,1.0083559523683436
s,0.012724137956100893,0.0011024222020115714,0.010735047683015883,0.014785663104356705,3.954129047333182e-05,2.798176755721521e-05,777.3099452652849,776.6796855907571,786.0938410400402,1574.76146889924,1.0026400630470478
gamma,0.02362223658708997,0.030012290092238363,1.8804894147588644e-06,0.06899155428302461,0.0009556782899430351,0.0006759665523194256,986.2223277771413,986.2223277771413,1139.947525572573,1239.9379322029079,1.0062149060466197
zeta,0.8716760436118489,1.2068236229944058,7.235873427094461e-05,2.927740828991427,0.058890376187673794,0.041670739884717055,419.9513176402057,419.9513176402057,522.2369412212544,506.31069438057915,1.007022843336659
