,mean,sd,hdi_3%,hdi_97%,mcse_mean,mcse_sd,ess_mean,ess_sd,ess_bulk,ess_tail,r_hat
b,1.0,0.0,1.0,1.0,0.0,0.0,10000.0,10000.0,10000.0,10000.0,
p_error,0.05000000447034836,3.725476371840841e-09,0.05000000074505806,0.05000000074505806,3.7254763718408414e-11,2.6343864464297942e-11,10000.0,10000.0,10000.0,10000.0,
v,0.00011382231926312038,1.12150508092433e-05,9.214482057301856e-05,0.0001335318339680841,3.309979766607682e-07,2.3411040239332824e-07,1148.0262353721298,1148.0262353721298,1133.1095466391344,1032.3298889956302,1.0009971223619125
s,0.007490236427642783,0.0004913467313291833,0.006549088320265639,0.00840243699215014,1.1593519683245187e-05,8.199187949561827e-06,1796.1621283303732,1796.1621283303732,1784.387359198116,1964.1284656902512,1.0017886428177756
gamma,0.005871710361232699,0.005812760823125008,7.078980338836892e-07,0.016586058147973103,0.00013413510613143357,9.486257810923673e-05,1877.9325625491101,1877.9325625491101,1809.032725517882,2124.1955020515347,1.0011652658847168
zeta,0.22942323290685798,0.2341356947922108,0.0001876108769980192,0.6691960336776664,0.006891816998561621,0.004971277128873932,1154.1646885791104,1109.6798096109942,1277.3150798940824,1266.5553997851518,1.0010549453360538
