,mean,sd,hdi_3%,hdi_97%,mcse_mean,mcse_sd,ess_mean,ess_sd,ess_bulk,ess_tail,r_hat
b,1.0,0.0,1.0,1.0,0.0,0.0,10000.0,10000.0,10000.0,10000.0,
p_error,0.05000000447034836,3.725476371840841e-09,0.05000000074505806,0.05000000074505806,3.7254763718408414e-11,2.6343864464297942e-11,10000.0,10000.0,10000.0,10000.0,
v,0.00011502569671454073,1.1926478946643334e-05,9.061264706184377e-05,0.0001359882879295842,3.8016194597474455e-07,2.688947925781795e-07,984.2087180459074,984.2087180459074,971.6637223853069,845.3100236355496,1.002166886068626
s,0.007648509051588378,0.00043346440479651054,0.006827102047029631,0.008452375082862241,1.017232573076607e-05,7.1942318014880885e-06,1815.79310667001,1815.714588321074,1810.9205447919235,1923.5436103991192,1.002818373962637
gamma,0.005811578267379197,0.005847212597765218,2.677230086748987e-06,0.016100700541637685,0.00012487308299911597,8.831035218087255e-05,2192.6034886334573,2192.6034886334573,1840.69616149125,2102.1925048372113,1.0003900370345928
zeta,0.2262295910571677,0.24235255216480084,0.00017767582651905033,0.6490494323946836,0.007571541753947322,0.005899538115192416,1024.5344161593057,844.3632766431051,1258.037278152947,1302.7426845364776,1.0020956617457593
