,mean,sd,hdi_3%,hdi_97%,mcse_mean,mcse_sd,ess_mean,ess_sd,ess_bulk,ess_tail,r_hat
b,1.0,0.0,1.0,1.0,0.0,0.0,10000.0,10000.0,10000.0,10000.0,
p_error,0.05000000447034836,3.725476371840841e-09,0.05000000074505806,0.05000000074505806,3.7254763718408414e-11,2.6343864464297942e-11,10000.0,10000.0,10000.0,10000.0,
v,0.0001565260419006105,1.0080832039552808e-05,0.0001380011424531338,0.00017636603343514605,2.657139307903244e-07,1.8792620890394223e-07,1439.342368650688,1439.342368650688,1454.4723093262442,1599.9093313963103,1.0027094197477844
s,0.006042909483111413,0.0003771702939787967,0.005406453564734984,0.006799051155980801,8.500710597384184e-06,6.01180089075271e-06,1968.6318102082087,1968.6318102082087,1953.312719892284,1768.1185423711067,1.0004958530055905
gamma,0.0021235777700129715,0.002126808711860779,1.6052842203479728e-06,0.006145568199284352,4.3984987182624875e-05,3.110596350408669e-05,2338.018383925058,2338.018383925058,1994.0938949052513,2049.2949219157977,1.0008128953722877
zeta,0.1422904151412156,0.15428564884452317,7.732085764101888e-06,0.42515635587236617,0.003918258104950071,0.0027711482377755616,1550.4757614527243,1550.4757614527243,1585.3894311298134,1797.2838572071732,1.0023199177299797
