,mean,sd,hdi_3%,hdi_97%,mcse_mean,mcse_sd,ess_mean,ess_sd,ess_bulk,ess_tail,r_hat
b,1.0,0.0,1.0,1.0,0.0,0.0,10000.0,10000.0,10000.0,10000.0,
p_error,0.05000000447034836,3.725476371840841e-09,0.05000000074505806,0.05000000074505806,3.7254763718408414e-11,2.6343864464297942e-11,10000.0,10000.0,10000.0,10000.0,
v,0.0001237128427333764,1.2384856087405882e-05,0.00010230233640633505,0.00014846114431551124,3.528997370283523e-07,2.4959691505197346e-07,1231.6271654849977,1231.6271654849977,1228.1707475127475,1389.8766755096594,1.0018651101310443
s,0.008985714837083518,0.0006286269974741285,0.007858411821110868,0.010198546127904443,1.4471211499834855e-05,1.0349287829430842e-05,1887.0190107011583,1845.3232067499544,1966.5944173315734,1739.3871734540076,1.0002386492913564
gamma,0.006814134084884695,0.007105247521121098,1.1639417018468567e-06,0.019934158251281926,0.00015029885519470855,0.00010629121292883544,2234.843305479408,2234.843305479408,1615.2766930898833,1920.6459432846727,1.0014279632690248
zeta,0.23568965946184917,0.25715356443950865,6.550535714713514e-05,0.6931123029518588,0.007162575507078704,0.005065852180038821,1288.9814591408967,1288.9814591408967,1307.920257492708,1654.160230594461,1.0035172149889053
