,mean,sd,hdi_3%,hdi_97%,mcse_mean,mcse_sd,ess_mean,ess_sd,ess_bulk,ess_tail,r_hat
b,1.0,0.0,1.0,1.0,0.0,0.0,10000.0,10000.0,10000.0,10000.0,
p_error,0.05000000447034836,3.725476371840841e-09,0.05000000074505806,0.05000000074505806,3.7254763718408414e-11,2.6343864464297942e-11,10000.0,10000.0,10000.0,10000.0,
v,0.00019253588854062408,1.3848238687983712e-05,0.00016693343273403014,0.00021773925072969197,4.331176082011257e-07,3.063478179360974e-07,1022.2977397140007,1022.2977397140007,1039.8533355967868,1374.9736857280739,1.0034070946956486
s,0.006727433495276707,0.0005216739774700215,0.005738106791611,0.007669614034211041,1.4248159994839834e-05,1.0078746022952704e-05,1340.54309637646,1340.1223158670211,1352.5442093658648,1911.1657052703647,1.0029389252286727
gamma,0.004002323537365448,0.0038545376154546997,3.620978007978934e-06,0.01098973932830471,8.476076021593513e-05,5.9943363381657005e-05,2068.020739984856,2068.020739984856,1712.6510647189136,1868.6827127211657,1.0003040207543366
zeta,0.15201704163521726,0.15948003237278108,8.926437333603554e-05,0.4405848370407055,0.004464900093490783,0.0031578831773053295,1275.8192162409096,1275.8192162409096,1307.3794319290066,1550.3709815260213,1.0013851969827452
