,mean,sd,hdi_3%,hdi_97%,mcse_mean,mcse_sd,ess_mean,ess_sd,ess_bulk,ess_tail,r_hat
b,1.0,0.0,1.0,1.0,0.0,0.0,10000.0,10000.0,10000.0,10000.0,
p_error,0.05000000447034836,3.725476371840841e-09,0.05000000074505806,0.05000000074505806,3.7254763718408414e-11,2.6343864464297942e-11,10000.0,10000.0,10000.0,10000.0,
v,0.00030242212877850945,1.8311755027232597e-05,0.0002680001052365163,0.0003351395512860836,4.624853135141606e-07,3.270873629748711e-07,1567.7039314943195,1567.7039314943195,1559.5335904272165,1988.2056474561648,1.0006006263002962
s,0.008817795945183114,0.0007424301982584025,0.0074253940176572195,0.010203338226998624,1.8923401441457355e-05,1.3522357594003305e-05,1539.2630763333539,1507.8025922272911,1548.7297902801408,1745.16875643063,1.0041208303204554
gamma,0.001870960335482578,0.0019172148166153272,3.2812991930094366e-08,0.00558252215500684,4.2205044673250965e-05,2.9847692472894517e-05,2063.5396814835112,2063.5396814835112,1538.54085890839,1640.6566444670154,1.0012031699242212
zeta,0.1339336565859815,0.13751574115557388,8.70310151620061e-05,0.3827908360767263,0.003446672002151099,0.0024376118311637586,1591.8601650513256,1591.8601650513256,1455.8685720694432,1704.9967828276313,1.0021935853469233
