,mean,sd,hdi_3%,hdi_97%,mcse_mean,mcse_sd,ess_mean,ess_sd,ess_bulk,ess_tail,r_hat
b,1.0,0.0,1.0,1.0,0.0,0.0,10000.0,10000.0,10000.0,10000.0,
p_error,0.05000000447034836,3.725476371840841e-09,0.05000000074505806,0.05000000074505806,3.7254763718408414e-11,2.6343864464297942e-11,10000.0,10000.0,10000.0,10000.0,
v,0.0002131921495651636,1.7315922641368453e-05,0.00018245556747193857,0.0002476700795950414,6.949525686915204e-07,4.916367174959606e-07,620.8417935424081,620.8417935424081,624.0200505346446,970.1774758516266,1.0033061492657371
s,0.006873743969893205,0.0005167689507577814,0.005972045664087459,0.007930129589129673,1.5004211619338202e-05,1.0612189541622563e-05,1186.2233324115286,1186.2233324115286,1179.4643111622968,1447.7065706680053,1.0003564705638741
gamma,0.00918753475569881,0.008648886401192608,1.6387558092607543e-07,0.02459858693151527,0.0002780122638328272,0.00019664363130520351,967.8152864983633,967.8152864983633,962.411530055133,1072.669457688325,1.0003933788478248
zeta,0.19160171526663616,0.19511792487345658,1.6421320390370512e-05,0.5510932120180424,0.006845776988170188,0.005021334779612239,812.3605829579689,755.5469334896559,994.5200325184085,1029.2957768029435,1.0033981985928597
