,mean,sd,hdi_3%,hdi_97%,mcse_mean,mcse_sd,ess_mean,ess_sd,ess_bulk,ess_tail,r_hat
b,1.0,0.0,1.0,1.0,0.0,0.0,10000.0,10000.0,10000.0,10000.0,
p_error,0.05000000447034836,3.725476371840841e-09,0.05000000074505806,0.05000000074505806,3.7254763718408414e-11,2.6343864464297942e-11,10000.0,10000.0,10000.0,10000.0,
v,0.00029404765762732843,6.280132990605083e-05,0.00017040388065250696,0.00040816116454895024,3.1522188345043264e-06,2.2305952519181843e-06,396.92180900569326,396.92180900569326,431.2505552491415,353.699231043252,1.0019838864806876
s,0.020542271686548527,0.002043099499035686,0.01680752465708596,0.024278137345218002,7.534998027965503e-05,5.3684396246358685e-05,735.2122737826587,724.7739964614708,750.8043349942046,1404.2245565891524,1.0076682684158986
gamma,0.007925398255554723,0.009562317774426574,2.223055165706346e-05,0.023247128692264876,0.00029321360848761057,0.00020739021630561784,1063.5504573804883,1063.5504573804883,1283.562158838466,1152.018604550826,1.001573595747699
zeta,0.6346128137223676,0.9996402728499696,0.0006988150259900725,1.9769661086010144,0.05469450655109216,0.03870867559638177,334.04122811345667,334.04122811345667,593.2047451505077,431.94148876983814,1.001345136164945
