,mean,sd,hdi_3%,hdi_97%,mcse_mean,mcse_sd,ess_mean,ess_sd,ess_bulk,ess_tail,r_hat
b,1.0,0.0,1.0,1.0,0.0,0.0,10000.0,10000.0,10000.0,10000.0,
p_error,0.05000000447034836,3.725476371840841e-09,0.05000000074505806,0.05000000074505806,3.7254763718408414e-11,2.6343864464297942e-11,10000.0,10000.0,10000.0,10000.0,
v,6.666161862963586e-05,5.7912688287690566e-05,1.44904817951585e-07,0.00017459506928373981,2.7693482318521986e-06,1.9595324423493496e-06,437.312922947931,437.312922947931,443.92899619836726,758.6566880226953,1.002441021951614
s,0.03378375995564551,0.004939573579040346,0.024284783619034137,0.04267516742634489,0.00019651532230700788,0.00013911807906057282,631.8093985415164,630.9334182087317,631.7016018288845,1187.701236960229,1.0021424670054628
gamma,0.1748078327814444,0.2294048752137659,6.36566269578824e-07,0.6931981215121983,0.00893621246198933,0.006321655119234444,659.0195749557172,659.0195749557172,585.1241417888258,1215.25624579059,1.0035575192565553
zeta,3.426547644987393,2.8529037621048046,0.0019323314065597562,8.778035269658508,0.0946829820534304,0.06697249911605252,907.8840537891753,907.8840537891753,864.8831044005439,1672.3721934290324,1.0043771728385709
