,mean,sd,hdi_3%,hdi_97%,mcse_mean,mcse_sd,ess_mean,ess_sd,ess_bulk,ess_tail,r_hat
b,1.0,0.0,1.0,1.0,0.0,0.0,10000.0,10000.0,10000.0,10000.0,
p_error,0.05000000447034836,3.725476371840841e-09,0.05000000074505806,0.05000000074505806,3.7254763718408414e-11,2.6343864464297942e-11,10000.0,10000.0,10000.0,10000.0,
v,0.00015042327604866438,1.570057117081511e-05,0.00012024833496972606,0.0001787190722113511,5.207856999306356e-07,3.683693375795536e-07,908.8930920083033,908.8930920083033,938.0761211094497,706.3237497926398,1.0024258216627646
s,0.007068400204850275,0.0004398347143139236,0.0062921543032313084,0.007909251327289136,1.1304931479191889e-05,8.004904946923795e-06,1513.7115966893355,1510.0956441648777,1527.0942384737536,1781.5959408029441,1.0004417634944798
gamma,0.006267286169025689,0.006206258328146959,4.445592920522891e-06,0.016939228798946198,0.00013879217984026076,9.815521063417164e-05,1999.53819189029,1999.53819189029,1779.3807000802892,1967.8129531010884,1.0016472459927888
zeta,0.2833344842947713,0.3042396754184151,0.00012235820992119272,0.8264313461242339,0.009251878322025762,0.006543831244729676,1081.3639154400012,1081.3639154400012,1198.2837318772793,1133.2666072646884,1.0011196945368046
