,mean,sd,hdi_3%,hdi_97%,mcse_mean,mcse_sd,ess_mean,ess_sd,ess_bulk,ess_tail,r_hat
b,1.0,0.0,1.0,1.0,0.0,0.0,10000.0,10000.0,10000.0,10000.0,
p_error,0.05000000447034836,3.725476371840841e-09,0.05000000074505806,0.05000000074505806,3.7254763718408414e-11,2.6343864464297942e-11,10000.0,10000.0,10000.0,10000.0,
v,0.0001480098628904118,1.5793928383674193e-05,0.00011679176326440765,0.0001743149463329043,6.420317242178259e-07,4.5420397267204154e-07,605.1560126980719,605.1560126980719,659.5651248832615,724.4669327266799,1.0018010552044592
s,0.007048782665555156,0.0004528779473732433,0.006219587186296244,0.007870818194780822,1.1751432535057982e-05,8.33856193917915e-06,1485.1855792089643,1475.4407624982302,1499.4182002069617,1704.14683326701,1.0015802533775768
gamma,0.006191038449705357,0.006098665527880658,1.0708497709029686e-06,0.017073481514527842,0.0001439407636222624,0.00010179803151659973,1795.1553052279505,1795.1553052279505,1591.523750415818,1726.9065592361026,1.0003248935216433
zeta,0.3059829120883567,0.3679581856616397,0.0002480582422147889,0.8700743836210391,0.01693568352007613,0.01472185109749821,472.0537791179075,312.9338688083592,848.9239465936529,885.5010596611056,1.001191935707756
