,mean,sd,hdi_3%,hdi_97%,mcse_mean,mcse_sd,ess_mean,ess_sd,ess_bulk,ess_tail,r_hat
b,1.0,0.0,1.0,1.0,0.0,0.0,10000.0,10000.0,10000.0,10000.0,
p_error,0.05000000447034836,3.725476371840841e-09,0.05000000074505806,0.05000000074505806,3.7254763718408414e-11,2.6343864464297942e-11,10000.0,10000.0,10000.0,10000.0,
v,0.00013529044350930192,1.75658879913577e-05,0.00010083102584665165,0.00016807031906355678,7.084079742739421e-07,5.011578941239126e-07,614.8558873615461,614.8558873615461,651.101550329833,960.8276599545507,1.0056087876557822
s,0.007455706131156137,0.00046953163836975346,0.006600453679485438,0.008326485989061624,1.6007452592382196e-05,1.1370951304517502e-05,860.3700314675862,853.1064202548695,868.4245616913374,1213.8473959003566,1.0071255948589868
gamma,0.007827413946097992,0.0080933424004924,1.3328204308067202e-05,0.02244779216379176,0.00020841821994947582,0.00014740245117351837,1507.941396358937,1507.941396358937,1456.3290063614634,1536.3261843129226,1.0012345650801886
zeta,0.17762698778965072,0.19302535222803904,1.351370654079283e-05,0.5199821135451639,0.005336435458636489,0.0037742712149918503,1308.3567663800952,1308.3567663800952,1217.6220134514358,1285.560496769654,1.0009470926343884
