,mean,sd,hdi_3%,hdi_97%,mcse_mean,mcse_sd,ess_mean,ess_sd,ess_bulk,ess_tail,r_hat
b,1.0,0.0,1.0,1.0,0.0,0.0,10000.0,10000.0,10000.0,10000.0,
p_error,0.05000000447034836,3.725476371840841e-09,0.05000000074505806,0.05000000074505806,3.7254763718408414e-11,2.6343864464297942e-11,10000.0,10000.0,10000.0,10000.0,
v,0.0001341396758660546,1.7191700636277682e-05,0.00010115068835580606,0.00016521106795942106,5.891422804100901e-07,4.1672927529893917e-07,851.5247926468933,851.5247926468933,841.9193035047624,1271.6016658795838,1.0037061935706768
s,0.0074585661943556885,0.0004722891850184083,0.006614198526806774,0.008397019690436902,1.4038187901508328e-05,9.942664241643259e-06,1131.8630935411093,1128.768720427332,1135.6967456390603,1486.8786589291647,1.0003831586763308
gamma,0.00797557889142691,0.008442420748557129,2.0255877600272048e-06,0.02248697466124373,0.00021696296077134726,0.0001534455430554622,1514.1286855796081,1514.1286855796081,1469.5054449964555,1570.0764609912314,1.0020818448183373
zeta,0.1840112478851694,0.1940763280972625,1.4357394422828738e-05,0.5229991479023928,0.004851209862785212,0.003430948724521238,1600.460678423519,1600.460678423519,1470.388723813456,1612.4634709020281,1.0007589146570866
