,mean,sd,hdi_3%,hdi_97%,mcse_mean,mcse_sd,ess_mean,ess_sd,ess_bulk,ess_tail,r_hat
b,1.0,0.0,1.0,1.0,0.0,0.0,10000.0,10000.0,10000.0,10000.0,
p_error,0.05000000447034836,3.725476371840841e-09,0.05000000074505806,0.05000000074505806,3.7254763718408414e-11,2.6343864464297942e-11,10000.0,10000.0,10000.0,10000.0,
v,9.592809446887877e-05,1.7793012548252843e-05,6.181273212404272e-05,0.0001262739747939574,5.781998651652321e-07,4.0897503517423726e-07,946.984777597644,946.984777597644,968.1507832013143,1372.6643296536265,1.0016907075257666
s,0.008488309046390445,0.0004814298822597805,0.007562936642230979,0.009365856738501882,1.4201112672414449e-05,1.0049175138212157e-05,1149.2680686258989,1148.1429902612,1150.4178471660769,1349.9679252474373,1.0008618411128305
gamma,0.011019313348107773,0.011206710009672419,1.6046950095639004e-06,0.031122795573165257,0.000262413238964019,0.00018558386259868637,1823.831803629233,1823.831803629233,1656.0444583591711,1764.1781572608575,1.0001257569799835
zeta,0.20656107185319011,0.23953644626406942,8.734546336942954e-05,0.6196233362328284,0.006051895162016462,0.004280133075379022,1566.6082602785705,1566.6082602785705,1499.0162597220558,1639.7191047780962,1.0023305622168928
