,mean,sd,hdi_3%,hdi_97%,mcse_mean,mcse_sd,ess_mean,ess_sd,ess_bulk,ess_tail,r_hat
b,1.0,0.0,1.0,1.0,0.0,0.0,10000.0,10000.0,10000.0,10000.0,
p_error,0.05000000447034836,3.725476371840841e-09,0.05000000074505806,0.05000000074505806,3.7254763718408414e-11,2.6343864464297942e-11,10000.0,10000.0,10000.0,10000.0,
v,9.57532839036413e-05,1.7252783765961203e-05,6.222859781773938e-05,0.0001256701713601612,5.772476348937516e-07,4.0830906357056486e-07,893.2932123608571,893.2932123608571,910.8401948764086,1211.0391853631006,1.0009273935100462
s,0.008478654502472975,0.0004914846312390082,0.007605039785722155,0.009415723906603004,1.5738190364382434e-05,1.1168921660419197e-05,975.237282677312,968.7885421986749,982.5232667495691,1280.2791901178707,1.001351726336034
gamma,0.01118256559663719,0.01177537058967898,1.9548078002907714e-06,0.03155496482599093,0.00028934098574587676,0.0002090674975084351,1656.26282616019,1586.740203229358,1589.985262928465,1786.4412595678066,1.0015435525205256
zeta,0.20382279168067763,0.23062025671421496,5.9422178066163724e-05,0.5915726651413062,0.006340820518544943,0.004484626141528629,1322.8298361767277,1322.8298361767277,1453.3864022391608,1798.868622443086,1.0008649855832323
