,mean,sd,hdi_3%,hdi_97%,mcse_mean,mcse_sd,ess_mean,ess_sd,ess_bulk,ess_tail,r_hat
b,1.0,0.0,1.0,1.0,0.0,0.0,10000.0,10000.0,10000.0,10000.0,
p_error,0.05000000447034836,3.725476371840841e-09,0.05000000074505806,0.05000000074505806,3.7254763718408414e-11,2.6343864464297942e-11,10000.0,10000.0,10000.0,10000.0,
v,0.0001847128064719116,2.5530709668240705e-05,0.0001349841056645628,0.00022987459587324775,1.0036143570135702e-06,7.099826136344797e-07,647.1307591258562,647.1307591258562,686.5651488248387,608.8319681197698,1.0044040993111298
s,0.008883160016880743,0.0005403486442268016,0.007910635526136526,0.009905743351634543,1.7624520054423586e-05,1.2503646370914758e-05,939.9690062223578,934.3638088876556,955.8209493617965,1236.772436489073,1.006056878280167
gamma,0.01932942072103154,0.019682516676544293,7.918724812853132e-07,0.05176569783081659,0.0007376573951418319,0.0005264714380386409,711.9538696542209,699.4296193046099,905.075562350929,743.4476711114719,1.0023521512240392
zeta,0.2020854793425543,0.24090373459699602,8.390895080060047e-05,0.6034643945308564,0.006995610662531625,0.004947860887098692,1185.8665071762007,1185.8665071762007,1292.6038803081212,1432.7904469714622,1.0011527040167363
