,mean,sd,hdi_3%,hdi_97%,mcse_mean,mcse_sd,ess_mean,ess_sd,ess_bulk,ess_tail,r_hat
b,1.0,0.0,1.0,1.0,0.0,0.0,10000.0,10000.0,10000.0,10000.0,
p_error,0.05000000447034836,3.725476371840841e-09,0.05000000074505806,0.05000000074505806,3.7254763718408414e-11,2.6343864464297942e-11,10000.0,10000.0,10000.0,10000.0,
v,8.813157909665865e-05,1.9672897993207603e-05,5.209934537698349e-05,0.00012819019796806098,1.4965528815385423e-06,1.060013968938014e-06,172.80350424035905,172.80350424035905,167.53529142877466,167.7810537031185,1.0048775407690724
s,0.006532343095910152,0.00037195798157593324,0.005855737808257532,0.007219003434259267,1.1715629031071506e-05,8.286598986898811e-06,1007.9907381482059,1007.9907381482059,1011.832258658049,1565.575389266121,1.002556848108519
gamma,0.019152680426950657,0.018053117776016682,8.716988121754713e-06,0.051165398965273945,0.0006202411284815488,0.00043872778684982664,847.1948530015887,847.1948530015887,999.3331672175664,974.2105884765039,1.0014914601074623
zeta,1.3111549444086765,1.4740774636442078,0.00040935354990479,3.8957891626223375,0.13610718211292525,0.09648264814464998,117.2947375183264,117.2947375183264,190.6525095887657,150.3127867306273,1.0051022638345757
