,mean,sd,hdi_3%,hdi_97%,mcse_mean,mcse_sd,ess_mean,ess_sd,ess_bulk,ess_tail,r_hat
b,1.0,0.0,1.0,1.0,0.0,0.0,10000.0,10000.0,10000.0,10000.0,
p_error,0.05000000447034836,3.725476371840841e-09,0.05000000074505806,0.05000000074505806,3.7254763718408414e-11,2.6343864464297942e-11,10000.0,10000.0,10000.0,10000.0,
v,0.00016067044244915608,1.2542450886351899e-05,0.00013538498641318256,0.00018251802479930354,4.584080134476722e-07,3.2426978720809286e-07,748.6182604430464,748.6182604430464,812.620178456706,625.9574231852786,1.0022365998521305
s,0.004944927340559247,0.0002437224666292652,0.004511489593364132,0.0054032168537962956,6.3093526891988045e-06,4.462258399286097e-06,1492.1810482336305,1492.1810482336305,1494.048936483895,1767.543199444991,1.0016780486968833
gamma,0.006089839004706097,0.005382935061476917,4.185768663416973e-06,0.016204668910452535,0.00015815050261815925,0.00011185745926312954,1158.5029079879857,1158.5029079879857,1083.9637860173027,1580.3213103941334,1.0011540277737623
zeta,0.23349846207738015,0.2481270053490269,8.482022277661031e-05,0.6518828992280905,0.011051522481541362,0.009531144181202829,504.0850821554499,339.44943388588655,831.8483979431604,603.0244790777181,1.0051086160493135
