,mean,sd,hdi_3%,hdi_97%,mcse_mean,mcse_sd,ess_mean,ess_sd,ess_bulk,ess_tail,r_hat
b,1.0,0.0,1.0,1.0,0.0,0.0,10000.0,10000.0,10000.0,10000.0,
p_error,0.05000000447034836,3.725476371840841e-09,0.05000000074505806,0.05000000074505806,3.7254763718408414e-11,2.6343864464297942e-11,10000.0,10000.0,10000.0,10000.0,
v,7.673823496985135e-05,9.81869066030339e-06,5.64409802769915e-05,9.341568803893316e-05,4.173941538292323e-07,2.9529793855297555e-07,553.3684974008049,553.3684974008049,586.8139082246639,681.3898261316607,1.0013936990327699
s,0.004681631395373517,0.00025528595635110606,0.004188060968468609,0.005142701684354238,9.486344114119309e-06,6.710561667079792e-06,724.1959631116566,724.1959631116566,724.253567191653,1307.5107513512494,1.005778106873275
gamma,0.02205855072436911,0.015804487864590096,1.3120624251991143e-05,0.04908268764701678,0.0007007775948837007,0.0005187521117360556,508.6282035789095,464.68291153844086,563.0671249012752,707.3530549967311,1.011375357331877
zeta,0.43899273234479635,0.4763062862935149,0.00020541713444375355,1.2476372813239536,0.01849567601561295,0.013084174127955102,663.1812026719457,663.1812026719457,797.7937450328684,826.7515716565098,1.0011171681338693
