,mean,sd,hdi_3%,hdi_97%,mcse_mean,mcse_sd,ess_mean,ess_sd,ess_bulk,ess_tail,r_hat
b,1.0,0.0,1.0,1.0,0.0,0.0,10000.0,10000.0,10000.0,10000.0,
p_error,0.05000000447034836,3.725476371840841e-09,0.05000000074505806,0.05000000074505806,3.7254763718408414e-11,2.6343864464297942e-11,10000.0,10000.0,10000.0,10000.0,
v,0.00021681509375833796,2.0923217344775013e-05,0.0001739661493143022,0.0002541195240657321,8.430913820239076e-07,5.964381796130238e-07,615.8963534818328,615.8963534818328,645.9724181388111,624.4611885187153,1.0008276375921834
s,0.007737119215163496,0.0005128370793615223,0.006758993400011904,0.00868788470458175,1.451416964973818e-05,1.0286667757089026e-05,1248.459465098673,1243.3208928772046,1253.0005509518448,1700.1874859815382,1.0019699004479685
gamma,0.006809034198098254,0.006708708652673576,1.1612789619507814e-05,0.019050825133782447,0.00018242594149933862,0.000129022450306998,1352.398469629242,1352.398469629242,1359.1602652634745,1545.254663993693,1.0026437672175077
zeta,0.24442962201689866,0.25503597360436786,0.00034335279769658235,0.680558907613542,0.009536946660454305,0.006776574011914324,715.1286531503323,708.7778326068446,831.5974472762177,802.2916352360651,1.0018307050347917
