,mean,sd,hdi_3%,hdi_97%,mcse_mean,mcse_sd,ess_mean,ess_sd,ess_bulk,ess_tail,r_hat
b,1.0,0.0,1.0,1.0,0.0,0.0,10000.0,10000.0,10000.0,10000.0,
p_error,0.05000000447034836,3.725476371840841e-09,0.05000000074505806,0.05000000074505806,3.7254763718408414e-11,2.6343864464297942e-11,10000.0,10000.0,10000.0,10000.0,
v,0.00018815941691211925,1.799273880021894e-05,0.0001561652601237785,0.00022286356098252596,5.510235747727099e-07,3.8973913898229436e-07,1066.238084575254,1066.238084575254,1077.913951917131,1039.3480500882617,1.0008798845502722
s,0.007336099516365064,0.0005473157452164956,0.0063678864698177955,0.008441328426887705,1.1982214599502532e-05,8.473889903990533e-06,2086.4198088217327,2086.4198088217327,2074.180016848507,2059.4649783281957,1.000726491070603
gamma,0.001862767099460305,0.0019007352049166541,3.0243942346848685e-07,0.005360134513524667,3.93734362022828e-05,2.7844708965409427e-05,2330.432889552688,2330.432889552688,2032.5351517738977,2110.538138696642,1.0021763122837832
zeta,0.22968709656699957,0.24354878444671618,3.137305924648929e-05,0.6591897441386467,0.007524712441350128,0.00559059603661384,1047.5918639764793,949.4948754073299,1165.4496926465952,1287.0057580904017,1.0019494190580653
