,mean,sd,hdi_3%,hdi_97%,mcse_mean,mcse_sd,ess_mean,ess_sd,ess_bulk,ess_tail,r_hat
b,1.0,0.0,1.0,1.0,0.0,0.0,10000.0,10000.0,10000.0,10000.0,
p_error,0.05000000447034836,3.725476371840841e-09,0.05000000074505806,0.05000000074505806,3.7254763718408414e-11,2.6343864464297942e-11,10000.0,10000.0,10000.0,10000.0,
v,0.00018717766221578044,1.740049622532432e-05,0.00015524685307931996,0.00021999943703473988,4.561761171129615e-07,3.2262990949140697e-07,1454.983869962477,1454.983869962477,1457.3715979377969,1770.7475046455045,1.0007976893012807
s,0.006550924110731346,0.00045195012476212924,0.005711353090672392,0.007388496468686633,1.1362373406574196e-05,8.035892897868258e-06,1582.1326974843225,1582.1326974843225,1569.5213544104142,1471.3563385540099,1.000931050905346
gamma,0.0020840815993511085,0.0020637957574467258,3.6251121124937114e-07,0.005957535752167619,4.233121663961661e-05,2.9936364098219696e-05,2376.9055750663933,2376.9055750663933,2003.0259384238302,2149.7363294264655,1.0025951282858487
zeta,0.12938988243352947,0.1302443613005173,3.329226946451276e-05,0.3513483077451217,0.003150696174616397,0.0024612317140188162,1708.853410133987,1400.7601021416265,1708.7586120787591,2082.0608840384675,1.002228531664902
