,mean,sd,hdi_3%,hdi_97%,mcse_mean,mcse_sd,ess_mean,ess_sd,ess_bulk,ess_tail,r_hat
b,1.0,0.0,1.0,1.0,0.0,0.0,10000.0,10000.0,10000.0,10000.0,
p_error,0.05000000447034836,3.725476371840841e-09,0.05000000074505806,0.05000000074505806,3.7254763718408414e-11,2.6343864464297942e-11,10000.0,10000.0,10000.0,10000.0,
v,0.0002064086050790679,1.532570551883462e-05,0.00017783962444775815,0.00023421180634174358,3.963901031401601e-07,2.8034483704960967e-07,1494.8421921154775,1494.8421921154775,1498.8530892244746,1792.0194457738046,1.0028989158255526
s,0.00632409321637447,0.00048556208256126044,0.005457847037297985,0.007246970355983419,1.1622384922361544e-05,8.219640891157148e-06,1745.416275552923,1745.416275552923,1756.930644924604,1575.6288835614487,1.000538610250712
gamma,0.001642318246834386,0.0017090756542648873,6.951944669685162e-07,0.00481540631394555,3.770992994433394e-05,2.6668734414749578e-05,2054.050535260375,2054.050535260375,1752.2371788426015,2109.2313410657,1.0002783270680897
zeta,0.11339368476443187,0.11218695048193311,3.94300351247326e-05,0.31147880843059883,0.00296126411180427,0.0020943556001925437,1435.259397953199,1435.259397953199,1461.6343355238123,1830.7675998051393,1.0015055745449792
