,mean,sd,hdi_3%,hdi_97%,mcse_mean,mcse_sd,ess_mean,ess_sd,ess_bulk,ess_tail,r_hat
b,1.0,0.0,1.0,1.0,0.0,0.0,10000.0,10000.0,10000.0,10000.0,
p_error,0.05000000447034836,3.725476371840841e-09,0.05000000074505806,0.05000000074505806,3.7254763718408414e-11,2.6343864464297942e-11,10000.0,10000.0,10000.0,10000.0,
v,0.00020606226680102067,1.5452958550150977e-05,0.00017942234703507902,0.00023652789066211445,4.0566966064241334e-07,2.869094465793741e-07,1451.0361152433948,1451.0361152433948,1457.969560612787,1839.4062105712692,1.0010767413817994
s,0.006322644123256589,0.0004939966571802638,0.00549128189065452,0.007313509342643945,1.1028352286969875e-05,7.799356557594203e-06,2006.4426873308937,2006.4426873308937,2000.674175086086,1535.878243493829,1.0013964760023888
gamma,0.001658765322612171,0.0016786033080278216,5.656404545559537e-07,0.004770323656148762,3.733627802436141e-05,2.6404545817338866e-05,2021.3154965892818,2021.3154965892818,1733.247122619243,1640.930140155896,1.001279079085449
zeta,0.11489897063170781,0.11485770783082427,1.0434204588414473e-05,0.3184480496794627,0.0028042292179790195,0.002086281261988572,1677.618744361373,1516.0437109163204,1605.7748240064082,1759.0062991926557,1.0009869076636848
