,mean,sd,hdi_3%,hdi_97%,mcse_mean,mcse_sd,ess_mean,ess_sd,ess_bulk,ess_tail,r_hat
b,1.0,0.0,1.0,1.0,0.0,0.0,10000.0,10000.0,10000.0,10000.0,
p_error,0.05000000447034836,3.725476371840841e-09,0.05000000074505806,0.05000000074505806,3.7254763718408414e-11,2.6343864464297942e-11,10000.0,10000.0,10000.0,10000.0,
v,0.00022489086979852075,2.063183675131006e-05,0.00018506670300879192,0.0002633803102645101,6.625258518726744e-07,4.6861749273683743e-07,969.7730864800177,969.7730864800177,978.13358353135,1093.5874986235822,1.0016270705669554
s,0.009663969749998995,0.00058426483232835,0.008618170978201455,0.010813295795302477,1.582996674925245e-05,1.1222917094817e-05,1362.258377641599,1355.7040845845606,1372.4555147475432,1781.932387682259,1.0028066976265497
gamma,0.004224748706214354,0.004264510627010088,9.474291485731452e-06,0.01213804075601784,9.074232550463265e-05,6.417298910171696e-05,2208.607751287978,2208.607751287978,1976.8282175056663,2196.3187425054184,1.001557812605392
zeta,0.2257279752255939,0.2388163376728575,0.00020289817377039813,0.6583569267111261,0.007658310363402071,0.0054168682328694295,972.4384950473549,972.4384950473549,1099.0990117856747,1053.5481111741376,1.0005480133583293
