,mean,sd,hdi_3%,hdi_97%,mcse_mean,mcse_sd,ess_mean,ess_sd,ess_bulk,ess_tail,r_hat
b,1.0,0.0,1.0,1.0,0.0,0.0,10000.0,10000.0,10000.0,10000.0,
p_error,0.05000000447034836,3.725476371840841e-09,0.05000000074505806,0.05000000074505806,3.7254763718408414e-11,2.6343864464297942e-11,10000.0,10000.0,10000.0,10000.0,
v,0.0002257601914952842,2.052842198366227e-05,0.00018883616263315443,0.00026565377701943526,6.372962685880409e-07,4.507632470944541e-07,1037.5962218225236,1037.5962218225236,1047.8583089782446,1246.322675805966,1.003062078893043
s,0.009661931122176292,0.0005850167100396848,0.008573408834512517,0.010754608232419865,1.4773250851325149e-05,1.0456266204361981e-05,1568.1384290003352,1565.7236910781899,1570.0597059606916,1759.0527779474905,1.0052933209113482
gamma,0.004205865614541659,0.0042183382784172965,2.999705395033598e-06,0.012063738254085788,8.892607532462931e-05,6.288838303367325e-05,2250.217804889831,2250.217804889831,2025.0392687638846,2076.791830462957,1.0011387114737642
zeta,0.22190619119200902,0.2393581377179703,2.229456022003179e-05,0.6407105144426894,0.007416864105530726,0.005669641390549331,1041.4915505307533,891.7424149328301,1151.9209509431794,1171.4684862164024,1.0010485339337638
