,mean,sd,hdi_3%,hdi_97%,mcse_mean,mcse_sd,ess_mean,ess_sd,ess_bulk,ess_tail,r_hat
b,1.0,0.0,1.0,1.0,0.0,0.0,10000.0,10000.0,10000.0,10000.0,
p_error,0.05000000447034836,3.725476371840841e-09,0.05000000074505806,0.05000000074505806,3.7254763718408414e-11,2.6343864464297942e-11,10000.0,10000.0,10000.0,10000.0,
v,0.0001944508437733343,1.3554564954169073e-05,0.00016713481078860828,0.00021813213704428085,4.1641940959412923e-07,2.945340839561781e-07,1059.5201925474323,1059.5201925474323,1058.7258251401277,1466.723942077403,1.0044435203923168
s,0.006895091251724791,0.0004021936026660521,0.006123482425727649,0.007635805778913091,9.784938156631097e-06,6.920190946624275e-06,1689.484246079941,1689.484246079941,1690.6348128028653,2084.8153959787733,1.0005318002750074
gamma,0.005087078227866504,0.004782095793173062,1.6316243220939522e-07,0.0141651476484512,0.00011545748044759126,8.165465175700103e-05,1715.5065915427763,1715.5065915427763,1567.0826426883143,1711.1942507743338,1.0013484122365317
zeta,0.17592776177694797,0.1760455184660432,8.369302901129131e-05,0.5034377251480209,0.005228382978139288,0.003697976570957571,1133.7444225600714,1133.7444225600714,1079.1274241349606,1543.3696467631257,1.0083454816243835
