,mean,sd,hdi_3%,hdi_97%,mcse_mean,mcse_sd,ess_mean,ess_sd,ess_bulk,ess_tail,r_hat
b,1.0,0.0,1.0,1.0,0.0,0.0,10000.0,10000.0,10000.0,10000.0,
p_error,0.05000000447034836,3.725476371840841e-09,0.05000000074505806,0.05000000074505806,3.7254763718408414e-11,2.6343864464297942e-11,10000.0,10000.0,10000.0,10000.0,
v,0.00018242626385005285,2.1151662029819895e-05,0.00014238159375702387,0.00022183924739515798,6.660526090026917e-07,4.711065934287845e-07,1008.4907737655087,1008.4907737655087,1017.4060578970312,1311.7207224881058,1.0039320292122789
s,0.008727942409761977,0.0006311316219191997,0.00755986916801889,0.009838887852626982,1.8754956585874182e-05,1.3357511817242084e-05,1132.4205827425822,1116.82637120434,1169.2605635692826,1407.3143596566542,1.0017729477870365
gamma,0.0035452442113913895,0.0037348344204528976,2.956415266938172e-06,0.010097977937756297,8.644581254859163e-05,6.671607087783624e-05,1866.6151383012295,1567.5212614919653,1912.9179036309065,2231.2008868405037,1.0004387063064188
zeta,0.15238578832995667,0.15852789838705617,7.697764643307756e-05,0.41173770266227994,0.003978436966676014,0.002813696690058762,1587.7657928786286,1587.7657928786286,1494.7172946479677,1559.010006566952,1.0014844519225559
