,mean,sd,hdi_3%,hdi_97%,mcse_mean,mcse_sd,ess_mean,ess_sd,ess_bulk,ess_tail,r_hat
b,1.0,0.0,1.0,1.0,0.0,0.0,10000.0,10000.0,10000.0,10000.0,
p_error,0.05000000447034836,3.725476371840841e-09,0.05000000074505806,0.05000000074505806,3.7254763718408414e-11,2.6343864464297942e-11,10000.0,10000.0,10000.0,10000.0,
v,0.0002359074131578601,1.8505518824641943e-05,0.0002025972958483201,0.0002710673954812835,6.806544893910773e-07,4.826690689416397e-07,739.1781223447779,735.5601258002533,734.1908964579097,1166.6021279391416,1.004918944777426
s,0.006434342461180673,0.0005167106316026474,0.0055136643407376834,0.007464616977297606,1.7188282586494378e-05,1.2229003438053149e-05,903.7115329124542,893.2363644059603,913.9203757575975,1306.0095478761173,1.004255513516418
gamma,0.0021365466393518887,0.0020726468938236714,3.212138897716765e-06,0.0057770016279716325,4.66072790202675e-05,3.29611847904937e-05,1977.6213478324598,1977.6213478324598,1619.3608395127928,2082.8739405665956,1.002095813534018
zeta,0.15576654860377454,0.1557569402954324,5.1560633552759016e-05,0.43567834772825226,0.004074878897386677,0.0028819498998956528,1461.0510875785958,1461.0510875785958,1244.9072340070065,1664.2424544257212,1.0015214019119214
