,mean,sd,hdi_3%,hdi_97%,mcse_mean,mcse_sd,ess_mean,ess_sd,ess_bulk,ess_tail,r_hat
b,1.0,0.0,1.0,1.0,0.0,0.0,10000.0,10000.0,10000.0,10000.0,
p_error,0.05000000447034836,3.725476371840841e-09,0.05000000074505806,0.05000000074505806,3.7254763718408414e-11,2.6343864464297942e-11,10000.0,10000.0,10000.0,10000.0,
v,0.00023491791353427968,1.8785593023569277e-05,0.0002001903356241006,0.0002710863084029871,7.658346843540157e-07,5.417896142732453e-07,601.6996458550609,601.6996458550609,606.6288684477572,1100.7314592915156,1.0026442025885192
s,0.006453005455274902,0.0005117717147938462,0.005468512407621438,0.007353058289589393,2.065097279161528e-05,1.4825796636409076e-05,614.1458609181353,596.3641668882689,615.4646311436989,1163.8778668947264,1.004581615153929
gamma,0.002222771558212586,0.0021688770492942033,2.701210747183764e-07,0.006193025034200249,4.853795388489905e-05,3.432653115327205e-05,1996.6729614896817,1996.6729614896817,1737.0242538578389,1943.333961659479,1.0006332060702063
zeta,0.16112018820384796,0.15823235741425426,2.56236544995047e-05,0.4556846183896591,0.004372099447771714,0.0030922298456428333,1309.8167296869847,1309.8167296869847,1182.0839674526592,1306.8943716764807,1.0016086183973536
