,mean,sd,hdi_3%,hdi_97%,mcse_mean,mcse_sd,ess_mean,ess_sd,ess_bulk,ess_tail,r_hat
b,1.0,0.0,1.0,1.0,0.0,0.0,10000.0,10000.0,10000.0,10000.0,
p_error,0.05000000447034836,3.725476371840841e-09,0.05000000074505806,0.05000000074505806,3.7254763718408414e-11,2.6343864464297942e-11,10000.0,10000.0,10000.0,10000.0,
v,0.00018859138599945248,1.7100315649550445e-05,0.00015633449528574907,0.00022039014238448164,5.442144853985258e-07,3.849314876128338e-07,987.343018131204,987.343018131204,994.515320450876,1411.5739249337873,1.0015477052834256
s,0.008939894882372856,0.0005479779974119646,0.007960227765558023,0.010041273791494634,1.5102498316795331e-05,1.077619340432266e-05,1316.5236034425109,1293.4850159260257,1348.9366769723888,1580.510173420597,1.002966355850621
gamma,0.006042398704038514,0.00612004656965656,1.380079571967395e-06,0.01766971902895373,0.00013738553448887803,9.716052523327347e-05,1984.3918668493623,1984.3918668493623,1749.2683991146562,1791.4038016134434,1.0013470913263476
zeta,0.21866160440436005,0.23689808689811492,5.3488316612496203e-05,0.6499017308722321,0.006742932221430274,0.004769100218546133,1234.313612383677,1234.313612383677,1163.1775798729657,1568.0711471542356,1.0018883213548582
