,mean,sd,hdi_3%,hdi_97%,mcse_mean,mcse_sd,ess_mean,ess_sd,ess_bulk,ess_tail,r_hat
b,1.0,0.0,1.0,1.0,0.0,0.0,10000.0,10000.0,10000.0,10000.0,
p_error,0.05000000447034836,3.725476371840841e-09,0.05000000074505806,0.05000000074505806,3.7254763718408414e-11,2.6343864464297942e-11,10000.0,10000.0,10000.0,10000.0,
v,0.0003650535490203208,3.52429701101699e-05,0.0003014072088465694,0.00043100453096297744,1.5887127756055316e-06,1.1240560796861132e-06,492.1009769931699,492.1009769931699,552.1572218037543,383.70486273923865,1.0093170986485138
s,0.01752965118356231,0.0016634488091227418,0.014686525227077004,0.020673327811117855,4.143894770081109e-05,2.9307066262108287e-05,1611.3928937733288,1611.3928937733288,1612.281575571736,1687.3444169578036,1.0006478928328597
gamma,0.006868996526929813,0.00740318399892392,3.913823531858512e-06,0.020309688311561134,0.00017219031920682088,0.00012177615900855001,1848.500722715389,1848.500722715389,1683.6580472202127,2061.737536719644,1.0017107181956504
zeta,0.46922624618582676,0.5249349900034604,0.0005965772922290745,1.4080101436062464,0.028379694633396443,0.022676107436821302,342.13350596792844,268.5274628985907,511.4669886786463,410.1378399819996,1.0071557162807114
