,mean,sd,hdi_3%,hdi_97%,mcse_mean,mcse_sd,ess_mean,ess_sd,ess_bulk,ess_tail,r_hat
b,1.0,0.0,1.0,1.0,0.0,0.0,10000.0,10000.0,10000.0,10000.0,
p_error,0.05000000447034836,3.725476371840841e-09,0.05000000074505806,0.05000000074505806,3.7254763718408414e-11,2.6343864464297942e-11,10000.0,10000.0,10000.0,10000.0,
v,0.0003658812151165103,3.593312722699776e-05,0.0003001843527778744,0.00043367580983939174,1.5243559204043877e-06,1.078448686184636e-06,555.6704045170194,555.6704045170194,617.6839168752315,570.5596835746456,1.007034464764754
s,0.0175245705639318,0.001654589346553179,0.0144601956050085,0.02048005479630464,4.3505085307116925e-05,3.088243975766498e-05,1446.4399164419735,1435.8323339707786,1466.989400479238,1576.428538838751,1.0006939383735676
gamma,0.006937925872095448,0.007727389471994047,2.494069468351364e-06,0.020428200291287855,0.0001858734175909598,0.00013145454021364973,1728.347378709588,1728.347378709588,1464.766119470225,1852.4505077835329,1.0034104001184103
zeta,0.4778842573108899,0.5412650017271424,0.00022665425675022364,1.4198847778441146,0.02919864801754596,0.0206641116838354,343.63263891912413,343.63263891912413,529.3651297307354,388.6487261472691,1.00337662012571
