,mean,sd,hdi_3%,hdi_97%,mcse_mean,mcse_sd,ess_mean,ess_sd,ess_bulk,ess_tail,r_hat
b,1.0,0.0,1.0,1.0,0.0,0.0,10000.0,10000.0,10000.0,10000.0,
p_error,0.05000000447034836,3.725476371840841e-09,0.05000000074505806,0.05000000074505806,3.7254763718408414e-11,2.6343864464297942e-11,10000.0,10000.0,10000.0,10000.0,
v,0.0001661625517951553,1.962161709386523e-05,0.0001261989206317379,0.00020021992261147497,7.019878684869917e-07,4.965658067525342e-07,781.286606115432,781.286606115432,796.25052858696,863.5293807798579,1.0027858334252948
s,0.008364647040971224,0.0004889171816510704,0.007507491747844836,0.009321915121833148,1.4629767151291263e-05,1.0347510315784246e-05,1116.8523733029795,1116.8523733029795,1127.6002836750363,1212.2074785577277,1.0017656526408416
gamma,0.028605194524001315,0.025714083315609503,3.6656742198063394e-05,0.07607680154994938,0.000889409402391791,0.0006381411529193208,835.8698508696358,812.438605647735,895.0546311393664,877.726589129238,1.0062636693333926
zeta,0.13205037061300687,0.1402549239978149,0.0001787125702518761,0.3849290949628873,0.003403091190044045,0.0024067621748899413,1698.5919476896854,1698.5919476896854,1665.7749287302433,1970.4605323013595,1.0012574572532353
