,mean,sd,hdi_3%,hdi_97%,mcse_mean,mcse_sd,ess_mean,ess_sd,ess_bulk,ess_tail,r_hat
b,1.0,0.0,1.0,1.0,0.0,0.0,10000.0,10000.0,10000.0,10000.0,
p_error,0.05000000447034836,3.725476371840841e-09,0.05000000074505806,0.05000000074505806,3.7254763718408414e-11,2.6343864464297942e-11,10000.0,10000.0,10000.0,10000.0,
v,0.00017091183265173732,1.932244142834244e-05,0.00013757492460134284,0.0002097658127761464,7.35041170009829e-07,5.19972126481421e-07,691.0359945229668,691.0359945229668,702.6360122021325,988.5568443084125,1.0011085948764036
s,0.008377940818409181,0.0005016260579116605,0.00744910320753083,0.009320471569518422,1.5091258270959415e-05,1.070745860248763e-05,1104.8651470690306,1097.9642059872442,1123.2084499820467,1366.0798402024557,1.0008585914824333
gamma,0.02754575719150827,0.025089046796035692,2.1945136153057494e-05,0.07387794592447693,0.0008367251720848425,0.0005918460833844388,899.0889374450138,899.0889374450138,932.9764322378612,984.2473544075248,1.0005984633412242
zeta,0.12982181711581628,0.13388264822544993,0.0001246201292453823,0.36539886654829756,0.003230169081904462,0.0022844623668187816,1717.900778959298,1717.900778959298,1554.9685262180863,1879.7498603195625,1.0009121684769084
