,mean,sd,hdi_3%,hdi_97%,mcse_mean,mcse_sd,ess_mean,ess_sd,ess_bulk,ess_tail,r_hat
b,1.0,0.0,1.0,1.0,0.0,0.0,10000.0,10000.0,10000.0,10000.0,
p_error,0.05000000447034836,3.725476371840841e-09,0.05000000074505806,0.05000000074505806,3.7254763718408414e-11,2.6343864464297942e-11,10000.0,10000.0,10000.0,10000.0,
v,0.00025609586291505676,2.0672635586349364e-05,0.00021702795350089291,0.0002943603954500362,5.908400468688423e-07,4.178865824199455e-07,1224.198520302262,1224.198520302262,1226.2120494019664,1188.1599085057553,1.000930828077185
s,0.006535657763932744,0.00036704231837635944,0.005884950829230391,0.00725888998819181,9.452130990445794e-06,6.684959138547942e-06,1507.900952782257,1507.900952782257,1495.2779500764104,1636.7603338090762,1.0013729550227013
gamma,0.0023726966555739277,0.0023535356900099666,9.775763333726292e-08,0.006719929292032182,5.3245855933490754e-05,3.765612789123002e-05,1953.7543208990012,1953.7543208990012,1662.5968556627263,1696.4497491474606,1.0002991385553814
zeta,0.06744885701841385,0.06865350659185353,2.004506992599841e-05,0.1970722012369175,0.001770320754840907,0.0013097387269329123,1503.908891438438,1374.3915927920596,1605.0385702454685,1476.1685169126213,1.0011732592266271
