,mean,sd,hdi_3%,hdi_97%,mcse_mean,mcse_sd,ess_mean,ess_sd,ess_bulk,ess_tail,r_hat
b,1.0,0.0,1.0,1.0,0.0,0.0,10000.0,10000.0,10000.0,10000.0,
p_error,0.05000000447034836,3.725476371840841e-09,0.05000000074505806,0.05000000074505806,3.7254763718408414e-11,2.6343864464297942e-11,10000.0,10000.0,10000.0,10000.0,
v,0.00024189015248933697,1.8751413083956205e-05,0.00020578123868444256,0.000276068649908383,6.000527349960202e-07,4.2442815036163734e-07,976.53803515043,976.53803515043,978.6239069854469,1384.534035729762,1.0030579623213396
s,0.0072720017730360685,0.00044208107209509035,0.006395840331618194,0.0080769607717197,1.3359767480643239e-05,9.449299637036702e-06,1094.9796361433553,1094.9796361433553,1070.5796634656488,1531.1167419941137,1.002739206875699
gamma,0.0031898650962043093,0.003066587805221783,1.175839791779879e-06,0.008628830785112647,6.827303758063708e-05,4.828330880947343e-05,2017.4944890037928,2017.4944890037928,1741.6329502855194,2019.4040231856782,1.0025720842170402
zeta,0.05413647247392953,0.0559846446881551,3.722158529779634e-06,0.15508172140038687,0.0012157453849475708,0.0008875981365241196,2120.5699031785966,1989.767974329332,1655.2108228804746,1657.516663212924,1.000827114971566
