,mean,sd,hdi_3%,hdi_97%,mcse_mean,mcse_sd,ess_mean,ess_sd,ess_bulk,ess_tail,r_hat
b,1.0,0.0,1.0,1.0,0.0,0.0,10000.0,10000.0,10000.0,10000.0,
p_error,0.05000000447034836,3.725476371840841e-09,0.05000000074505806,0.05000000074505806,3.7254763718408414e-11,2.6343864464297942e-11,10000.0,10000.0,10000.0,10000.0,
v,0.0002739035148625337,2.85927167794397e-05,0.00022053908719285977,0.0003257666591608733,8.832820840156121e-07,6.24748677624949e-07,1047.8810867106986,1047.8810867106986,1067.2562111742889,1265.2938164142433,1.0013433533948544
s,0.009346323679432483,0.0006404945582145194,0.008184352468593533,0.010535431319551565,1.699330104810084e-05,1.2041617340663614e-05,1420.611695748403,1415.1755244042051,1436.4151856943897,1798.1601584630455,1.0028343234310475
gamma,0.008762198039453096,0.009359408470617999,1.0299061354002488e-05,0.02560069287734775,0.00024079345737313323,0.00017029956810581307,1510.8016068384748,1510.8016068384748,1403.1352704392652,1874.9905978888503,1.0016554575670187
zeta,0.12625835981021563,0.13220680765991683,9.623257797461349e-05,0.3646581338569508,0.0031312571377389437,0.0022144955167881387,1782.6667775743779,1782.6667775743779,1631.4618837147284,1839.0455080397612,1.0017697877504657
