,mean,sd,hdi_3%,hdi_97%,mcse_mean,mcse_sd,ess_mean,ess_sd,ess_bulk,ess_tail,r_hat
b,1.0,0.0,1.0,1.0,0.0,0.0,10000.0,10000.0,10000.0,10000.0,
p_error,0.05000000447034836,3.725476371840841e-09,0.05000000074505806,0.05000000074505806,3.7254763718408414e-11,2.6343864464297942e-11,10000.0,10000.0,10000.0,10000.0,
v,0.0002700315284582572,2.698061162669646e-05,0.0002192165157724516,0.00031757807636195116,8.583702964954971e-07,6.07138728760655e-07,987.9938010763286,987.9938010763286,993.6395563399069,1489.9785686546945,1.0023404132680125
s,0.009396347322668823,0.0006332822296221567,0.008204920061162928,0.010569709989182179,1.618652482834333e-05,1.144778309029126e-05,1530.6904323316298,1530.6904323316298,1527.0245151940176,1779.6627249885398,1.00098090441616
gamma,0.009576076795386744,0.009567291132614605,5.670607942882875e-06,0.02693544479446858,0.00023801783094071007,0.00016833441407236582,1615.6935572798595,1615.6935572798595,1386.3947384025253,1858.741975056258,1.0005026070219034
zeta,0.12807407453168562,0.13306756776308726,5.156171182343905e-06,0.3715541114742322,0.0033099651653557475,0.00244826751183614,1616.2092619560783,1477.6384781972056,1617.4192957321554,1810.5208274346555,1.0021069278213481
