,mean,sd,hdi_3%,hdi_97%,mcse_mean,mcse_sd,ess_mean,ess_sd,ess_bulk,ess_tail,r_hat
b,1.0,0.0,1.0,1.0,0.0,0.0,10000.0,10000.0,10000.0,10000.0,
p_error,0.05000000447034836,3.725476371840841e-09,0.05000000074505806,0.05000000074505806,3.7254763718408414e-11,2.6343864464297942e-11,10000.0,10000.0,10000.0,10000.0,
v,0.00016612211208768212,2.811235843526597e-05,0.00011086832107052902,0.00021657980359457492,1.2586041838762227e-06,8.904883613328503e-07,498.9031209814673,498.9031209814673,547.2653416603808,564.3917641263445,1.003528185188099
s,0.013563065067470941,0.001149226370517509,0.011469897657430173,0.015767357568348482,3.335135901753408e-05,2.377632367328068e-05,1187.3645948461838,1168.714933456254,1195.6191914226918,1452.4223646727953,1.0011728356772203
gamma,0.02630855900185959,0.028639666324644954,4.679375147542329e-06,0.07386832337695114,0.0008087639177979404,0.0005720155185477969,1253.9850901382617,1253.9850901382617,1381.5040474339364,1559.2570728971746,1.0012307416583448
zeta,0.3709278617812652,0.48247556635856464,1.2635474065320494e-05,1.1421353550425102,0.024022857440715074,0.017651823196544524,403.36788788951657,374.1272119773984,747.198643159516,568.0070998760443,1.000873809407539
