,mean,sd,hdi_3%,hdi_97%,mcse_mean,mcse_sd,ess_mean,ess_sd,ess_bulk,ess_tail,r_hat
b,1.0,0.0,1.0,1.0,0.0,0.0,10000.0,10000.0,10000.0,10000.0,
p_error,0.05000000447034836,3.725476371840841e-09,0.05000000074505806,0.05000000074505806,3.7254763718408414e-11,2.6343864464297942e-11,10000.0,10000.0,10000.0,10000.0,
v,0.0001281595555845887,3.453425352833353e-05,6.432825931259439e-05,0.0001976027077431817,2.12852525614393e-06,1.5067654606710872e-06,263.2343318011312,263.2343318011312,263.4450672792631,325.5158587945389,1.0069112987378088
s,0.014985551111808037,0.0011022417556623388,0.012982924264933887,0.017061979210667384,3.672692975912899e-05,2.597827526261158e-05,900.7089320776822,900.7089320776822,899.389555531095,1524.9431630128752,1.0013783847071176
gamma,0.0355857532800601,0.0420460783119991,1.5074265918477105e-05,0.09926518339287332,0.0016757841605470598,0.001185507781023573,629.527675384322,629.527675384322,727.1702963886133,1417.778613935725,1.0058202960642166
zeta,1.3333322217933203,1.667980571171315,0.0002804321182674574,4.389178689107442,0.10185916285669935,0.07210379149748872,268.15245052813924,268.15245052813924,330.78284798669273,447.03948219356664,1.0053905263041147
