,mean,sd,hdi_3%,hdi_97%,mcse_mean,mcse_sd,ess_mean,ess_sd,ess_bulk,ess_tail,r_hat
b,1.0,0.0,1.0,1.0,0.0,0.0,10000.0,10000.0,10000.0,10000.0,
p_error,0.05000000447034836,3.725476371840841e-09,0.05000000074505806,0.05000000074505806,3.7254763718408414e-11,2.6343864464297942e-11,10000.0,10000.0,10000.0,10000.0,
v,0.00013074018087562861,3.462470743173927e-05,6.186759874306196e-05,0.00019271659173380774,1.91947978943102e-06,1.3584956439124925e-06,325.39070093702685,325.39070093702685,325.1569771693199,380.0717560021192,1.0099614666199155
s,0.01494536738593485,0.001134023638896237,0.012848118597036596,0.01711507918450291,3.3460027418067276e-05,2.3665822561621557e-05,1148.6603500776464,1148.6603500776464,1147.6493176981783,1358.6421729559293,1.0018093119642237
gamma,0.034665702141532584,0.040240364163311296,2.4774647773662312e-06,0.09656794194803092,0.0014705532040440138,0.001040243444562619,748.7939402478074,748.7939402478074,777.9355337213268,1006.818241261793,1.0045037979181493
zeta,1.2217510463672439,1.6049257777651296,0.000653360230234861,4.239708521925298,0.09631108403152501,0.06817387933748177,277.68816012258424,277.68816012258424,388.6650610312193,406.7648393431029,1.0066809848423872
