,mean,sd,hdi_3%,hdi_97%,mcse_mean,mcse_sd,ess_mean,ess_sd,ess_bulk,ess_tail,r_hat
b,1.0,0.0,1.0,1.0,0.0,0.0,10000.0,10000.0,10000.0,10000.0,
p_error,0.05000000447034836,3.725476371840841e-09,0.05000000074505806,0.05000000074505806,3.7254763718408414e-11,2.6343864464297942e-11,10000.0,10000.0,10000.0,10000.0,
v,0.00019311135825252727,2.1435796482679063e-05,0.0001555048174638898,0.0002359209477292233,9.011020433407781e-07,6.375040626911401e-07,565.8890640499468,565.8890640499468,597.8849080824067,640.1552193557325,1.0004054806133376
s,0.01113558938471621,0.000817116012890193,0.009630483977066765,0.012651486365444423,2.3437982815688997e-05,1.6608167595152184e-05,1215.4216827242876,1210.886082962304,1216.5043496966455,1462.5439396538154,1.0017384244524377
gamma,0.023341649946784518,0.022024150779273707,4.929203548526333e-06,0.062372338761807596,0.0006468527531699567,0.00045750909489367927,1159.277698686624,1159.277698686624,1111.114422243686,1693.5417190111239,1.0009233258185928
zeta,0.37966589800080797,0.420943617271635,0.00029369108320051517,1.09513310555747,0.01975702023064499,0.014502947847745237,453.94680981384533,421.79983443158005,664.4980953209371,574.5242041461668,1.0005927116385513
