,mean,sd,hdi_3%,hdi_97%,mcse_mean,mcse_sd,ess_mean,ess_sd,ess_bulk,ess_tail,r_hat
b,1.0,0.0,1.0,1.0,0.0,0.0,10000.0,10000.0,10000.0,10000.0,
p_error,0.05000000447034836,3.725476371840841e-09,0.05000000074505806,0.05000000074505806,3.7254763718408414e-11,2.6343864464297942e-11,10000.0,10000.0,10000.0,10000.0,
v,6.374804497461967e-06,6.754303259307077e-06,1.0076710952809075e-07,1.8594896930286917e-05,1.8998178876740765e-07,1.343684222679955e-07,1263.971166736739,1263.971166736739,1174.3713097696939,1444.2341153447403,1.0042688687607162
s,0.012049733471394533,0.0009361554272853348,0.01024602003368574,0.013667781042817505,2.234241780541154e-05,1.58011005002528e-05,1755.640460568407,1755.640460568407,1752.304257030628,2026.626633301784,1.0012148053633583
gamma,0.33856564104306314,0.27326679126954834,1.5035821912813806e-05,0.8569534613013651,0.007019852129075028,0.004964740749170252,1515.366864769111,1515.366864769111,1447.676910611256,1859.3623913887827,1.0007005422762871
zeta,4.500686317793806,2.870391746779562,0.018789219683205967,9.196438231403839,0.06579925188722589,0.0465342300941802,1903.0072091670152,1903.0072091670152,1922.1010698103753,2053.644885091832,1.0002239576908978
