,mean,sd,hdi_3%,hdi_97%,mcse_mean,mcse_sd,ess_mean,ess_sd,ess_bulk,ess_tail,r_hat
b,1.0,0.0,1.0,1.0,0.0,0.0,10000.0,10000.0,10000.0,10000.0,
p_error,0.05000000447034836,3.725476371840841e-09,0.05000000074505806,0.05000000074505806,3.7254763718408414e-11,2.6343864464297942e-11,10000.0,10000.0,10000.0,10000.0,
v,6.424874639190761e-06,7.1163077626686766e-06,1.0061677248420939e-07,1.8923634211510435e-05,2.0406682992896746e-07,1.4433166165492644e-07,1216.0868938241156,1216.0868938241156,1088.3166761365283,1522.165979748904,1.0015073615345065
s,0.012064872641338922,0.0009679166778067133,0.010308110526674555,0.013834752507254916,2.3147006842552316e-05,1.637013639069676e-05,1748.5830576784067,1748.5830576784067,1729.2103305392532,1749.6957644948109,1.0021831309741311
gamma,0.3360355738868957,0.2726962196914871,8.772848812853812e-05,0.8548278495129926,0.007076053232146491,0.005004508176713454,1485.1696039176215,1485.1696039176215,1429.0694618020307,1732.2417216127649,1.001850005764064
zeta,4.4919381519458295,2.8398700624785134,0.008538277370860534,9.178382616540471,0.06335865879466333,0.04480784306581302,2009.0233679563564,2009.0233679563564,2017.4836301673963,2065.8059824724264,1.0015941924926395
