,mean,sd,hdi_3%,hdi_97%,mcse_mean,mcse_sd,ess_mean,ess_sd,ess_bulk,ess_tail,r_hat
b,1.0,0.0,1.0,1.0,0.0,0.0,10000.0,10000.0,10000.0,10000.0,
p_error,0.05000000447034836,3.725476371840841e-09,0.05000000074505806,0.05000000074505806,3.7254763718408414e-11,2.6343864464297942e-11,10000.0,10000.0,10000.0,10000.0,
v,0.00017112725076240832,2.62571443603688e-05,0.00012431612104122844,0.00021817337797280017,1.6958423921918608e-06,1.2006036136908996e-06,239.7308961938412,239.7308961938412,281.53355994981166,242.81122973739252,1.0088734924641243
s,0.009754869677138128,0.0006915133742500623,0.008560776818178677,0.011174639928030755,2.481199551503861e-05,1.7551322535035628e-05,776.7437725929593,776.7437725929593,774.4128137271882,1385.5643624759527,1.0032845678405722
gamma,0.013079069617778214,0.013892562287223314,9.085350934424622e-06,0.036415461891888254,0.0005815827801897009,0.00043038310261491597,570.6129540674597,521.5672795945608,869.5914365693532,808.8035190522438,1.002151343617696
zeta,0.5510934290058546,0.8400820940622423,0.00016300044435448298,1.7837840185281395,0.06057159672120298,0.04387823762422706,192.35585570744234,183.8635365516468,380.49001478060256,281.8404435629072,1.006040802213856
