,mean,sd,hdi_3%,hdi_97%,mcse_mean,mcse_sd,ess_mean,ess_sd,ess_bulk,ess_tail,r_hat
b,1.0,0.0,1.0,1.0,0.0,0.0,10000.0,10000.0,10000.0,10000.0,
p_error,0.05000000447034836,3.725476371840841e-09,0.05000000074505806,0.05000000074505806,3.7254763718408414e-11,2.6343864464297942e-11,10000.0,10000.0,10000.0,10000.0,
v,9.294782594972413e-05,3.6144288925784866e-05,3.856402168852527e-05,0.0001613351527751,3.5452120738174275e-06,2.513911599607794e-06,103.9429243074582,103.9429243074582,105.49832602877298,243.04487842029167,1.033600840290487
s,0.006698112670751665,0.0008053499211445559,0.00527458023951515,0.00803037928544969,7.092965038823529e-05,5.026874758481461e-05,128.91801282067988,128.91801282067988,134.68677567576782,676.222225290048,1.0233074681638556
gamma,0.025075697800883576,0.038376577206709485,9.901194153911956e-06,0.08598214499484749,0.0027280635265730224,0.0019318825513392208,197.88984879407477,197.88984879407477,200.699685330441,414.8800407627315,1.026166690765591
zeta,0.856352564506254,1.1494137950926642,0.0009357563945013201,2.834875809060751,0.08396160954162683,0.05946246701713745,187.40936947969095,187.40936947969095,269.79325684030437,344.6815333499596,1.0072781350865203
