,mean,sd,hdi_3%,hdi_97%,mcse_mean,mcse_sd,ess_mean,ess_sd,ess_bulk,ess_tail,r_hat
b,1.0,0.0,1.0,1.0,0.0,0.0,10000.0,10000.0,10000.0,10000.0,
p_error,0.05000000447034836,3.725476371840841e-09,0.05000000074505806,0.05000000074505806,3.7254763718408414e-11,2.6343864464297942e-11,10000.0,10000.0,10000.0,10000.0,
v,3.017429019117393e-05,1.3790179976638944e-05,6.441538107061435e-06,5.4903745047996435e-05,7.57634155082488e-07,5.362005974965937e-07,331.29949852498095,331.29949852498095,331.6280280930924,550.4226521909628,1.003731297156118
s,0.00789912455480517,0.0005323757351900268,0.0069158629219024685,0.008916686487633824,1.8359473191398782e-05,1.3004002197111875e-05,840.84524957923,838.5996275196727,841.5659473857152,1315.2233660684185,1.0010855008612978
gamma,0.1857608090169852,0.1855639371680741,3.973394678851593e-06,0.5486264616837943,0.00962440227107671,0.006810826827153386,371.7402812526817,371.7402812526817,439.147318363571,531.9971931038295,1.0022266013566867
zeta,1.6883401205886632,2.078571899252943,0.0002072691802263696,6.039422618714497,0.10144600996218277,0.0717830570484984,419.81713733236944,419.81713733236944,468.1355154724309,951.8892366230292,1.001468047176117
