,mean,sd,hdi_3%,hdi_97%,mcse_mean,mcse_sd,ess_mean,ess_sd,ess_bulk,ess_tail,r_hat
b,1.0,0.0,1.0,1.0,0.0,0.0,10000.0,10000.0,10000.0,10000.0,
p_error,0.05000000447034836,3.725476371840841e-09,0.05000000074505806,0.05000000074505806,3.7254763718408414e-11,2.6343864464297942e-11,10000.0,10000.0,10000.0,10000.0,
v,3.28844706638248e-05,1.0625670028590947e-05,1.2738522714845138e-05,5.0861215948845136e-05,5.273482810471185e-07,3.7315976108262835e-07,405.99209802252176,405.99209802252176,413.2238215833118,678.8184039680586,1.0029463335727522
s,0.006582475008362519,0.00032874079633086,0.005994754121258123,0.007209646883503886,9.017833684560168e-06,6.38106574752955e-06,1328.932011616767,1327.64400814684,1330.096494344944,1640.451238881896,1.0012051577386998
gamma,0.016627400677110684,0.020146459990354824,1.709756033782973e-05,0.04902684430383826,0.0006642966367329048,0.0004698776939274664,919.7575977237656,919.7575977237656,1132.563949576143,1293.157427966932,1.0013028866975329
zeta,1.9145912437915449,2.1268648737631235,0.0002744219310404008,6.530225655104785,0.10947619362411075,0.0774712584323111,377.43347829551794,377.43347829551794,430.87450518982627,724.6278586450173,1.0041708042442217
