,mean,sd,hdi_3%,hdi_97%,mcse_mean,mcse_sd,ess_mean,ess_sd,ess_bulk,ess_tail,r_hat
b,1.0,0.0,1.0,1.0,0.0,0.0,10000.0,10000.0,10000.0,10000.0,
p_error,0.05000000447034836,3.725476371840841e-09,0.05000000074505806,0.05000000074505806,3.7254763718408414e-11,2.6343864464297942e-11,10000.0,10000.0,10000.0,10000.0,
v,3.303186919308599e-05,1.073111672817063e-05,1.3391212301060259e-05,5.1682563660810746e-05,5.578128000968379e-07,3.9474447922280375e-07,370.09471755256476,370.09471755256476,371.15423869578507,624.8203492253456,1.00328465866737
s,0.006585181013149465,0.00033294396170668373,0.00596618065004579,0.007223349590747093,9.285651006955132e-06,6.5674369608003956e-06,1285.6346583481338,1285.6346583481338,1294.0565780202037,1547.7102261272144,1.0006824499929805
gamma,0.016706248788772735,0.019717819889126662,1.8563258877757316e-05,0.05160778951185274,0.0006149972201708629,0.0004349921526498553,1027.9488027607815,1027.9488027607815,1074.5900222020402,1211.0450904285574,1.000590017452986
zeta,1.8901553756772518,2.0819041801228684,0.0009370520468307378,6.299819162847556,0.10980271886427471,0.07770532694825956,359.4970131432981,359.4970131432981,404.4718030147113,782.5619411528745,1.0017879296011065
