,mean,sd,hdi_3%,hdi_97%,mcse_mean,mcse_sd,ess_mean,ess_sd,ess_bulk,ess_tail,r_hat
b,1.0,0.0,1.0,1.0,0.0,0.0,10000.0,10000.0,10000.0,10000.0,
p_error,0.05000000447034836,3.725476371840841e-09,0.05000000074505806,0.05000000074505806,3.7254763718408414e-11,2.6343864464297942e-11,10000.0,10000.0,10000.0,10000.0,
v,0.0001257512995575247,7.911928700003013e-06,0.00011088453134779715,0.000140465531175304,3.507659947618988e-07,2.481713394468073e-07,508.77968511713544,508.77968511713544,542.7089671724493,561.8867162136178,1.0036881930519268
s,0.005506817086124394,0.0003492201156177017,0.00486189538011233,0.006162322083755619,8.344217983207885e-06,5.918152049915703e-06,1751.5688841591484,1741.5733267584128,1736.2923221984222,1749.4169561491865,1.0002881071014353
gamma,0.0026190693329172553,0.0025666831492215333,1.3660513462568395e-07,0.007392906096847135,5.6140608857713434e-05,3.970294589244046e-05,2090.2117370357673,2090.2117370357673,1689.1269756309555,1714.6945954631317,1.0004618276443025
zeta,0.2984730318138141,0.3116461658437699,0.000436365915661555,0.880807089973234,0.014186285488255176,0.010037287455912475,482.59874195509485,482.59874195509485,590.8396858218391,522.4993081406412,1.004146699584788
