,mean,sd,hdi_3%,hdi_97%,mcse_mean,mcse_sd,ess_mean,ess_sd,ess_bulk,ess_tail,r_hat
b,1.0,0.0,1.0,1.0,0.0,0.0,10000.0,10000.0,10000.0,10000.0,
p_error,0.05000000447034836,3.725476371840841e-09,0.05000000074505806,0.05000000074505806,3.7254763718408414e-11,2.6343864464297942e-11,10000.0,10000.0,10000.0,10000.0,
v,0.00014615867638966592,1.3012037358510723e-05,0.00012072068316530897,0.00017024097565399536,4.571133036722594e-07,3.233443345682896e-07,810.2944810839043,810.2944810839043,844.5218936975634,674.2240605010546,1.0016286181906229
s,0.007573363905636644,0.0006573525275189278,0.006348936086744071,0.008782584855911105,1.700093077358126e-05,1.2023819488729134e-05,1495.0347121822408,1495.0347121822408,1494.4043447406432,1483.9618150263627,1.0030848825868521
gamma,0.0031492607482692266,0.0031790222219141365,1.6488858017008115e-07,0.00888926038849698,7.259024070993744e-05,5.1336859314507366e-05,1917.9207348189398,1917.9207348189398,1627.6938803348469,1608.5154733474862,1.0011008087620152
zeta,0.33325771271752236,0.36370787753735034,8.088026177717871e-05,0.9662124712894088,0.01392317390895989,0.009849381806603616,682.3841323236826,682.3841323236826,793.9286947539546,686.9298404803004,1.0022389140732093
