,mean,sd,hdi_3%,hdi_97%,mcse_mean,mcse_sd,ess_mean,ess_sd,ess_bulk,ess_tail,r_hat
b,1.0,0.0,1.0,1.0,0.0,0.0,10000.0,10000.0,10000.0,10000.0,
p_error,0.05000000447034836,3.725476371840841e-09,0.05000000074505806,0.05000000074505806,3.7254763718408414e-11,2.6343864464297942e-11,10000.0,10000.0,10000.0,10000.0,
v,0.00012696387532772953,4.574034221997834e-05,5.5113142290136595e-05,0.00021457770783579337,2.585783093928366e-06,1.8301317853395597e-06,312.9065367425164,312.9065367425164,327.60771364196256,709.276625353438,1.004629328942567
s,0.02718132615428691,0.0028473138339483862,0.022159807448151558,0.032786907890380176,7.229085062361308e-05,5.1893209695967695e-05,1551.3293403612686,1505.8714058212142,1626.648066090345,1692.4526963525823,1.0030839056449417
gamma,0.07277727288895819,0.08395377517121536,4.3809965981527715e-06,0.22572799802591711,0.002491282998999683,0.0017620557401158295,1135.6233960472584,1135.6233960472584,963.3343168537925,1547.0512960386582,1.0014616841323487
zeta,4.965697930882094,2.91378104971088,0.0011490992446308189,9.3838355074047,0.16346117354250436,0.11569076722613723,317.74930100237464,317.74930100237464,328.8061510851808,822.294855235306,1.003409233047223
