,mean,sd,hdi_3%,hdi_97%,mcse_mean,mcse_sd,ess_mean,ess_sd,ess_bulk,ess_tail,r_hat
b,1.0,0.0,1.0,1.0,0.0,0.0,10000.0,10000.0,10000.0,10000.0,
p_error,0.05000000447034836,3.725476371840841e-09,0.05000000074505806,0.05000000074505806,3.7254763718408414e-11,2.6343864464297942e-11,10000.0,10000.0,10000.0,10000.0,
v,0.0001307086651505081,4.669061545937559e-05,5.873298444080078e-05,0.00022224536359059688,2.745874924502732e-06,1.943588794395604e-06,289.13302181907864,289.13302181907864,309.3708879951656,769.4565883612148,1.0013957851837885
s,0.026998223402998203,0.0027861507284596934,0.021906782939768266,0.032155725728959986,8.228994564797969e-05,5.8386113994063876e-05,1146.3458535940551,1139.1542592677172,1170.5262236951928,1811.1482252269968,1.0008220512807544
gamma,0.07060360424060136,0.07983587225748935,1.0292912742795147e-05,0.21614104049532892,0.0024894631984828264,0.001760815771389485,1028.4536602111605,1028.4536602111605,937.4500401154677,1662.417484792102,1.0008615473488391
zeta,4.75387745820291,2.9426639962053933,0.002093422125566149,9.397912123295573,0.16521755410747793,0.1169340350283292,317.2261454364317,317.2261454364317,330.9855729803066,943.3535086081724,1.0017690347124695
