,mean,sd,hdi_3%,hdi_97%,mcse_mean,mcse_sd,ess_mean,ess_sd,ess_bulk,ess_tail,r_hat
b,1.0,0.0,1.0,1.0,0.0,0.0,10000.0,10000.0,10000.0,10000.0,
p_error,0.05000000447034836,3.725476371840841e-09,0.05000000074505806,0.05000000074505806,3.7254763718408414e-11,2.6343864464297942e-11,10000.0,10000.0,10000.0,10000.0,
v,0.0001350013474026278,4.40807338645474e-05,6.804861738818978e-05,0.00022439041896914633,2.471228457642993e-06,1.7490267240100264e-06,318.17923936813463,318.17923936813463,321.46203528034306,1052.286030631116,1.0014036953175989
s,0.029464575528599376,0.004545303118169996,0.02125463459825375,0.03752419718865358,0.0001017852288710073,7.19967884407158e-05,1994.1424871741133,1993.4097032174645,2014.074576954559,2355.006972556224,1.0006859763720146
gamma,0.12149325647806936,0.14001983808567425,4.7958699267710216e-06,0.3855983801875387,0.004041995863190893,0.002858817645147736,1200.017039568298,1200.017039568298,1278.2778683047895,1789.0744223718068,1.0013558555709126
zeta,4.760907323854048,2.859305402571553,0.04336971878361732,9.282654091184682,0.1625818942050608,0.11507134391269846,309.29772917514174,309.29772917514174,316.04092435803676,1001.0809992569395,1.0011291912322593
