,mean,sd,hdi_3%,hdi_97%,mcse_mean,mcse_sd,ess_mean,ess_sd,ess_bulk,ess_tail,r_hat
b,1.0,0.0,1.0,1.0,0.0,0.0,10000.0,10000.0,10000.0,10000.0,
p_error,0.05000000447034836,3.725476371840841e-09,0.05000000074505806,0.05000000074505806,3.7254763718408414e-11,2.6343864464297942e-11,10000.0,10000.0,10000.0,10000.0,
v,0.00012241261316226938,4.2909638855529735e-05,4.986256912019149e-05,0.00020251296350276167,2.2212306263864837e-06,1.5718764369386726e-06,373.18348227267364,373.18348227267364,380.21293680353523,870.9647752208564,1.0040198648968701
s,0.02796395210085244,0.004784047088789926,0.01914689585628899,0.03644574584802519,0.00011334843560298166,8.055579697344556e-05,1781.3933649130156,1764.0501962209887,1810.1690974568246,2215.277044218053,1.0019124776913333
gamma,0.13987102059439102,0.15821236470321687,1.9811031090818194e-05,0.44612949087804,0.004959158787304724,0.003507660180364122,1017.805550816843,1017.805550816843,1184.461609845664,1686.0783106688332,1.0085515855935983
zeta,4.929002927862317,2.892638855208893,0.08831858332773806,9.406426116699947,0.14985045683065332,0.10604332376294144,372.6252569848267,372.6252569848267,382.8912658150966,846.6089118178267,1.0027241821987254
