,mean,sd,hdi_3%,hdi_97%,mcse_mean,mcse_sd,ess_mean,ess_sd,ess_bulk,ess_tail,r_hat
b,1.0,0.0,1.0,1.0,0.0,0.0,10000.0,10000.0,10000.0,10000.0,
p_error,0.05000000447034836,3.725476371840841e-09,0.05000000074505806,0.05000000074505806,3.7254763718408414e-11,2.6343864464297942e-11,10000.0,10000.0,10000.0,10000.0,
v,0.0001140829826119612,3.7000198595928966e-05,5.1944979107103814e-05,0.00018358721106449434,2.405270257091473e-06,1.7028836327380695e-06,236.63574541705336,236.63574541705336,236.78847300340954,609.2911314860143,1.0063320336919679
s,0.02064686614786696,0.0016810151614593417,0.01769565273026726,0.024034637903641413,4.7304736487774277e-05,3.368395600782977e-05,1262.7983499983704,1245.8635596352603,1283.3904978821772,1727.532085074883,1.001260682077463
gamma,0.027603572134128673,0.032602309513389605,1.9053203848427134e-05,0.08341917316968117,0.000983821288525239,0.0006958515549956013,1098.1566619003645,1098.1566619003645,1075.4232931235317,1455.405182933847,1.0035122796157667
zeta,2.8110731007226253,2.4915056752467253,0.0011120511126974954,7.786782911536433,0.15965090827943812,0.11302571194532085,243.54598491638143,243.54598491638143,269.2398158877769,601.519847195878,1.005015246360108
