,mean,sd,hdi_3%,hdi_97%,mcse_mean,mcse_sd,ess_mean,ess_sd,ess_bulk,ess_tail,r_hat
b,1.0,0.0,1.0,1.0,0.0,0.0,10000.0,10000.0,10000.0,10000.0,
p_error,0.05000000447034836,3.725476371840841e-09,0.05000000074505806,0.05000000074505806,3.7254763718408414e-11,2.6343864464297942e-11,10000.0,10000.0,10000.0,10000.0,
v,3.771150576879694e-05,2.4516921026601452e-05,1.6052859628799489e-06,8.336270683846949e-05,1.6526222564084585e-06,1.170132587843272e-06,220.08206977083228,220.08206977083228,218.6554800056858,532.9617269609664,1.00139732106697
s,0.008688177024127202,0.0007428008813786576,0.0072726961001284415,0.010061713512121958,3.042431742933217e-05,2.1523776587494056e-05,596.0780553860718,596.0780553860718,594.3679947803375,958.8761676792051,1.002125441920858
gamma,0.19162894931266425,0.2069713977560881,0.00012860495286655033,0.6399366141807802,0.011653598798453815,0.008247970349788252,315.42821651401135,315.42821651401135,319.4599968807358,703.5508024365639,1.0004143242782289
zeta,3.241845534856929,2.7621808206494034,0.0006971306484779758,8.661152086716228,0.13566020202707346,0.09599381756985677,414.5713557618027,414.5713557618027,409.320179556313,1511.4660126402293,1.0014347069997631
