,mean,sd,hdi_3%,hdi_97%,mcse_mean,mcse_sd,ess_mean,ess_sd,ess_bulk,ess_tail,r_hat
b,1.0,0.0,1.0,1.0,0.0,0.0,10000.0,10000.0,10000.0,10000.0,
p_error,0.05000000447034836,3.725476371840841e-09,0.05000000074505806,0.05000000074505806,3.7254763718408414e-11,2.6343864464297942e-11,10000.0,10000.0,10000.0,10000.0,
v,0.00022886651104030468,6.242952391165425e-05,0.00010568362249057975,0.0003320356564328156,3.5882567563645476e-06,2.5397295013881005e-06,302.70041996324846,302.70041996324846,301.71777602101923,500.7774740872051,1.0114506668563736
s,0.008447554934319047,0.002428622233621228,0.005651551909641419,0.013933403327857787,0.00010349284231086025,7.321928553908373e-05,550.6800005463217,550.6800005463217,746.6631607816241,1285.0507587628285,1.0030682433227438
gamma,0.01173993812885274,0.013325213017440359,4.624076199135756e-06,0.034471467174217583,0.0003882579415432608,0.0002746078325281877,1177.897840177075,1177.897840177075,1177.2738251280216,1177.9609826779981,1.0037416617388817
zeta,2.233874285864573,2.31532817947748,0.0016253659814523646,7.134153951606263,0.1311324030355902,0.0928115014447033,311.74900452984554,311.74900452984554,338.57981123804154,531.0349997382582,1.008020805925335
