,mean,sd,hdi_3%,hdi_97%,mcse_mean,mcse_sd,ess_mean,ess_sd,ess_bulk,ess_tail,r_hat
b,1.0,0.0,1.0,1.0,0.0,0.0,10000.0,10000.0,10000.0,10000.0,
p_error,0.05000000447034836,3.725476371840841e-09,0.05000000074505806,0.05000000074505806,3.7254763718408414e-11,2.6343864464297942e-11,10000.0,10000.0,10000.0,10000.0,
v,0.00022069000565152114,6.0616886595646085e-05,0.00010860389669297508,0.0003270527193901629,3.887619569457591e-06,2.752266806362196e-06,243.11946620542315,243.11946620542315,242.4093540502542,449.9147281682842,1.0059009152847789
s,0.008207191788111622,0.0022173922096886903,0.005425323758296207,0.013241221664289368,7.789058146823974e-05,5.509679224503372e-05,810.4293166660457,810.4293166660457,891.3735377751669,1473.2895821258742,1.0042012231039414
gamma,0.012564194689119292,0.014020972854852959,3.569745299848668e-06,0.03556113633979708,0.0004833415964520937,0.0003418926522067057,841.4880493722364,841.4880493722364,976.1071750618433,1160.3161459730363,1.0009201367770282
zeta,2.4402410853211705,2.435984812377534,0.0002149406558571083,7.446239422964762,0.16933085908044188,0.11990415017968298,206.95547927363617,206.95547927363617,260.4535366336133,447.74892225657,1.0014186145658557
