,mean,sd,hdi_3%,hdi_97%,mcse_mean,mcse_sd,ess_mean,ess_sd,ess_bulk,ess_tail,r_hat
b,1.0,0.0,1.0,1.0,0.0,0.0,10000.0,10000.0,10000.0,10000.0,
p_error,0.05000000447034836,3.725476371840841e-09,0.05000000074505806,0.05000000074505806,3.7254763718408414e-11,2.6343864464297942e-11,10000.0,10000.0,10000.0,10000.0,
v,0.00012751921134869366,2.101489952398088e-05,8.617234983830079e-05,0.00016505263220215684,1.0529711142986506e-06,7.451089100917888e-07,398.31046844472456,398.31046844472456,462.28145495740046,355.06069059243475,1.006494850272562
s,0.008632942657831082,0.0005927132726565591,0.0076459092812922146,0.009863796320888345,1.6758012309972206e-05,1.1915777892532998e-05,1250.962510831477,1237.7110026487433,1277.4079687982087,1463.9858850802004,1.0008842920197654
gamma,0.017976579062081378,0.018787198451731147,1.493209485197795e-05,0.050088066033052346,0.0005961227540988325,0.00042164628508266534,993.2364462045035,993.2364462045035,1059.341169695261,1209.2391805765153,1.0010533075796852
zeta,0.7034332469497415,0.9364796138374681,0.00021900284530555216,2.0422326512492246,0.049133012865242645,0.03561230684762223,363.28700493699046,346.3368231821942,597.6622048501756,481.88939419965584,1.0014515929095593
