,mean,sd,hdi_3%,hdi_97%,mcse_mean,mcse_sd,ess_mean,ess_sd,ess_bulk,ess_tail,r_hat
b,1.0,0.0,1.0,1.0,0.0,0.0,10000.0,10000.0,10000.0,10000.0,
p_error,0.05000000447034836,3.725476371840841e-09,0.05000000074505806,0.05000000074505806,3.7254763718408414e-11,2.6343864464297942e-11,10000.0,10000.0,10000.0,10000.0,
v,0.00023443598875190372,4.2421316483808804e-05,0.00015646707948126259,0.00030327298301528294,1.8349861459042687e-06,1.2982399183163082e-06,534.4446140970138,534.4446140970138,567.0344911579526,1030.725113793441,1.0046436971245993
s,0.010637703876046824,0.0009409482112603071,0.008979078762546958,0.012373719559184874,3.8399219215287486e-05,2.7226237334461955e-05,600.4635567656168,597.7921857045997,620.3102745568335,1017.9740791234162,1.003034588094609
gamma,0.013696362346430558,0.014821659805139204,1.8436995596831608e-05,0.03973346801652927,0.0004607247290187334,0.0003258734369409935,1034.9291873532138,1034.9291873532138,1094.4907722711905,1299.3311747437515,1.0008254874147369
zeta,0.18512246250754505,0.19505544996827753,0.0003123189664088741,0.5286588803606841,0.005146880835772735,0.0036401336706108995,1436.2430891856304,1436.2430891856304,1351.3480525260559,1688.8939770709862,1.0012201358286126
