,mean,sd,hdi_3%,hdi_97%,mcse_mean,mcse_sd,ess_mean,ess_sd,ess_bulk,ess_tail,r_hat
b,1.0,0.0,1.0,1.0,0.0,0.0,10000.0,10000.0,10000.0,10000.0,
p_error,0.05000000447034836,3.725476371840841e-09,0.05000000074505806,0.05000000074505806,3.7254763718408414e-11,2.6343864464297942e-11,10000.0,10000.0,10000.0,10000.0,
v,0.0002013130080091599,1.862469424752183e-05,0.00016475778429748952,0.0002344449422670954,5.329949025886492e-07,3.7697437153114365e-07,1221.0464704853377,1221.0464704853377,1229.4865429284655,1442.1128630020066,1.0007143572635864
s,0.010012666063286315,0.00066860049819222,0.008758834763538479,0.01123885193100331,1.7087826037838216e-05,1.2135813894569004e-05,1530.9456165644592,1518.212229429085,1538.1638661063105,1788.8427764157523,1.0012016581322551
gamma,0.00794677140032454,0.007490071387476813,1.4714937204930716e-05,0.02227678842576786,0.00018320954763211705,0.00012957132729795887,1671.3819554710983,1671.3819554710983,1603.2930813890002,1739.6368213250894,1.0008837024957924
zeta,0.16733454747066176,0.1713281002229269,5.5306446389032226e-05,0.4669037086264247,0.004308634644430594,0.003047226948119739,1581.1674310014596,1581.1674310014596,1513.9545645869914,1776.5920959255252,1.0021302595468926
