,mean,sd,hdi_3%,hdi_97%,mcse_mean,mcse_sd,ess_mean,ess_sd,ess_bulk,ess_tail,r_hat
b,1.0,0.0,1.0,1.0,0.0,0.0,10000.0,10000.0,10000.0,10000.0,
p_error,0.05000000447034836,3.725476371840841e-09,0.05000000074505806,0.05000000074505806,3.7254763718408414e-11,2.6343864464297942e-11,10000.0,10000.0,10000.0,10000.0,
v,0.00023997526298467063,2.915118680410943e-05,0.00018651476975677957,0.00029140501434968974,1.227715484246291e-06,8.685754503956576e-07,563.7895402447509,563.7895402447509,585.5826322100888,820.0987614256389,1.0051338451716818
s,0.010650416569678621,0.0008865940206896519,0.009030132712705044,0.012219238249997396,3.0077606813030542e-05,2.138272443135409e-05,868.8864819257126,860.1776644135207,885.5190968136027,1576.6482926378546,1.0038822440981667
gamma,0.011488455837488872,0.011676929802996408,3.1078421802107907e-06,0.03271452917945622,0.0003002798528268401,0.0002222761049304205,1512.1850847886878,1380.4648441664926,1449.3780688565655,1834.3506388683234,1.002428380300002
zeta,0.25549309866448805,0.2812272314424681,3.433457877341233e-05,0.7487080571933853,0.01002553116781623,0.007363580987418483,786.8645139552507,729.8840496751102,942.2554086723591,1010.0283133362168,1.0030573448064013
