,mean,sd,hdi_3%,hdi_97%,mcse_mean,mcse_sd,ess_mean,ess_sd,ess_bulk,ess_tail,r_hat
b,1.0,0.0,1.0,1.0,0.0,0.0,10000.0,10000.0,10000.0,10000.0,
p_error,0.05000000447034836,3.725476371840841e-09,0.05000000074505806,0.05000000074505806,3.7254763718408414e-11,2.6343864464297942e-11,10000.0,10000.0,10000.0,10000.0,
v,9.068217589152267e-05,5.198642434293858e-05,3.8027319339405576e-07,0.000173962215663402,3.1226404378913476e-06,2.210367985769286e-06,277.163435517399,277.163435517399,300.7769530311126,729.6309643741988,1.016920624549539
s,0.02200164951390301,0.0021983258628388964,0.01786111842746125,0.026089685767650132,8.429149394052918e-05,5.9934128753977165e-05,680.1686901188152,673.2591014729834,714.6139128589257,1322.2178438603883,1.0101322517184268
gamma,0.14748178461102335,0.18997525664059814,3.965288801234954e-05,0.5401083557259264,0.008420045885502384,0.0059572861875013695,509.0555342914521,509.0555342914521,538.4095767096547,1217.5650507210337,1.00663690440218
zeta,1.9471885211764486,2.3258396370704517,7.87985402765987e-05,7.059042661828839,0.11465609080940989,0.08113163385777931,411.49567421543685,411.49567421543685,448.5291877769206,1090.692447271226,1.0150639871292964
