,mean,sd,hdi_3%,hdi_97%,mcse_mean,mcse_sd,ess_mean,ess_sd,ess_bulk,ess_tail,r_hat
b,1.0,0.0,1.0,1.0,0.0,0.0,10000.0,10000.0,10000.0,10000.0,
p_error,0.05000000447034836,3.725476371840841e-09,0.05000000074505806,0.05000000074505806,3.7254763718408414e-11,2.6343864464297942e-11,10000.0,10000.0,10000.0,10000.0,
v,0.00012937792895067907,5.323210802638548e-05,1.2538484781876125e-05,0.00020994960405408845,3.0587458327954375e-06,2.164946178981743e-06,302.8729923515483,302.8729923515483,320.86318063280015,506.147249160011,1.0116052733868084
s,0.02142861000937956,0.0021541242394767534,0.017709267959699636,0.025567928763609627,8.310595250405235e-05,5.947937080525761e-05,671.8575972907715,656.3944940352382,718.7896479993243,1154.1660088169467,1.0056233692781036
gamma,0.08213867966768039,0.11975158368235042,1.1942753066195857e-05,0.27339650085072714,0.005412911228551816,0.0038297894322996606,489.441422219842,489.441422219842,620.9203913803818,827.6084171685715,1.004153623479927
zeta,1.2892495429679336,1.8404217274527936,0.0007818607812713125,5.099858614231576,0.09500689025932924,0.06723230148853661,375.2532802776758,375.2532802776758,487.7330940790596,658.474865259591,1.0060562462933984
