,mean,sd,hdi_3%,hdi_97%,mcse_mean,mcse_sd,ess_mean,ess_sd,ess_bulk,ess_tail,r_hat
b,1.0,0.0,1.0,1.0,0.0,0.0,10000.0,10000.0,10000.0,10000.0,
p_error,0.05000000447034836,3.725476371840841e-09,0.05000000074505806,0.05000000074505806,3.7254763718408414e-11,2.6343864464297942e-11,10000.0,10000.0,10000.0,10000.0,
v,0.0004479300129817572,5.91193029744732e-05,0.00034112904712114506,0.0005575641993583471,2.824647796849092e-06,1.998658983107995e-06,438.05637267309015,438.05637267309015,567.6143273961601,365.86015822303017,1.0102896038225142
s,0.02095884247046706,0.0020282102198499697,0.017264333220072228,0.02466026412186038,5.169434624678604e-05,3.719151467815118e-05,1539.3587288886904,1487.5738970458658,1630.2768064135832,1791.7157941448347,1.0027560758386034
gamma,0.006730441080085085,0.007268405279877686,1.6382483247004581e-06,0.01958628373031396,0.0001889623760534035,0.00013751441925493907,1479.542987578482,1397.4398693941475,1443.5259751531958,2024.3309622496824,1.0006318650221815
zeta,0.5783564703096699,0.7602713104948933,0.00043851134320274334,1.7029748955272963,0.044336227475107896,0.0324772779168458,294.04901658052023,274.58182140943757,549.9786145463562,430.9071492348547,1.0077406957153805
