,mean,sd,hdi_3%,hdi_97%,mcse_mean,mcse_sd,ess_mean,ess_sd,ess_bulk,ess_tail,r_hat
b,1.0,0.0,1.0,1.0,0.0,0.0,10000.0,10000.0,10000.0,10000.0,
p_error,0.05000000447034836,3.725476371840841e-09,0.05000000074505806,0.05000000074505806,3.7254763718408414e-11,2.6343864464297942e-11,10000.0,10000.0,10000.0,10000.0,
v,0.00017532153196486914,5.4563403667875946e-05,8.153600772205604e-05,0.00027797188369724766,3.10663143568485e-06,2.198800515442065e-06,308.4774644899272,308.4774644899272,299.7514812305229,377.88942473859544,1.004062275860238
s,0.01488310754831848,0.0016784127411050087,0.01167644265435547,0.01784220292127153,7.960807025170838e-05,5.6854354240267194e-05,444.5118492603249,436.33610365426847,455.3340058441646,989.114009771511,1.001672378306996
gamma,0.011260100125091089,0.013798540006993185,8.444324978219943e-06,0.03329163769185322,0.000455780670264519,0.00032238821720694677,916.546426982867,916.546426982867,913.2565897132398,1234.186431061877,1.0021411625581755
zeta,1.0293048616872915,1.3397028260126023,0.00024349007228004324,3.444932831492302,0.0755976630522714,0.05350534441503833,314.05101850769677,314.05101850769677,403.0130618322292,416.49327439648573,1.0026929072292559
