,mean,sd,hdi_3%,hdi_97%,mcse_mean,mcse_sd,ess_mean,ess_sd,ess_bulk,ess_tail,r_hat
b,1.0,0.0,1.0,1.0,0.0,0.0,10000.0,10000.0,10000.0,10000.0,
p_error,0.05000000447034836,3.725476371840841e-09,0.05000000074505806,0.05000000074505806,3.7254763718408414e-11,2.6343864464297942e-11,10000.0,10000.0,10000.0,10000.0,
v,0.00033112052825871803,3.245196388510652e-05,0.00026776435709724927,0.0003887990389473576,1.1146263440754634e-06,7.884311980487037e-07,847.6632623721107,847.6632623721107,899.0397726371757,932.022921201097,1.0026292777710752
s,0.015188076680543292,0.0012653386890961855,0.012844983491424591,0.017584422730907958,3.261463843879473e-05,2.30665023322238e-05,1505.179995812728,1505.179995812728,1506.4613039165163,1800.994373824422,1.0002550497328704
gamma,0.005961852955865626,0.005896375226399876,6.196476151057096e-06,0.016755324516360498,0.00012493583653657087,8.835454794706296e-05,2227.3894973817814,2227.3894973817814,2115.2767681003947,2110.116585257804,1.001029511841458
zeta,0.384535940323736,0.4127706712295541,8.527226017980029e-05,1.041147375535258,0.014531603970477635,0.010664093162269874,806.8458250816219,749.6833961515357,987.1752819900582,962.6835347430942,1.0012441066042848
