,mean,sd,hdi_3%,hdi_97%,mcse_mean,mcse_sd,ess_mean,ess_sd,ess_bulk,ess_tail,r_hat
b,1.0,0.0,1.0,1.0,0.0,0.0,10000.0,10000.0,10000.0,10000.0,
p_error,0.05000000447034836,3.725476371840841e-09,0.05000000074505806,0.05000000074505806,3.7254763718408414e-11,2.6343864464297942e-11,10000.0,10000.0,10000.0,10000.0,
v,0.0003307471773614308,3.194176824243507e-05,0.00027132918546865097,0.00039142769752787847,1.1105018759775808e-06,7.855204025588908e-07,827.3310340532283,827.3310340532283,910.1631046065172,762.9650833856929,1.0042167541715963
s,0.015186496720754542,0.0012414558455162204,0.012775174065234842,0.01746125092091113,3.018627689885753e-05,2.1364667086810942e-05,1691.388807792237,1688.847122338205,1695.3623594519493,1773.617786224004,1.0012302006353977
gamma,0.006102875215108352,0.006227410057304185,7.967554176998582e-06,0.01744671417648519,0.0001377753163380663,9.743577203322704e-05,2043.0175330304437,2043.0175330304437,1929.5640175364142,2006.1921070088133,1.0005759343309102
zeta,0.3883532030197339,0.4413159800993123,3.5949652536594255e-05,1.1054624009161447,0.016265084789929045,0.012631563939366756,736.1844569577945,610.8998208775447,1049.09709357201,777.6577784014431,1.0022859947433012
