,mean,sd,hdi_3%,hdi_97%,mcse_mean,mcse_sd,ess_mean,ess_sd,ess_bulk,ess_tail,r_hat
b,1.0,0.0,1.0,1.0,0.0,0.0,10000.0,10000.0,10000.0,10000.0,
p_error,0.05000000447034836,3.725476371840841e-09,0.05000000074505806,0.05000000074505806,3.7254763718408414e-11,2.6343864464297942e-11,10000.0,10000.0,10000.0,10000.0,
v,0.000256821287815854,2.8972523231138012e-05,0.00019676568229052204,0.0003030318011363596,1.189596588242744e-06,8.415857782755184e-07,593.1618617352037,593.1618617352037,621.4606737859767,874.3911884761997,1.0009846265912083
s,0.011523646418342234,0.0009633766359438234,0.009813248700310627,0.01343832451322166,3.558124207734073e-05,2.5266256566568716e-05,733.0777024673407,727.4930063716212,748.6044878657328,1074.7587064828951,1.0015389899998735
gamma,0.006061734853944168,0.006354152689500838,1.7372278972024546e-06,0.017286756767225513,0.0001520250446394385,0.00010751589248246123,1746.9682583072374,1746.9682583072374,1599.2510673450724,1528.7643264155713,1.00086129084706
zeta,0.23135103816527236,0.2576322347263003,0.0002864665905519828,0.6930478082314527,0.008848079566172326,0.006560792017703101,847.8174724047508,771.5895680985783,1053.800896877564,1052.1044315790643,1.0015966708635322
