,mean,sd,hdi_3%,hdi_97%,mcse_mean,mcse_sd,ess_mean,ess_sd,ess_bulk,ess_tail,r_hat
b,1.0,0.0,1.0,1.0,0.0,0.0,10000.0,10000.0,10000.0,10000.0,
p_error,0.05000000447034836,3.725476371840841e-09,0.05000000074505806,0.05000000074505806,3.7254763718408414e-11,2.6343864464297942e-11,10000.0,10000.0,10000.0,10000.0,
v,0.00012502933488995488,1.1338119001104854e-05,0.00010255895007245531,0.00014498393262316552,3.826168527585567e-07,2.706408853263341e-07,878.1199250212956,878.1199250212956,924.3701450844316,665.3111899073708,1.0038716894592203
s,0.006466234310458198,0.00041034683281824874,0.00566940563903869,0.007215136785303525,1.048766650817541e-05,7.419238396989612e-06,1530.8915768349732,1530.097592241153,1532.7083457131664,1725.6495047437718,1.0033784469450446
gamma,0.004819633535057105,0.004723441351684975,1.3461860365382476e-06,0.013299945829652927,0.00011269142617183943,7.969810438284916e-05,1756.8525136376707,1756.8525136376707,1478.3252191877007,1922.8687780661935,1.0012893105009564
zeta,0.28234904735781424,0.3150497901190152,0.00015159495666995686,0.8093333472158537,0.012535476739677266,0.008868016777430134,631.650258972788,631.650258972788,892.788724981662,818.6490363809911,1.0040700053353744
