,mean,sd,hdi_3%,hdi_97%,mcse_mean,mcse_sd,ess_mean,ess_sd,ess_bulk,ess_tail,r_hat
b,1.0,0.0,1.0,1.0,0.0,0.0,10000.0,10000.0,10000.0,10000.0,
p_error,0.05000000447034836,3.725476371840841e-09,0.05000000074505806,0.05000000074505806,3.7254763718408414e-11,2.6343864464297942e-11,10000.0,10000.0,10000.0,10000.0,
v,4.614570806011892e-05,9.430929282464931e-06,2.779789883313805e-05,6.292040358199103e-05,6.005191226174105e-07,4.2513431968458716e-07,246.6353330276866,246.6353330276866,248.85507967521482,364.8262291840928,1.0109855918094584
s,0.005140579018726595,0.000334969189971968,0.004538271495508094,0.005774285887091888,1.185671496233679e-05,8.387029225175944e-06,798.1434742421649,798.1434742421649,796.9695673118968,1188.4902724171995,1.0033688733454282
gamma,0.08449837893205968,0.0552840106078711,0.0017300137239015503,0.1852682952275805,0.0037116286069862666,0.002627975882709523,221.8554268668792,221.8554268668792,238.78961219942292,385.15182860663526,1.0128379272076966
zeta,0.4155955428971228,0.48343024764860676,0.00015986333230386557,1.2221294477721785,0.021847975178291828,0.01545806393402439,489.6043333337879,489.6043333337879,619.5976431901911,678.9368601047858,1.0039043591882966
