,mean,sd,hdi_3%,hdi_97%,mcse_mean,mcse_sd,ess_mean,ess_sd,ess_bulk,ess_tail,r_hat
b,1.0,0.0,1.0,1.0,0.0,0.0,10000.0,10000.0,10000.0,10000.0,
p_error,0.05000000447034836,3.725476371840841e-09,0.05000000074505806,0.05000000074505806,3.7254763718408414e-11,2.6343864464297942e-11,10000.0,10000.0,10000.0,10000.0,
v,4.616250884959576e-05,9.634838444119939e-06,2.9002609567961863e-05,6.504032177498152e-05,6.697545688877522e-07,4.7425707238019363e-07,206.94622270963222,206.94622270963222,208.42436125666077,282.2709375016469,1.0011716815737697
s,0.005140335922681049,0.0003282927014346574,0.004565775463556703,0.005771204437746149,1.3497137115821342e-05,9.548626297450903e-06,591.6149439946665,591.6149439946665,589.0208497048811,1248.8805434349636,1.001587868251032
gamma,0.08812409072305025,0.0603631503117891,0.001158263861027705,0.19495302482029023,0.004314714826806118,0.0030555222684216002,195.72197984506695,195.72197984506695,227.98958877015616,247.00950103405097,1.0009230705285654
zeta,0.4179935149140246,0.5105224841924048,4.287380897278224e-05,1.2571482475631925,0.02640857361433553,0.018688274834880166,373.71442234224253,373.71442234224253,527.2432022227042,644.95746716338,1.001598275576493
