,mean,sd,hdi_3%,hdi_97%,mcse_mean,mcse_sd,ess_mean,ess_sd,ess_bulk,ess_tail,r_hat
b,1.0,0.0,1.0,1.0,0.0,0.0,10000.0,10000.0,10000.0,10000.0,
p_error,0.05000000447034836,3.725476371840841e-09,0.05000000074505806,0.05000000074505806,3.7254763718408414e-11,2.6343864464297942e-11,10000.0,10000.0,10000.0,10000.0,
v,1.2221232486165438e-05,3.868956647323801e-06,6.008062590854235e-06,1.9277482330302917e-05,3.7795136546801624e-07,2.6799938301749144e-07,104.78904666645897,104.78904666645897,112.42167678648259,269.91237801052677,1.0078046918728807
s,0.0037467262216258445,0.00031305036466221773,0.003129365601408992,0.004308352448276653,1.2516302078391444e-05,8.896076481558997e-06,625.5706369652261,619.7412862973155,631.4216515160489,894.4355250071145,1.004867360646804
gamma,0.6214921040495126,0.19846989302982326,0.3003727366147425,0.969534309456777,0.018977588698572863,0.013455130553566808,109.37226634000754,109.37226634000754,112.61193019537481,291.09833570699544,1.006819176315703
zeta,1.608016011821125,1.5934771571361641,0.00019923722397852532,4.687457379100898,0.08699657518881881,0.061569427032467,335.4960198454339,335.4960198454339,288.10840718811625,945.967013429886,1.0038697221348551
