,mean,sd,hdi_3%,hdi_97%,mcse_mean,mcse_sd,ess_mean,ess_sd,ess_bulk,ess_tail,r_hat
b,1.0,0.0,1.0,1.0,0.0,0.0,10000.0,10000.0,10000.0,10000.0,
p_error,0.05000000447034836,3.725476371840841e-09,0.05000000074505806,0.05000000074505806,3.7254763718408414e-11,2.6343864464297942e-11,10000.0,10000.0,10000.0,10000.0,
v,0.00026527567069986314,2.5473639768221793e-05,0.00021662524560662222,0.0003087451269973093,8.715436495223191e-07,6.164849527641852e-07,854.2868483233442,854.2868483233442,868.3186681141236,1462.9788098734734,1.0017959251962023
s,0.009823111726403646,0.0007196092541376005,0.008617144786183703,0.011266476354318126,2.253941647167592e-05,1.5946154320042682e-05,1019.3143606344737,1018.8266609319878,1026.4299332797284,1453.1999653630553,1.0015374848603866
gamma,0.005341167001400046,0.005350392314896734,6.1312284074036824e-06,0.015475602171422218,0.00011899812927206376,8.415652721798924e-05,2021.5802549944185,2021.5802549944185,1708.0817884950004,1720.4569280194219,1.0004525163170224
zeta,0.12790676958360195,0.13741854089457964,6.2000539471171845e-06,0.37212943559365913,0.003393244259314628,0.0023998128588394426,1640.0625799369873,1640.0625799369873,1484.5348566238576,1904.070614740144,1.0019795375690268
