,mean,sd,hdi_3%,hdi_97%,mcse_mean,mcse_sd,ess_mean,ess_sd,ess_bulk,ess_tail,r_hat
b,1.0,0.0,1.0,1.0,0.0,0.0,10000.0,10000.0,10000.0,10000.0,
p_error,0.05000000447034836,3.725476371840841e-09,0.05000000074505806,0.05000000074505806,3.7254763718408414e-11,2.6343864464297942e-11,10000.0,10000.0,10000.0,10000.0,
v,0.00018206152853091778,2.0544167132340928e-05,0.00014406746049427623,0.00022054660751554822,6.755753871328074e-07,4.778546847854605e-07,924.7608627135427,924.7608627135427,929.7354397812607,1045.9843139244022,1.0022787496486618
s,0.011962301413054427,0.0007797839171482252,0.01068946530246445,0.013616462597973137,2.0550321080557197e-05,1.457064052950358e-05,1439.8303507596054,1432.643521703448,1452.9931418417666,1318.5566191244764,1.0011160954747509
gamma,0.023987621898593544,0.02072876797688894,8.387456122442707e-06,0.06149643935295894,0.0005860881487786954,0.0004145235731292031,1250.8957053184727,1250.8957053184727,1263.741954405459,1688.6367230084059,1.0002536942612972
zeta,0.21216889615703605,0.22934574552399237,8.241827012676209e-05,0.6109214328074735,0.006784941278099643,0.004798903218044437,1142.5867664725104,1142.5867664725104,1284.323847615845,1293.2713144273318,1.002070381017029
