,mean,sd,hdi_3%,hdi_97%,mcse_mean,mcse_sd,ess_mean,ess_sd,ess_bulk,ess_tail,r_hat
b,1.0,0.0,1.0,1.0,0.0,0.0,10000.0,10000.0,10000.0,10000.0,
p_error,0.05000000447034836,3.725476371840841e-09,0.05000000074505806,0.05000000074505806,3.7254763718408414e-11,2.6343864464297942e-11,10000.0,10000.0,10000.0,10000.0,
v,0.00028346107378121924,2.194035493654789e-05,0.00024315921846079032,0.0003247488978419422,6.610891834651085e-07,4.6758448451329315e-07,1101.4561069628173,1101.4561069628173,1105.6790946552742,1625.0877612831625,0.9999604322272575
s,0.00881902027662721,0.0006142009292908855,0.007730139967579657,0.009993383293074646,1.676701907160305e-05,1.1861888990067193e-05,1341.8662249593015,1341.1340232145205,1354.1582892618394,1383.20422656338,1.0006468573877108
gamma,0.005141036623780973,0.005149414358135361,1.1869334513638956e-05,0.014328122007999777,0.00011847915343204227,8.379035167758603e-05,1888.9992892796904,1888.9992892796904,1552.385862306327,2329.7191493172204,1.0016038324109713
zeta,0.10406001268990238,0.1080560226487339,2.033754920395449e-05,0.2934102475218806,0.002857430415493276,0.002020920665156807,1430.0348763417053,1430.0348763417053,1326.5962269336242,1891.0324353978456,1.0009707910299284
