,mean,sd,hdi_3%,hdi_97%,mcse_mean,mcse_sd,ess_mean,ess_sd,ess_bulk,ess_tail,r_hat
b,1.0,0.0,1.0,1.0,0.0,0.0,10000.0,10000.0,10000.0,10000.0,
p_error,0.05000000447034836,3.725476371840841e-09,0.05000000074505806,0.05000000074505806,3.7254763718408414e-11,2.6343864464297942e-11,10000.0,10000.0,10000.0,10000.0,
v,0.00013638442535062994,2.4688220459198926e-05,9.272446075237315e-05,0.00018644380018112858,1.0163033627426116e-06,7.189904903015717e-07,590.1098292551156,590.1098292551156,587.8033851054981,686.1657811165236,1.004505654262363
s,0.012511520660248795,0.0009740289256166659,0.010771960608148003,0.014310628113222597,3.316806089354607e-05,2.3490043203609137e-05,862.3896672651753,860.2817010936893,863.1851011887449,1348.231839105322,1.0020548289416087
gamma,0.025140281001983764,0.025823820905888254,2.7273403811204256e-06,0.06918416177289177,0.000846340392643414,0.0005986406157812037,931.0025382310524,931.0025382310524,953.1764882001888,1234.7113278244656,1.0040945202084777
zeta,0.545551542011801,0.647449137288617,0.00023281509635628877,1.6361015488070538,0.025921709792031997,0.019102882316217925,623.8555237201967,574.9425078652077,822.0871976111974,852.451170449317,1.0046611967350105
