,mean,sd,hdi_3%,hdi_97%,mcse_mean,mcse_sd,ess_mean,ess_sd,ess_bulk,ess_tail,r_hat
b,1.0,0.0,1.0,1.0,0.0,0.0,10000.0,10000.0,10000.0,10000.0,
p_error,0.05000000447034836,3.725476371840841e-09,0.05000000074505806,0.05000000074505806,3.7254763718408414e-11,2.6343864464297942e-11,10000.0,10000.0,10000.0,10000.0,
v,0.0001968258042188397,2.0362415301986532e-05,0.00015786986167632734,0.0002336704445897256,8.658910325363384e-07,6.126006373741506e-07,553.0088707060239,553.0088707060239,616.7839374516054,599.8260947680633,1.008193967278321
s,0.011126979326187931,0.0008221090801592566,0.009715036692959521,0.012731132457897618,2.271391529931894e-05,1.6195049227937556e-05,1310.0108301382531,1289.0238059183682,1346.5405230369722,1741.8438978827737,1.0011577384520853
gamma,0.008653750242493891,0.008393316249161894,7.140276294599059e-06,0.02282047688136477,0.00022705731722271052,0.00016058805095640823,1366.4576293490322,1366.4576293490322,1158.4468121929401,1769.1281744010232,1.0052173956835997
zeta,0.40519109339653164,0.450975214534229,0.00010905708922066365,1.2214783860612197,0.019363340929053785,0.01441629030781675,542.4313270896176,489.8756277488122,750.9601944186127,883.9520245711759,1.0064663562609957
