,mean,sd,hdi_3%,hdi_97%,mcse_mean,mcse_sd,ess_mean,ess_sd,ess_bulk,ess_tail,r_hat
b,1.0,0.0,1.0,1.0,0.0,0.0,10000.0,10000.0,10000.0,10000.0,
p_error,0.05000000447034836,3.725476371840841e-09,0.05000000074505806,0.05000000074505806,3.7254763718408414e-11,2.6343864464297942e-11,10000.0,10000.0,10000.0,10000.0,
v,0.00019716323807414456,1.9284508303630967e-05,0.00016056535037781963,0.00023376754701702902,7.60808683186499e-07,5.38217388073584e-07,642.4897730535886,642.4897730535886,653.3830143055126,925.1377866596986,1.0010164550512222
s,0.01114230855750526,0.0008036746317648841,0.009704051978396733,0.012662266614783233,2.116798966263182e-05,1.4995940932143339e-05,1441.4556683544174,1436.6780659603949,1469.9673784694226,1944.797897324704,1.0007432276250612
gamma,0.008713255362859594,0.008391735615532095,1.875406615291744e-05,0.023684072702144475,0.00019771484253016728,0.00013982814743682126,1801.4617248606305,1801.4617248606305,1471.3470079817328,2007.0091782635238,1.0020793089113704
zeta,0.3909790046657911,0.42588591016605304,0.00023486469272358625,1.1866156386127729,0.016038008818648905,0.011345278789917111,705.1567195122243,705.1567195122243,752.299350163923,673.4843802750236,1.000187296686573
