,mean,sd,hdi_3%,hdi_97%,mcse_mean,mcse_sd,ess_mean,ess_sd,ess_bulk,ess_tail,r_hat
b,1.0,0.0,1.0,1.0,0.0,0.0,10000.0,10000.0,10000.0,10000.0,
p_error,0.05000000447034836,3.725476371840841e-09,0.05000000074505806,0.05000000074505806,3.7254763718408414e-11,2.6343864464297942e-11,10000.0,10000.0,10000.0,10000.0,
v,0.00023071422903014983,2.792698504548084e-05,0.00017630829110466497,0.0002763047662637982,1.883805312970763e-06,1.333823314436477e-06,219.7738772591869,219.7738772591869,283.2063578613806,175.7004112897403,1.0112935354555808
s,0.00959333027844241,0.0012086247223254767,0.00773426834246997,0.012136687566769402,6.690826801216184e-05,4.831843903809526e-05,326.3047314732525,313.4269615771234,407.9891882954123,357.3160775709436,1.0018193198031096
gamma,0.013569698232242081,0.014210550858805942,3.499315139398471e-06,0.038115680900202065,0.00047753281137829427,0.00034938691302348384,885.5546986947714,827.7224995064091,1163.8696197256388,1209.809674039117,1.0021830531608233
zeta,0.40446509440669426,0.47448679493117446,0.0002955286935861042,1.1305474225774002,0.030973950451096938,0.022794958111852903,234.66864316879565,217.22450183628405,502.2351622838079,220.63304864175458,1.0066502847626408
