,mean,sd,hdi_3%,hdi_97%,mcse_mean,mcse_sd,ess_mean,ess_sd,ess_bulk,ess_tail,r_hat
b,1.0,0.0,1.0,1.0,0.0,0.0,10000.0,10000.0,10000.0,10000.0,
p_error,0.05000000447034836,3.725476371840841e-09,0.05000000074505806,0.05000000074505806,3.7254763718408414e-11,2.6343864464297942e-11,10000.0,10000.0,10000.0,10000.0,
v,8.582309259121792e-05,1.1507810965881774e-05,6.578035275597273e-05,0.00010886156168660365,5.675335975630676e-07,4.0159188273839285e-07,411.15188483780236,411.15188483780236,459.5308877453303,406.7519167631929,1.0016078318601542
s,0.0051386249177407155,0.0002791367754402701,0.004651575709412986,0.005677654387347806,7.783028835239514e-06,5.509062884074091e-06,1286.2839054919498,1284.2393732491087,1291.042968169475,1495.0831567294458,1.0016059442225576
gamma,0.00906251228097486,0.008959384222763623,2.9145735199811684e-06,0.024486985927080266,0.00022971192853176145,0.00016563349660191182,1521.2101956581598,1463.5350555907246,1455.876208435886,1771.9085719880845,1.0006220461931818
zeta,0.5115992901739541,0.6772507369387722,0.0007807164415821439,1.5692886839977538,0.03640766961040032,0.026488391877978204,346.0295673366254,327.4404401687067,568.2758296566478,395.13167360264015,1.0018284450029027
