,mean,sd,hdi_3%,hdi_97%,mcse_mean,mcse_sd,ess_mean,ess_sd,ess_bulk,ess_tail,r_hat
b,1.0,0.0,1.0,1.0,0.0,0.0,10000.0,10000.0,10000.0,10000.0,
p_error,0.05000000447034836,3.725476371840841e-09,0.05000000074505806,0.05000000074505806,3.7254763718408414e-11,2.6343864464297942e-11,10000.0,10000.0,10000.0,10000.0,
v,7.949246823114395e-05,8.179017265982292e-06,6.547041110990954e-05,9.491363570570473e-05,3.172151798227507e-07,2.259413608149655e-07,664.805076002727,655.793773945111,651.1344895176092,953.3876919542271,1.003413858161021
s,0.004550937877550658,0.0002842340344067896,0.004037866087709801,0.005074604958491248,8.787172670562087e-06,6.249913894462597e-06,1046.2942483383918,1034.710885584589,1050.903373745289,1329.6942032784102,1.0032342783981307
gamma,0.010549402740005763,0.009691551761324654,1.3675363721568922e-06,0.029228547123504284,0.0002816467687076647,0.00019920341748131906,1184.0692240555882,1184.0692240555882,1150.168857361192,1251.2075318461248,1.002487276484906
zeta,0.22409808837780487,0.2369073237509816,4.814047989014933e-05,0.638011165618233,0.006342254877206179,0.004511233945880966,1395.3064158891245,1379.4944938536853,1452.568667159695,1839.9879177042878,1.0010276229378219
