,mean,sd,hdi_3%,hdi_97%,mcse_mean,mcse_sd,ess_mean,ess_sd,ess_bulk,ess_tail,r_hat
b,1.0,0.0,1.0,1.0,0.0,0.0,10000.0,10000.0,10000.0,10000.0,
p_error,0.05000000447034836,3.725476371840841e-09,0.05000000074505806,0.05000000074505806,3.7254763718408414e-11,2.6343864464297942e-11,10000.0,10000.0,10000.0,10000.0,
v,0.00010704352071264818,1.3947105786571855e-05,8.069705705305835e-05,0.00013211405641201074,5.349456700540002e-07,3.7842613492200313e-07,679.7494059439083,679.7494059439083,698.2621589484311,844.590847421578,1.0047303393667946
s,0.0070702949279812626,0.0004604082125233743,0.006233732789165689,0.007903038709561619,1.238255320888407e-05,8.762973666911801e-06,1382.5018393246296,1380.818608286751,1389.143507318272,1823.3120517511536,1.0028012955475425
gamma,0.011593317341811977,0.011816187848136359,1.847202841777761e-05,0.032586553724563684,0.0003341708955159811,0.00023634964994718373,1250.309491734598,1250.309491734598,1289.7672927758285,1506.7882150374735,1.000927566359128
zeta,0.39195750385275446,0.43013772343354734,7.140666280268409e-06,1.1620247159879196,0.01621997317359632,0.011474013101520051,703.2581943160637,703.2581943160637,854.6912989510065,986.6295349960843,1.003393112497619
