,mean,sd,hdi_3%,hdi_97%,mcse_mean,mcse_sd,ess_mean,ess_sd,ess_bulk,ess_tail,r_hat
b,1.0,0.0,1.0,1.0,0.0,0.0,10000.0,10000.0,10000.0,10000.0,
p_error,0.05000000447034836,3.725476371840841e-09,0.05000000074505806,0.05000000074505806,3.7254763718408414e-11,2.6343864464297942e-11,10000.0,10000.0,10000.0,10000.0,
v,0.00010706456656306269,1.3753721478643966e-05,8.197359996532058e-05,0.00013239879670249566,4.6332541813183973e-07,3.277290463137184e-07,881.1872365466269,881.1872365466269,897.0209929130227,1042.0337609039912,1.0062320390960586
s,0.007075505754706788,0.00045154755684952884,0.006243698353775544,0.00787802199881688,1.1969456617583403e-05,8.467718965100232e-06,1423.1744018050244,1422.4017453175086,1434.194493102125,1913.2179960702815,1.0048836661671605
gamma,0.011477570700725163,0.011651495128747705,8.262776733714073e-06,0.03145188387525805,0.0003183435079854063,0.00022515188276916738,1339.588222211434,1339.588222211434,1316.1027395233837,1441.7378646892635,1.0008105422723887
zeta,0.3887645242143436,0.4223740774520208,3.062865309186521e-05,1.106931772612198,0.01565864178735702,0.011522578851925206,727.5893509942563,672.4222740657639,850.9248494385824,910.1987400108693,1.0046667012948673
