,mean,sd,hdi_3%,hdi_97%,mcse_mean,mcse_sd,ess_mean,ess_sd,ess_bulk,ess_tail,r_hat
b,1.0,0.0,1.0,1.0,0.0,0.0,10000.0,10000.0,10000.0,10000.0,
p_error,0.05000000447034836,3.725476371840841e-09,0.05000000074505806,0.05000000074505806,3.7254763718408414e-11,2.6343864464297942e-11,10000.0,10000.0,10000.0,10000.0,
v,0.00013856313725700895,9.744948027560968e-06,0.0001207679648376391,0.00015721330540358595,4.0304877625061916e-07,2.8514083926071346e-07,584.5798490035675,584.5798490035675,621.7945050554633,646.2127487554563,1.0010601381840076
s,0.0060598430970568214,0.0004041409193272769,0.005259617779062721,0.006776368240825071,1.0500978335802764e-05,7.432728132706284e-06,1481.174153806833,1478.8036456523866,1477.605259678188,1795.7613795663515,1.0024369026007178
gamma,0.001951376998570884,0.0019470469977640702,9.476435873579266e-08,0.005352504174040999,4.183840985487442e-05,2.958820847165108e-05,2165.721107336236,2165.721107336236,1723.6726036432178,1881.0511317127473,1.00067190552414
zeta,0.27998834158949965,0.2804567123976072,9.218183292006933e-05,0.8299437979485478,0.012492040381921069,0.009227991475230743,504.0399022279745,462.41890824507226,661.5500833983974,657.2564358467029,1.0016989912319714
