,mean,sd,hdi_3%,hdi_97%,mcse_mean,mcse_sd,ess_mean,ess_sd,ess_bulk,ess_tail,r_hat
b,1.0,0.0,1.0,1.0,0.0,0.0,10000.0,10000.0,10000.0,10000.0,
p_error,0.05000000447034836,3.725476371840841e-09,0.05000000074505806,0.05000000074505806,3.7254763718408414e-11,2.6343864464297942e-11,10000.0,10000.0,10000.0,10000.0,
v,0.00013067444459208204,1.297060377682755e-05,0.00010660496351644298,0.00015467251454365292,4.5813746081216335e-07,3.2407005806053137e-07,801.5466007887134,801.5466007887134,846.0230852436464,815.6585782328694,1.0031345193279855
s,0.00581952959434996,0.0003755371163085146,0.005131394288396533,0.006530822726428095,1.0623799341827443e-05,7.513914753855137e-06,1249.5280663546698,1249.5280663546698,1233.010473299065,1658.621743317884,1.0033079708717245
gamma,0.0012157841931357061,0.0012163306141724337,1.9025602151373666e-07,0.0033353625404789486,2.6453951873194177e-05,1.8708350084505684e-05,2114.0836005150777,2114.0836005150777,1768.599462752519,1892.5087577074346,1.0016711121063722
zeta,0.36593210693990713,0.43437288039367805,0.00020805789958968618,1.0433195218233389,0.016043616895302235,0.011354236138665666,733.0284650683167,732.3617457008182,988.1243925837236,876.1064294814564,1.0012536668043324
