,mean,sd,hdi_3%,hdi_97%,mcse_mean,mcse_sd,ess_mean,ess_sd,ess_bulk,ess_tail,r_hat
b,1.0,0.0,1.0,1.0,0.0,0.0,10000.0,10000.0,10000.0,10000.0,
p_error,0.05000000447034836,3.725476371840841e-09,0.05000000074505806,0.05000000074505806,3.7254763718408414e-11,2.6343864464297942e-11,10000.0,10000.0,10000.0,10000.0,
v,0.00013085420198155222,1.2065095402881432e-05,0.00010645201448124683,0.00015112511695087723,4.1257321761008773e-07,2.918328755415978e-07,855.1837826886959,855.1837826886959,867.0098732913675,1040.703156927367,1.0005535769728042
s,0.005828828165669469,0.00039110198222644925,0.005097028813801835,0.00656137655602882,1.0532461251087206e-05,7.449150706449978e-06,1378.8603841720887,1378.8603841720887,1373.9270309717076,1481.1530335914345,1.004925860580634
gamma,0.0012038308604211598,0.0011938161013867966,1.4979626512418036e-07,0.0033145327376551148,2.492719868773989e-05,1.7628433101608662e-05,2293.6540459414923,2293.6540459414923,1833.8175778448633,2087.628795309099,1.0011867142784583
zeta,0.33593336349023306,0.34594826957904995,6.320319015425868e-05,0.9333881221546171,0.011816716197403376,0.008358525217065607,857.0945131024697,857.0945131024697,963.2146807740305,984.9650987357018,1.0014744173714527
