,mean,sd,hdi_3%,hdi_97%,mcse_mean,mcse_sd,ess_mean,ess_sd,ess_bulk,ess_tail,r_hat
b,1.0,0.0,1.0,1.0,0.0,0.0,10000.0,10000.0,10000.0,10000.0,
p_error,0.05000000447034836,3.725476371840841e-09,0.05000000074505806,0.05000000074505806,3.7254763718408414e-11,2.6343864464297942e-11,10000.0,10000.0,10000.0,10000.0,
v,8.328324518192387e-05,1.9828678506808895e-05,4.813883534307562e-05,0.00011644256522273261,3.4060596926382184e-06,2.4363037279345407e-06,33.8908946112321,33.70471301455416,36.834976667820065,118.83053942153913,1.0418674480092749
s,0.00514479085180445,0.00036944670788535694,0.00448020059188618,0.0058310753644677,1.0043994911542474e-05,7.145194612131749e-06,1352.9776853660405,1337.3188597276626,1387.5515404653747,1736.6262275479444,1.0025444638343106
gamma,0.010047167399849278,0.010186164659734842,4.593728761962e-06,0.029065769253591917,0.00042660310687797924,0.00030180840450322576,570.1292944290765,570.1292944290765,648.9709943872032,900.101878332409,1.0057487808968444
zeta,3.2993992993257897,2.4004272925972487,0.005802117113155845,7.934708504122164,0.3957663174529447,0.28209828461281733,36.78743029959493,36.78743029959493,35.70865649843909,120.5897468165163,1.0443501593810418
