,mean,sd,hdi_3%,hdi_97%,mcse_mean,mcse_sd,ess_mean,ess_sd,ess_bulk,ess_tail,r_hat
b,1.0,0.0,1.0,1.0,0.0,0.0,10000.0,10000.0,10000.0,10000.0,
p_error,0.05000000447034836,3.725476371840841e-09,0.05000000074505806,0.05000000074505806,3.7254763718408414e-11,2.6343864464297942e-11,10000.0,10000.0,10000.0,10000.0,
v,0.00016941886331057706,1.5906072898161523e-05,0.00013928127958552034,0.0001981063455773566,6.539175807153476e-07,4.6261768437334635e-07,591.6704909779327,591.6704909779327,640.5938080538428,603.1346779674866,1.0034737776424014
s,0.005000743273695066,0.0003785045817054608,0.004314909035263119,0.005733706182701795,1.0244001662992092e-05,7.252198076541019e-06,1365.221129403998,1362.5703875368886,1378.1452532467856,1526.509915600057,1.0039554716722032
gamma,0.006971862946483521,0.0071049355770710625,8.188430793853608e-06,0.01856262258925375,0.0002401601911984608,0.00018957691013992065,875.2220437217909,702.878116845188,1111.2432376626907,1168.7582893044892,1.0012953384195677
zeta,0.2471702634102513,0.2527806051857125,5.3807377043190325e-05,0.6816357236645452,0.008685154129281808,0.006143447166902767,847.0956246974341,847.0956246974341,954.0152708486493,877.0178843053834,1.0025931646550756
