,mean,sd,hdi_3%,hdi_97%,mcse_mean,mcse_sd,ess_mean,ess_sd,ess_bulk,ess_tail,r_hat
b,1.0,0.0,1.0,1.0,0.0,0.0,10000.0,10000.0,10000.0,10000.0,
p_error,0.05000000447034836,3.725476371840841e-09,0.05000000074505806,0.05000000074505806,3.7254763718408414e-11,2.6343864464297942e-11,10000.0,10000.0,10000.0,10000.0,
v,0.0001696167648652473,3.4091823124772426e-05,0.00010701431122134403,0.00023240828195528665,1.828845633014596e-06,1.2942761357145517e-06,347.49323478801165,347.49323478801165,339.9158037535312,584.6015062311449,1.0093530503984949
s,0.007414964426860033,0.0006305329835899607,0.006279354262525123,0.008677496757943435,2.7572247411189927e-05,1.9565501513825006e-05,522.9633882798619,519.8658618201349,520.2263325723251,898.4006000415045,1.0079346075580153
gamma,0.013156141433806638,0.01607577201076906,2.427320571974454e-05,0.03928695473949275,0.0006481298044622337,0.00045851443271437955,615.2047648535103,615.2047648535103,602.4144542644116,889.6694335657704,1.0042183465740693
zeta,0.30029670446625434,0.32444439256649915,7.179523236234588e-05,0.8766553498989965,0.011587794189797499,0.008654305741545961,783.9330943124688,703.3094786477826,1107.897219021317,1028.215614094868,1.0003245084941612
