,mean,sd,hdi_3%,hdi_97%,mcse_mean,mcse_sd,ess_mean,ess_sd,ess_bulk,ess_tail,r_hat
b,1.0,0.0,1.0,1.0,0.0,0.0,10000.0,10000.0,10000.0,10000.0,
p_error,0.05000000447034836,3.725476371840841e-09,0.05000000074505806,0.05000000074505806,3.7254763718408414e-11,2.6343864464297942e-11,10000.0,10000.0,10000.0,10000.0,
v,0.00023505194081971582,1.217746509389355e-05,0.00021099258975300114,0.0002566268555981334,3.6422297641397646e-07,2.6006265341512603e-07,1117.8386165422467,1096.8793219005356,1162.5929944695545,1190.5619777963664,1.003065514927265
s,0.005143840053371889,0.0004572998459706079,0.004323844254652068,0.005960497280502777,1.2291518284733347e-05,8.879056014482609e-06,1384.1751468236882,1326.8734447358872,1634.683804021113,1286.3364843063982,1.0010144813009034
gamma,0.0010528424702071397,0.0010522265770623342,7.688591795615052e-07,0.0028588236857999827,2.292976422879337e-05,1.6216038010800953e-05,2105.8108332333804,2105.8108332333804,1779.6372164631202,1689.5563657612577,1.001127729780272
zeta,0.10879406421867095,0.11283917660874786,1.5349499084195593e-05,0.3184020094487691,0.002768738621816921,0.001958137751374737,1660.9474767522074,1660.9474767522074,1572.4783166473646,1831.2889297659833,1.0009170927958642
