,mean,sd,hdi_3%,hdi_97%,mcse_mean,mcse_sd,ess_mean,ess_sd,ess_bulk,ess_tail,r_hat
b,1.0,0.0,1.0,1.0,0.0,0.0,10000.0,10000.0,10000.0,10000.0,
p_error,0.05000000447034836,3.725476371840841e-09,0.05000000074505806,0.05000000074505806,3.7254763718408414e-11,2.6343864464297942e-11,10000.0,10000.0,10000.0,10000.0,
v,0.0003342759582316723,1.3155159152451784e-05,0.0003102684369210363,0.0003591291737837891,3.7693077246048355e-07,2.665941524204435e-07,1218.0609608508166,1218.0609608508166,1238.3834780608684,1225.0897664754436,1.000768540543022
s,0.008588340982268867,0.0005804462248741803,0.007512535093034655,0.009712267561968045,1.3301833636473481e-05,9.419057360604379e-06,1904.1491277548625,1899.382825972063,1898.887612165187,2026.1657374658453,1.00060444190161
gamma,0.0016797039763037955,0.0017138966161616726,2.9908521286314543e-07,0.004783406868499008,3.4668604266593435e-05,2.4517331342499278e-05,2443.9736962688858,2443.9736962688858,1964.7515259735071,2027.552357078976,1.0022113410078604
zeta,0.11545405143853343,0.11887962983031744,7.056319947862701e-05,0.32535988547359873,0.003564124546159666,0.0026190136997261636,1112.5233750392883,1030.754443420944,1222.2518352387,1553.7134254468867,1.0006257137622658
