,mean,sd,hdi_3%,hdi_97%,mcse_mean,mcse_sd,ess_mean,ess_sd,ess_bulk,ess_tail,r_hat
b,1.0,0.0,1.0,1.0,0.0,0.0,10000.0,10000.0,10000.0,10000.0,
p_error,0.05000000447034836,3.725476371840841e-09,0.05000000074505806,0.05000000074505806,3.7254763718408414e-11,2.6343864464297942e-11,10000.0,10000.0,10000.0,10000.0,
v,0.0003340733262360966,1.3057550298439625e-05,0.00031009934844518014,0.0003588525193222448,3.579904438583044e-07,2.5319298733121136e-07,1330.394826151506,1330.394826151506,1338.37509672482,1451.2789890739475,1.0006976312173965
s,0.008587571282984879,0.0005870840402331417,0.00755411708368473,0.009725509754404024,1.4381248466745647e-05,1.0221302228523799e-05,1666.5078711351387,1650.1052823362197,1694.2009259816348,1877.5563238052898,1.0035215762486174
gamma,0.0016839542389839475,0.0017304542128264984,3.04439872363757e-07,0.00468124143396485,3.536397376530778e-05,2.5009152318354968e-05,2394.40772833623,2394.40772833623,2045.7761239609067,1875.1436220111195,1.002846318189271
zeta,0.11434354069408319,0.116832338773653,0.0001214144042079184,0.33676285798021355,0.0033312406541178,0.0023561016343392007,1230.025529015164,1230.025529015164,1310.3021193526395,1532.3870054364104,1.0005726850708752
