,mean,sd,hdi_3%,hdi_97%,mcse_mean,mcse_sd,ess_mean,ess_sd,ess_bulk,ess_tail,r_hat
b,1.0,0.0,1.0,1.0,0.0,0.0,10000.0,10000.0,10000.0,10000.0,
p_error,0.05000000447034836,3.725476371840841e-09,0.05000000074505806,0.05000000074505806,3.7254763718408414e-11,2.6343864464297942e-11,10000.0,10000.0,10000.0,10000.0,
v,0.00022526876527557597,2.2034840367859454e-05,0.00018695657280289645,0.000264177415175205,7.774615283265414e-07,5.499480553565289e-07,803.2708400994707,803.2708400994707,852.5423708233118,1672.2372106266816,1.000409535615473
s,0.006439050703108381,0.0005190533336035531,0.0054989664419787705,0.007386754347280725,1.801158743585921e-05,1.2809546686171308e-05,830.462426346667,821.5517961916993,857.5339180328276,1564.4157014242671,1.002591729658032
gamma,0.0025045043056184553,0.002547575876942259,8.878265041478702e-07,0.007122483767401286,6.29024209220859e-05,4.4486639743109345e-05,1640.285836613276,1640.285836613276,1347.2092445093779,1891.5413730108803,1.0031849209524397
zeta,0.10163987932129084,0.10469702723899343,1.2901208977741646e-06,0.29634413875930277,0.002570537876854071,0.0018179644366986406,1658.9018286989083,1658.9018286989083,1455.475740016118,1640.8358834014448,1.000524211228227
