,mean,sd,hdi_3%,hdi_97%,mcse_mean,mcse_sd,ess_mean,ess_sd,ess_bulk,ess_tail,r_hat
b,1.0,0.0,1.0,1.0,0.0,0.0,10000.0,10000.0,10000.0,10000.0,
p_error,0.05000000447034836,3.725476371840841e-09,0.05000000074505806,0.05000000074505806,3.7254763718408414e-11,2.6343864464297942e-11,10000.0,10000.0,10000.0,10000.0,
v,0.00012537052246742867,5.623895737675262e-05,3.0297478566178075e-05,0.00022714962390393226,3.0642436444039616e-06,2.168626381690028e-06,336.8433154003626,336.8433154003626,323.34503889826294,760.7600684767672,1.009659094929948
s,0.021144525537810738,0.002356400230427848,0.017110519659302804,0.02572311729102843,8.074983652465713e-05,5.767044606429525e-05,851.5591297803453,835.3431171312324,869.5814750923942,1146.692956125327,1.0022974386708063
gamma,0.0606672704682059,0.07480956786147974,8.170452732516425e-06,0.18578367551286873,0.0028926667577519587,0.002046316918648946,668.8326760993845,668.8326760993845,711.1437306867041,940.6361551522712,1.0036170075590927
zeta,3.152076496453012,2.7458075535637256,0.0015875071986603294,8.459538007979553,0.13554040596448635,0.09590973704179576,410.3955345572463,410.3955345572463,435.42462878912403,1077.227532016261,1.0083188088369783
