,mean,sd,hdi_3%,hdi_97%,mcse_mean,mcse_sd,ess_mean,ess_sd,ess_bulk,ess_tail,r_hat
b,1.0,0.0,1.0,1.0,0.0,0.0,10000.0,10000.0,10000.0,10000.0,
p_error,0.05000000447034836,3.725476371840841e-09,0.05000000074505806,0.05000000074505806,3.7254763718408414e-11,2.6343864464297942e-11,10000.0,10000.0,10000.0,10000.0,
v,5.073159995174452e-05,3.281656927449995e-05,6.107969584017695e-06,0.00011805882161004116,1.8672030611051474e-06,1.3215606509239018e-06,308.8895758677214,308.8895758677214,348.1412798212792,440.3161610626346,1.0069836832514711
s,0.015348219215337664,0.0017672029243548356,0.012264555771705498,0.018782099331735407,6.102790324307879e-05,4.316826325451302e-05,838.5248643590479,838.5248643590479,830.5448085240355,1491.6971013526606,1.0009309172982512
gamma,0.44388311064188846,0.27262296802249225,0.006817410769798903,0.9050616756077344,0.012475526667529048,0.008826923070755744,477.53708654447564,477.53708654447564,473.4722604241755,1009.0180094051084,1.009888406556488
zeta,3.0580523487528364,2.596046595798129,0.0005874516774037919,8.136970587153742,0.0991296667557429,0.07012509091371194,685.8318882102712,685.8318882102712,674.1935707369901,1733.0058189600195,1.0019326735779421
