,mean,sd,hdi_3%,hdi_97%,mcse_mean,mcse_sd,ess_mean,ess_sd,ess_bulk,ess_tail,r_hat
b,1.0,0.0,1.0,1.0,0.0,0.0,10000.0,10000.0,10000.0,10000.0,
p_error,0.05000000447034836,3.725476371840841e-09,0.05000000074505806,0.05000000074505806,3.7254763718408414e-11,2.6343864464297942e-11,10000.0,10000.0,10000.0,10000.0,
v,8.458333188600793e-05,5.5713212542631336e-05,4.2389860878726266e-07,0.00018147902493729232,3.4969035180203023e-06,2.475530996935341e-06,253.83359641738755,253.83359641738755,252.43380904608804,871.7602945246504,1.0129262875203837
s,0.023482601365492854,0.0030662623169061287,0.016957076732097735,0.029024268158157524,0.00013345265649114622,9.496837516440124e-05,527.9151981008376,521.8148359385151,524.4268843786775,1318.2694663616828,1.0064345570089048
gamma,0.14872674917724688,0.1961726339003451,1.791391108054283e-05,0.5780170992327313,0.009160234515248996,0.006481387630416741,458.63126942388385,458.63126942388385,428.46953626084166,1352.7589704642771,1.0072360654415446
zeta,3.2851822849877417,2.7673506927176756,0.00017951906965993345,8.57084774581832,0.12183975383409863,0.08620247227603944,515.8819960054334,515.8819960054334,475.58843729495607,1249.1309885318144,1.0060283679397937
