,mean,sd,hdi_3%,hdi_97%,mcse_mean,mcse_sd,ess_mean,ess_sd,ess_bulk,ess_tail,r_hat
b,1.0,0.0,1.0,1.0,0.0,0.0,10000.0,10000.0,10000.0,10000.0,
p_error,0.05000000447034836,3.725476371840841e-09,0.05000000074505806,0.05000000074505806,3.7254763718408414e-11,2.6343864464297942e-11,10000.0,10000.0,10000.0,10000.0,
v,8.629875141049645e-05,5.5135825963863846e-05,5.795871370868543e-07,0.00018326926312674789,3.0853210983163782e-06,2.1836471089143877e-06,319.35008186503126,319.35008186503126,298.62094901293386,900.6197977858875,1.022227800870092
s,0.023436752787034994,0.003045394261580578,0.01705081838042143,0.02882780224324761,0.000117413317314334,8.43053261754758e-05,672.7478727189382,653.0330755638223,667.1829264649012,1403.7741996267637,1.0127896585381742
gamma,0.1409549042871612,0.1862132481387816,4.8832105867712155e-05,0.507473629991877,0.00767951838297528,0.005432935525235838,587.9673125382037,587.9673125382037,507.54950353860164,1172.6595627110648,1.0158718556161013
zeta,3.261095193724264,2.7844026144547698,5.648269476980948e-05,8.603810503834175,0.11079953579118004,0.07838331603210401,631.5215631502261,631.5215631502261,630.1608592574613,1863.3513075495066,1.0091879781212154
