,mean,sd,hdi_3%,hdi_97%,mcse_mean,mcse_sd,ess_mean,ess_sd,ess_bulk,ess_tail,r_hat
b,1.0,0.0,1.0,1.0,0.0,0.0,10000.0,10000.0,10000.0,10000.0,
p_error,0.05000000447034836,3.725476371840841e-09,0.05000000074505806,0.05000000074505806,3.7254763718408414e-11,2.6343864464297942e-11,10000.0,10000.0,10000.0,10000.0,
v,0.00019641601788958745,4.100513800288876e-05,0.00011769163731670615,0.0002691701165987491,1.6878125963273663e-06,1.1940539793030484e-06,590.2392801376315,590.2392801376315,618.5763489485158,649.4751138593847,1.0018656822776928
s,0.017485164760349742,0.0013441478942841211,0.014977461231507847,0.02002795370057162,3.989471242879779e-05,2.8330044146571037e-05,1135.176610497221,1126.1458599318637,1148.3973381455676,1479.6636130928996,1.0047519309317408
gamma,0.02612353262525886,0.028838540853888196,1.4757984493588003e-06,0.07718188520379915,0.0008356744546156275,0.0005910558568286896,1190.89181929661,1190.89181929661,1254.3222279086867,1713.0338949980949,1.0008849742124148
zeta,0.6553102789069966,0.8331341363563377,0.00030338373111663095,1.9844038689918144,0.03431437673000227,0.024571198454139777,589.4916105922804,575.4236626378982,780.4989109719122,819.4520971802464,1.0005557814105255
