,mean,sd,hdi_3%,hdi_97%,mcse_mean,mcse_sd,ess_mean,ess_sd,ess_bulk,ess_tail,r_hat
b,1.0,0.0,1.0,1.0,0.0,0.0,10000.0,10000.0,10000.0,10000.0,
p_error,0.05000000447034836,3.725476371840841e-09,0.05000000074505806,0.05000000074505806,3.7254763718408414e-11,2.6343864464297942e-11,10000.0,10000.0,10000.0,10000.0,
v,0.00023299417493487056,2.1734348857337077e-05,0.00019379607694861695,0.0002745007383039053,7.22280001258454e-07,5.108936883202797e-07,905.4867235980574,905.4867235980574,946.1471379468726,965.2900726925279,1.004864500438849
s,0.00876851028674275,0.0006591746656468112,0.0076463604587615796,0.010091568998552807,1.836791201222359e-05,1.2991017649717521e-05,1287.8978983786787,1287.8978983786787,1281.4984447852569,1621.9574514178644,1.0009758312444348
gamma,0.005547580620045685,0.005559682688765374,1.0403009229896618e-06,0.01604991311979629,0.00014328542093080212,0.00010133772734553392,1505.5528431555263,1505.5528431555263,1384.7552159674399,1825.9206702758431,1.000896893370301
zeta,0.24735984666686608,0.24341943360839377,8.927375919131775e-06,0.6657678375259259,0.007197428528547581,0.0050906488410479124,1143.8149620970182,1143.8149620970182,1215.523332875825,1562.3921911046575,1.001031388054973
