,mean,sd,hdi_3%,hdi_97%,mcse_mean,mcse_sd,ess_mean,ess_sd,ess_bulk,ess_tail,r_hat
b,1.0,0.0,1.0,1.0,0.0,0.0,10000.0,10000.0,10000.0,10000.0,
p_error,0.05000000447034836,3.725476371840841e-09,0.05000000074505806,0.05000000074505806,3.7254763718408414e-11,2.6343864464297942e-11,10000.0,10000.0,10000.0,10000.0,
v,0.0002329532555930835,2.2118005559762287e-05,0.00019217889248010999,0.0002738462794575681,7.377609998135432e-07,5.218451878434661e-07,898.7947747314022,898.7947747314022,931.007494413669,1036.9455372164352,1.0007484121417658
s,0.008739775811230949,0.0006647215765519158,0.007602019899293852,0.010057965081171651,1.855909945116906e-05,1.3126249985044803e-05,1282.8200938515872,1282.8200938515872,1282.296320056902,1724.9284684471043,1.0002638377001838
gamma,0.005217118817774766,0.005404318248269062,9.858134844392033e-07,0.014411584037191252,0.00014474028584420402,0.00010292788233091379,1394.129058620758,1379.0166730270653,1463.7897935139656,1874.903403128456,1.0006790002728394
zeta,0.24960868211096018,0.2526329315003645,2.7136634421479153e-05,0.6940656677018653,0.007685323283922727,0.005447188211103621,1080.5768060053965,1076.0703648881063,1231.3623212001405,1257.7206565805873,1.0003721212140446
