,mean,sd,hdi_3%,hdi_97%,mcse_mean,mcse_sd,ess_mean,ess_sd,ess_bulk,ess_tail,r_hat
b,1.0,0.0,1.0,1.0,0.0,0.0,10000.0,10000.0,10000.0,10000.0,
p_error,0.05000000447034836,3.725476371840841e-09,0.05000000074505806,0.05000000074505806,3.7254763718408414e-11,2.6343864464297942e-11,10000.0,10000.0,10000.0,10000.0,
v,8.355410060700041e-05,2.0283373223906257e-05,4.645359440786565e-05,0.00012228552220917965,1.029547187434758e-06,7.285475533999317e-07,388.139507885479,388.139507885479,461.36247750796684,330.2775668875892,1.0080251875297983
s,0.011252465534121753,0.0007828809486154335,0.009859833531350353,0.012793552677193436,2.3222958388600853e-05,1.6604071661604936e-05,1136.4657748696334,1112.1416890434086,1188.4504485601085,1210.259243280894,1.0028632999693743
gamma,0.028925860035153607,0.037373325986953886,3.105033953888347e-05,0.08337167040837593,0.0018604608847542124,0.001316496526067071,403.5361170233573,403.5361170233573,791.5554691348731,658.4207517846954,1.0121849435365804
zeta,0.5333863900436674,0.8255440423081161,3.268623364495845e-06,1.6622628386098148,0.04727000640945624,0.03345695732222267,305.0065548357238,305.0065548357238,638.9345549306304,440.7656535686128,1.0031578450564997
