,mean,sd,hdi_3%,hdi_97%,mcse_mean,mcse_sd,ess_mean,ess_sd,ess_bulk,ess_tail,r_hat
b,1.0,0.0,1.0,1.0,0.0,0.0,10000.0,10000.0,10000.0,10000.0,
p_error,0.05000000447034836,3.725476371840841e-09,0.05000000074505806,0.05000000074505806,3.7254763718408414e-11,2.6343864464297942e-11,10000.0,10000.0,10000.0,10000.0,
v,8.523917240372093e-05,1.9758083774745895e-05,4.498945184249062e-05,0.00011967694080479007,7.827468381614702e-07,5.537391597555563e-07,637.1577955873753,637.1577955873753,664.1738461878989,532.8694136242425,1.0030491608989809
s,0.011196810862618556,0.0007974549890794017,0.009718670983096218,0.012650498696067092,2.245925634351069e-05,1.5961154708657047e-05,1260.7286281035522,1248.695907638873,1282.0924875843446,1576.8221874764179,1.0012025119268988
gamma,0.02741161795595828,0.03235422705807354,2.3856752191531243e-05,0.07878081387545302,0.0010249697940895334,0.0007249753477145481,996.4142369491224,996.4142369491224,1106.222860024582,1265.6935625604392,1.0006677182496382
zeta,0.4979239994921283,0.6703453832882241,0.00016331042716573348,1.545876140677738,0.030239694837124968,0.02139539745145694,491.4082428794859,491.4082428794859,743.9524177204376,587.6631251893904,1.0014552879164904
