,mean,sd,hdi_3%,hdi_97%,mcse_mean,mcse_sd,ess_mean,ess_sd,ess_bulk,ess_tail,r_hat
b,1.0,0.0,1.0,1.0,0.0,0.0,10000.0,10000.0,10000.0,10000.0,
p_error,0.05000000447034836,3.725476371840841e-09,0.05000000074505806,0.05000000074505806,3.7254763718408414e-11,2.6343864464297942e-11,10000.0,10000.0,10000.0,10000.0,
v,0.00019436269090021067,1.8050732118557776e-05,0.00016135143006957789,0.00022959389430850233,6.08729643678583e-07,4.305797158208692e-07,879.3074231445253,879.3074231445253,881.4855337101175,1202.6047765799365,1.001304167776354
s,0.009115627645897064,0.0006337238005556943,0.007952055147671224,0.010309807065836302,1.600642381979128e-05,1.1321723711907956e-05,1567.5139415624185,1567.1357889963047,1564.8228585242389,1659.2566767854669,1.0003977747805368
gamma,0.003512643670998678,0.0035348781670347562,3.720276211997821e-06,0.010315267973411413,7.914215884040036e-05,5.5970140986754465e-05,1994.9550490348777,1994.9550490348777,1820.2580886516735,1882.7414053439766,1.0014816553306078
zeta,0.1935993279058698,0.19608255831293536,8.397540550389151e-05,0.5472349464797527,0.005441387343599917,0.0038485064375175793,1298.5499052323355,1298.5499052323355,1102.613345162957,1462.5929802538453,1.0009204372742992
