,mean,sd,hdi_3%,hdi_97%,mcse_mean,mcse_sd,ess_mean,ess_sd,ess_bulk,ess_tail,r_hat
b,1.0,0.0,1.0,1.0,0.0,0.0,10000.0,10000.0,10000.0,10000.0,
p_error,0.05000000447034836,3.725476371840841e-09,0.05000000074505806,0.05000000074505806,3.7254763718408414e-11,2.6343864464297942e-11,10000.0,10000.0,10000.0,10000.0,
v,0.00019239290383075278,2.059128080520062e-05,0.00015511830009778537,0.00022906263959013613,7.541235706060363e-07,5.334546385920742e-07,745.5584418355263,745.5584418355263,819.2771836071139,708.8166842242538,1.00342812758517
s,0.009177221812058801,0.0006665007970031218,0.007968626525024215,0.010464137741600297,1.9256925600653896e-05,1.38357865222755e-05,1197.91896664206,1160.8656052068166,1269.6981504248402,1047.1491391311224,1.0012699144782116
gamma,0.0037003077884665593,0.003880155838344616,4.284245363121414e-07,0.010551769164303977,8.589357454624428e-05,6.074461184867622e-05,2040.6897519556626,2040.6897519556626,1794.2375288898922,1811.9063314550478,1.0002991281164426
zeta,0.20912298411435268,0.21664816581669616,6.222863696690141e-05,0.6009878462095647,0.006222634624191128,0.004401126302819001,1212.1641368380892,1212.1641368380892,1140.538562059573,1461.8016596051732,1.0018049440521242
