,mean,sd,hdi_3%,hdi_97%,mcse_mean,mcse_sd,ess_mean,ess_sd,ess_bulk,ess_tail,r_hat
b,1.0,0.0,1.0,1.0,0.0,0.0,10000.0,10000.0,10000.0,10000.0,
p_error,0.05000000447034836,3.725476371840841e-09,0.05000000074505806,0.05000000074505806,3.7254763718408414e-11,2.6343864464297942e-11,10000.0,10000.0,10000.0,10000.0,
v,0.00017961479284320662,2.6928395053206003e-05,0.00012658827482692322,0.00022772023069376468,1.4102470532881146e-06,9.979940379528804e-07,364.61164755256493,364.61164755256493,384.7549752106894,451.54913134817707,1.0034386718440016
s,0.010856327155804615,0.000750809878905588,0.009545155113378697,0.012310254690861422,2.788235851738181e-05,1.9928830009373528e-05,725.1050708548889,710.2695743849538,754.231008929943,948.1837190143735,1.001736713842529
gamma,0.02605036799731908,0.025097572317515842,6.21037060708916e-06,0.07017530160712862,0.0008894672094308979,0.000629178847705305,796.165847512413,796.165847512413,875.9185849784097,1046.8020295419406,1.001641466736856
zeta,0.47300717256401703,0.5438409232750646,0.00022701865906397863,1.3487150737479283,0.020901029832057723,0.014785631550856377,677.0307570366538,677.0307570366538,825.7733464172165,881.3033960712032,1.0009693570599476
