,mean,sd,hdi_3%,hdi_97%,mcse_mean,mcse_sd,ess_mean,ess_sd,ess_bulk,ess_tail,r_hat
b,1.0,0.0,1.0,1.0,0.0,0.0,10000.0,10000.0,10000.0,10000.0,
p_error,0.05000000447034836,3.725476371840841e-09,0.05000000074505806,0.05000000074505806,3.7254763718408414e-11,2.6343864464297942e-11,10000.0,10000.0,10000.0,10000.0,
v,0.00023986636582510633,2.989840713254239e-05,0.00018551896764371827,0.0002916936003982654,1.9025329737399102e-06,1.3468859836153506e-06,246.96290096875268,246.96290096875268,277.8486610360888,331.754309268856,1.0104103351250824
s,0.013295522331331435,0.0012425037928606292,0.011067136835617183,0.015620974005905126,3.7163237368017674e-05,2.628523693402179e-05,1117.810970819173,1117.810970819173,1122.4296261605875,1668.4689172249034,1.0014282810445303
gamma,0.010175278049101226,0.009902720253274027,1.2155604575084578e-05,0.027938461565794416,0.00023018677953525027,0.00016279229062427696,1850.752170854597,1850.752170854597,1737.312389046823,2196.303858003175,1.0026430799919743
zeta,0.8893633282895144,0.9444803375379511,0.0011658282952136964,2.654670988893346,0.06246036839205714,0.044222610589322274,228.6529239650567,228.6529239650567,290.7253017093886,340.6787271113743,1.0121422401990223
