,mean,sd,hdi_3%,hdi_97%,mcse_mean,mcse_sd,ess_mean,ess_sd,ess_bulk,ess_tail,r_hat
b,1.0,0.0,1.0,1.0,0.0,0.0,10000.0,10000.0,10000.0,10000.0,
p_error,0.05000000447034836,3.725476371840841e-09,0.05000000074505806,0.05000000074505806,3.7254763718408414e-11,2.6343864464297942e-11,10000.0,10000.0,10000.0,10000.0,
v,0.00021570334397917748,3.632674817214298e-05,0.00014062834939303,0.00027549924962981016,2.7541946459955638e-06,1.950784217962659e-06,173.9657633673266,173.9657633673266,204.53612710125185,186.59082533320475,1.0232734692623484
s,0.018014915000379432,0.0014710472817925744,0.015453667108961639,0.02094720352241729,3.723245604510447e-05,2.6387390326249905e-05,1561.0251236255249,1554.509542369451,1596.617331242745,1773.1975231884396,1.001328422073116
gamma,0.018049788686076623,0.01876104316505989,2.067421448134434e-05,0.05118167850423941,0.0004707816469614581,0.0003329540529155058,1588.089292455498,1588.089292455498,1865.8019957642944,1888.1117112356633,1.0015295301809544
zeta,1.3544957796831647,1.4951681653176299,0.0025618833586150414,4.2950164800005295,0.12597304131576034,0.09108325706835903,140.872056372491,135.31628167315395,205.60113524097457,183.18378568695397,1.0229696269760675
