,mean,sd,hdi_3%,hdi_97%,mcse_mean,mcse_sd,ess_mean,ess_sd,ess_bulk,ess_tail,r_hat
b,1.0,0.0,1.0,1.0,0.0,0.0,10000.0,10000.0,10000.0,10000.0,
p_error,0.05000000447034836,3.725476371840841e-09,0.05000000074505806,0.05000000074505806,3.7254763718408414e-11,2.6343864464297942e-11,10000.0,10000.0,10000.0,10000.0,
v,0.00021307730863345147,4.0358249777529784e-05,0.00012710754481859627,0.00027536599613111874,3.5423498463245277e-06,2.510469604247945e-06,129.80210843902412,129.80210843902412,159.18033436027196,180.20018494698954,1.008793167568888
s,0.018013988531477104,0.0014671065339435325,0.015394641894391901,0.020841774194823786,3.448025352965525e-05,2.4387069947579035e-05,1810.4327681924597,1810.1478161197974,1808.8807343437247,1814.573889722152,1.0007227906156564
gamma,0.01781773245966564,0.018557794109869862,5.530775523441397e-06,0.04863816959107076,0.00044548377491815204,0.0003161270926637525,1735.3573598276014,1723.6388840506906,1816.4309891995097,1821.6152960599684,1.0001963485008079
zeta,1.5380224582805162,1.8464612444811919,0.00021808545048345102,5.334908641171516,0.17737809699100074,0.12576440363883135,108.36284803433485,108.36284803433485,165.9842899091912,160.62599902059884,1.0085816591917354
