,mean,sd,hdi_3%,hdi_97%,mcse_mean,mcse_sd,ess_mean,ess_sd,ess_bulk,ess_tail,r_hat
b,1.0,0.0,1.0,1.0,0.0,0.0,10000.0,10000.0,10000.0,10000.0,
p_error,0.05000000447034836,3.725476371840841e-09,0.05000000074505806,0.05000000074505806,3.7254763718408414e-11,2.6343864464297942e-11,10000.0,10000.0,10000.0,10000.0,
v,0.0001875288601514915,3.827269718166659e-05,0.0001135855214138418,0.000252562851213953,3.277393818737811e-06,2.322442089085206e-06,136.37063974577927,136.37063974577927,145.0655487597906,178.32622724916294,1.0193880488845717
s,0.01583320738515229,0.001522421219186383,0.013099233350029618,0.018789950730825362,3.653197051373693e-05,2.6031789294260703e-05,1736.6946242204128,1710.723177015637,1775.5118965672357,1772.8999600650443,1.0002093325898054
gamma,0.025297388594598808,0.026710044250171913,6.761842103064955e-06,0.0760809464351467,0.0007774970638446441,0.0005499093719699245,1180.189373148838,1180.189373148838,1362.9365588930493,1862.8100332890974,1.006280788108608
zeta,1.953681929780811,1.8918223348130234,0.0007415701549313443,5.628305635058672,0.17534328098060284,0.12429841136913747,116.40789593288851,116.40789593288851,147.8147857051644,193.89541222974407,1.0231522517525684
