,mean,sd,hdi_3%,hdi_97%,mcse_mean,mcse_sd,ess_mean,ess_sd,ess_bulk,ess_tail,r_hat
b,1.0,0.0,1.0,1.0,0.0,0.0,10000.0,10000.0,10000.0,10000.0,
p_error,0.05000000447034836,3.725476371840841e-09,0.05000000074505806,0.05000000074505806,3.7254763718408414e-11,2.6343864464297942e-11,10000.0,10000.0,10000.0,10000.0,
v,0.00020130765935482504,0.00010997998519825726,4.997933233577528e-07,0.00038297763570566444,5.298239479189446e-06,3.7489599348552713e-06,430.88774757120115,430.88774757120115,416.3879609384007,654.2549757435322,1.002713531176682
s,0.036843111731995816,0.005174739320744096,0.02775994643683679,0.04692203173176096,0.0001775651433706519,0.0001262349797184645,849.3007765629701,840.792761172057,852.7391670221353,1224.5445341843836,1.0008705320693874
gamma,0.06388687226730289,0.11196083078631104,1.5015947094135201e-05,0.22085834526880974,0.004111982671249161,0.0029087555125118887,741.3608932087938,741.3608932087938,783.3204563720404,1068.9826902412676,1.001405037623043
zeta,3.0013341192210046,2.677996637784266,1.3861023216378945e-05,8.391471625714168,0.10920787860416692,0.07725911784149879,601.3289504471338,601.3289504471338,591.1034350365107,1477.8305143283214,1.0012107970048385
