,mean,sd,hdi_3%,hdi_97%,mcse_mean,mcse_sd,ess_mean,ess_sd,ess_bulk,ess_tail,r_hat
b,1.0,0.0,1.0,1.0,0.0,0.0,10000.0,10000.0,10000.0,10000.0,
p_error,0.05000000447034836,3.725476371840841e-09,0.05000000074505806,0.05000000074505806,3.7254763718408414e-11,2.6343864464297942e-11,10000.0,10000.0,10000.0,10000.0,
v,0.0003974098179375622,7.407239785854856e-05,0.0002499612474152676,0.000524842688208127,6.411789434980391e-06,4.543765099889461e-06,133.46097843544044,133.46097843544044,153.53860540598393,121.2462713216192,1.0105518016465198
s,0.021734709747823582,0.0031327083670825715,0.016226768841761465,0.027376589920708218,8.274347583465545e-05,5.952578513507173e-05,1433.4165453444327,1385.4235953938062,1488.6747144280957,1593.904755533104,1.003686309586739
gamma,0.00965284316240498,0.01058876189334709,3.925264199780941e-07,0.027018980482899756,0.00031257778788526335,0.00022108207444141272,1147.5566616215654,1147.5566616215654,1205.3598909518755,1292.4776616365873,1.0002491128077462
zeta,1.4609433931716915,1.689496434189683,0.0012795761620616743,4.4877870942832505,0.16149802245907324,0.11501250080916689,109.44102236947447,108.47695337296742,159.035633740849,123.38365947977134,1.0109904775143719
