,mean,sd,hdi_3%,hdi_97%,mcse_mean,mcse_sd,ess_mean,ess_sd,ess_bulk,ess_tail,r_hat
b,1.0,0.0,1.0,1.0,0.0,0.0,10000.0,10000.0,10000.0,10000.0,
p_error,0.05000000447034836,3.725476371840841e-09,0.05000000074505806,0.05000000074505806,3.7254763718408414e-11,2.6343864464297942e-11,10000.0,10000.0,10000.0,10000.0,
v,0.0003912082228809894,7.05936657522265e-05,0.00026260818162103923,0.0005157716720756595,4.996926133606415e-06,3.5385368103681345e-06,199.58394809779423,199.58394809779423,209.6954435790301,360.35770063942243,1.00652943905334
s,0.021785061822363342,0.0031171271487556514,0.01621545859018911,0.02744533645039982,8.207924812647965e-05,5.8260177703690516e-05,1442.2558072838317,1431.899040275974,1485.5185958939046,1789.965582525635,1.0003561913078491
gamma,0.009717615646605067,0.010396617146237094,1.35315901048281e-06,0.027429569619177318,0.0002432462630688894,0.00017202855123649933,1826.8031374393838,1826.8031374393838,1649.593336115808,1888.3663502119316,1.0002453162805274
zeta,1.5063999615144308,1.5402035183753449,0.0015202306739095334,4.225420046305536,0.11222839398139899,0.07948067582162409,188.34353877742652,188.34353877742652,186.20369347632132,265.68393025859046,1.0080638364935175
