,mean,sd,hdi_3%,hdi_97%,mcse_mean,mcse_sd,ess_mean,ess_sd,ess_bulk,ess_tail,r_hat
b,1.0,0.0,1.0,1.0,0.0,0.0,10000.0,10000.0,10000.0,10000.0,
p_error,0.05000000447034836,3.725476371840841e-09,0.05000000074505806,0.05000000074505806,3.7254763718408414e-11,2.6343864464297942e-11,10000.0,10000.0,10000.0,10000.0,
v,0.0003988395131786716,0.00010968690346581309,0.00020964770039987504,0.0005817542276013826,8.29718195073861e-06,5.876813174684727e-06,174.76253053320673,174.76253053320673,181.38205273748073,537.7549242880858,1.0091631857567696
s,0.026305636858115416,0.004656866656886153,0.018583350697482157,0.03553959883715608,0.00018159633468837666,0.00013711203271174095,657.6176309352286,577.3584507081129,932.6525571361476,572.7329021471428,1.005103104664034
gamma,0.01429137033311178,0.01924148302877293,2.8035909196559558e-06,0.041229243466668675,0.0006483213645547602,0.0004585843168605779,880.8387607552845,880.8387607552845,930.5908129412882,1015.4300310441911,1.0051352947305372
zeta,3.1318074685833213,2.6386685822146005,0.0020288160694838207,8.358738495419903,0.2251533237786772,0.15954676468932577,137.34503587332816,137.34503587332816,145.68053672568985,443.4823721661357,1.0081803329168948
