,mean,sd,hdi_3%,hdi_97%,mcse_mean,mcse_sd,ess_mean,ess_sd,ess_bulk,ess_tail,r_hat
b,1.0,0.0,1.0,1.0,0.0,0.0,10000.0,10000.0,10000.0,10000.0,
p_error,0.05000000447034836,3.725476371840841e-09,0.05000000074505806,0.05000000074505806,3.7254763718408414e-11,2.6343864464297942e-11,10000.0,10000.0,10000.0,10000.0,
v,0.0002871691928853651,3.824130681976379e-05,0.0002184131554660889,0.00035434423730259666,1.7662764470803552e-06,1.2497239880147664e-06,468.75735440064676,468.75735440064676,550.0995180940491,470.8174784229932,1.0063174687084822
s,0.017475175205314834,0.0015566637427984191,0.014884974278193935,0.020653584206447636,4.591943818034621e-05,3.2858877390060206e-05,1149.2023052162426,1122.7418058313822,1231.9829382458274,1763.9785308448056,1.0036437850468352
gamma,0.005517325412367041,0.005896848542876176,2.3490483113566766e-06,0.015607220285568652,0.00014121061368374015,9.986768794610434e-05,1743.8345012473465,1743.8345012473465,1632.6065447842097,1677.4074791917515,1.0007411228916459
zeta,0.469843214970433,0.7368552117826385,3.391841413371198e-05,1.4023696303016115,0.04023319405866816,0.030736162007143793,335.42489715732717,287.9492341188938,589.1176769897405,525.6120954920588,1.004571967758393
