,mean,sd,hdi_3%,hdi_97%,mcse_mean,mcse_sd,ess_mean,ess_sd,ess_bulk,ess_tail,r_hat
b,1.0,0.0,1.0,1.0,0.0,0.0,10000.0,10000.0,10000.0,10000.0,
p_error,0.05000000447034836,3.725476371840841e-09,0.05000000074505806,0.05000000074505806,3.7254763718408414e-11,2.6343864464297942e-11,10000.0,10000.0,10000.0,10000.0,
v,7.769617686684182e-05,1.581214867337955e-05,5.083438066436605e-05,0.00010907572528531725,7.060599294214671e-07,4.995503973476388e-07,501.53200021236273,501.53200021236273,504.6898737925354,707.8592085479762,1.0037565769873493
s,0.005858307087605232,0.00046042272721015016,0.004985980729655641,0.006735906565413586,1.722737968488115e-05,1.2186574578049556e-05,714.2907974128262,714.2907974128262,716.175238618022,1342.260898360221,1.0020180008195831
gamma,0.010257978824768085,0.01028186708866761,6.714238939395675e-07,0.0283953221090334,0.00028566277878465255,0.00020203958215006803,1295.4977353282945,1295.4977353282945,1247.4059823800114,1664.0222512576438,1.00075834512999
zeta,0.43991711758785784,0.5597311873335622,0.00014640974560950338,1.347550323293539,0.02611094909052122,0.021467098884374473,459.5298162866211,340.5078062384224,754.8467245654159,805.9971056411988,1.0014775635365964
