,mean,sd,hdi_3%,hdi_97%,mcse_mean,mcse_sd,ess_mean,ess_sd,ess_bulk,ess_tail,r_hat
b,1.0,0.0,1.0,1.0,0.0,0.0,10000.0,10000.0,10000.0,10000.0,
p_error,0.05000000447034836,3.725476371840841e-09,0.05000000074505806,0.05000000074505806,3.7254763718408414e-11,2.6343864464297942e-11,10000.0,10000.0,10000.0,10000.0,
v,2.4599030837498302e-05,8.668915057814253e-06,7.905424702803605e-06,3.931238007557107e-05,4.538885325211016e-07,3.212046291425144e-07,364.7800463671567,364.7800463671567,352.1943913633423,486.46504114173865,1.0055857758245874
s,0.006274442294295143,0.0003186507652312473,0.005654617140958371,0.006840466629128632,1.0513883951841556e-05,7.436800565966997e-06,918.5516322857521,918.5516322857521,921.8497315843969,1165.0005534277175,1.0019485670028023
gamma,0.045207959419087326,0.05226253804432874,1.4711250241433585e-06,0.12635764300899172,0.002082049585172316,0.0014729134156627598,630.0845880951955,630.0845880951955,806.895720852403,832.2266129572834,1.0010394610052373
zeta,1.846002703026894,2.084135191721277,0.0009178933323817481,6.068080293217431,0.11157907250316826,0.07896437105012016,348.88819897151166,348.88819897151166,412.2551083861877,432.76105636417,1.0047215782153007
