,mean,sd,hdi_3%,hdi_97%,mcse_mean,mcse_sd,ess_mean,ess_sd,ess_bulk,ess_tail,r_hat
b,1.0,0.0,1.0,1.0,0.0,0.0,10000.0,10000.0,10000.0,10000.0,
p_error,0.05000000447034836,3.725476371840841e-09,0.05000000074505806,0.05000000074505806,3.7254763718408414e-11,2.6343864464297942e-11,10000.0,10000.0,10000.0,10000.0,
v,8.726807239869902e-06,5.626941750537059e-06,1.0254542254387389e-07,1.848751648447124e-05,2.894616753588227e-07,2.0483850095128146e-07,377.88764767348687,377.88764767348687,367.60695309456895,614.3494610115346,1.0027143138023589
s,0.00603983684614366,0.00048410582516867636,0.005078433795429872,0.006884574288718707,1.714272802891412e-05,1.2126175342078106e-05,797.4817382221012,797.4817382221012,832.8775394275863,897.7702794609156,1.0008802421140437
gamma,0.23500521425956844,0.23536790929277285,6.98940533779068e-05,0.7322067019216265,0.011029175363687025,0.007803804814437442,455.41613704459115,455.41613704459115,493.1988445208616,1130.1182397346213,1.0032107876320582
zeta,4.041697939569397,2.881400153221134,0.0032804279079355924,8.96603722385067,0.09810487473953178,0.06939409076931964,862.6328144892187,862.6328144892187,845.4276020432566,1368.4021876532254,1.0014887426216925
