,mean,sd,hdi_3%,hdi_97%,mcse_mean,mcse_sd,ess_mean,ess_sd,ess_bulk,ess_tail,r_hat
b,1.0,0.0,1.0,1.0,0.0,0.0,10000.0,10000.0,10000.0,10000.0,
p_error,0.05000000447034836,3.725476371840841e-09,0.05000000074505806,0.05000000074505806,3.7254763718408414e-11,2.6343864464297942e-11,10000.0,10000.0,10000.0,10000.0,
v,7.016322821840111e-05,1.6726261236954044e-05,3.649291956815445e-05,0.00010099780522766263,1.0594676956150787e-06,7.500352165726934e-07,249.24262280119177,249.24262280119177,265.96810567714124,365.8929534711091,1.0026538747359668
s,0.006870363485563941,0.0004634269562305413,0.005996391693264275,0.007750368633729467,1.6999924747964294e-05,1.2025483143063437e-05,743.1364883150052,743.1364883150052,747.1445715123591,1115.8069622128571,1.0005525280193492
gamma,0.02835685273693239,0.03478895986909948,1.3209514782300886e-06,0.08570416776970274,0.0016426220761327653,0.0011622653163463517,448.5466092625979,448.5466092625979,550.8732550830636,620.0864974033607,1.0005882936192267
zeta,0.8057705642865243,1.1107534871320648,9.588984266494644e-05,2.480355334255942,0.06338659475795244,0.044863732486181813,307.0722195098354,307.0722195098354,436.910886426968,422.46085880080767,1.0019399800741284
