,mean,sd,hdi_3%,hdi_97%,mcse_mean,mcse_sd,ess_mean,ess_sd,ess_bulk,ess_tail,r_hat
b,1.0,0.0,1.0,1.0,0.0,0.0,10000.0,10000.0,10000.0,10000.0,
p_error,0.05000000447034836,3.725476371840841e-09,0.05000000074505806,0.05000000074505806,3.7254763718408414e-11,2.6343864464297942e-11,10000.0,10000.0,10000.0,10000.0,
v,0.00031019491303032834,6.66204189699516e-05,0.00018323254069361496,0.0004323404518528327,3.4718354904321077e-06,2.4569056665239586e-06,368.21073201570624,368.21073201570624,406.97085187542166,348.44761022003877,1.007954156218664
s,0.0246954120340763,0.0028838043071834976,0.019130376635233225,0.02974800297661393,7.919050429659203e-05,5.626909417195153e-05,1326.1277256499043,1313.8766604284895,1368.4700635298993,1711.180741543235,1.0022519105066117
gamma,0.03557558207403756,0.040423289936492045,1.602140542029371e-05,0.09854845811149927,0.0013070542797623394,0.000924508922541177,956.4803808192373,956.4803808192373,917.1901984080897,1236.4823755349055,1.0050632788614746
zeta,1.0943526937918258,1.4197547295723156,0.00011281900330861225,3.437810244623974,0.08187431344859726,0.059673392654872044,300.6985304624584,283.6152296493814,470.3368646487143,368.6813972901148,1.0082619911667199
