,mean,sd,hdi_3%,hdi_97%,mcse_mean,mcse_sd,ess_mean,ess_sd,ess_bulk,ess_tail,r_hat
b,1.0,0.0,1.0,1.0,0.0,0.0,10000.0,10000.0,10000.0,10000.0,
p_error,0.05000000447034836,3.725476371840841e-09,0.05000000074505806,0.05000000074505806,3.7254763718408414e-11,2.6343864464297942e-11,10000.0,10000.0,10000.0,10000.0,
v,0.0004846631649043051,0.00010827971278866561,0.000265230767463937,0.0006618599372903911,9.577576300583244e-06,6.7878836540468105e-06,127.81533105942624,127.81533105942624,139.9925682106074,133.54932698267953,1.0073410197786365
s,0.018046323579231062,0.0024040462698923814,0.013803163680220788,0.022359431608307903,6.989516855810295e-05,4.944035930064718e-05,1183.017941546309,1182.7873289986214,1204.0214005186856,1941.0690599710233,1.0005155564001729
gamma,0.012927456361596134,0.015170025105731861,4.302838601698796e-06,0.03787971694453284,0.0005524003043652775,0.00039075716477387097,754.1622341788127,754.1622341788127,916.3181254513556,1190.4482164598608,1.000753321609796
zeta,1.9443153825799626,2.0824725022843857,0.0005008235958850809,6.373992789050212,0.20124549083421583,0.14609304710678908,107.079475349469,102.1780026621918,146.44445731778902,155.19842353364282,1.0082945220426671
