,mean,sd,hdi_3%,hdi_97%,mcse_mean,mcse_sd,ess_mean,ess_sd,ess_bulk,ess_tail,r_hat
b,1.0,0.0,1.0,1.0,0.0,0.0,10000.0,10000.0,10000.0,10000.0,
p_error,0.05000000447034836,3.725476371840841e-09,0.05000000074505806,0.05000000074505806,3.7254763718408414e-11,2.6343864464297942e-11,10000.0,10000.0,10000.0,10000.0,
v,0.00027679955985709394,4.650096172358158e-05,0.0001847199124549419,0.00035548507860164614,1.8202974361486407e-06,1.287720373738573e-06,652.5881075645523,652.5881075645523,681.1074873178957,751.559343590022,1.0077892864681135
s,0.019405087096505246,0.0018983555841533177,0.015733920486020913,0.022746600688515615,5.348251950699092e-05,3.807008012839096e-05,1259.8864692544971,1243.8307360055046,1284.306786436559,1508.3998860754734,1.001656177159278
gamma,0.019621042660821104,0.02152367463174807,1.9696278588508673e-05,0.05610359981560126,0.0005716165950662888,0.0004042771481224283,1417.8267937278822,1417.8267937278822,1517.6617794664653,1629.5875613347052,1.0039366482804961
zeta,0.6202090075654488,0.7350097256375052,0.00018351721497070927,1.7840860400317906,0.027899204472458364,0.01973601273892177,694.0688150979009,694.0688150979009,824.293370697323,778.1023668358198,1.0050072603977982
