,mean,sd,hdi_3%,hdi_97%,mcse_mean,mcse_sd,ess_mean,ess_sd,ess_bulk,ess_tail,r_hat
b,1.0,0.0,1.0,1.0,0.0,0.0,10000.0,10000.0,10000.0,10000.0,
p_error,0.05000000447034836,3.725476371840841e-09,0.05000000074505806,0.05000000074505806,3.7254763718408414e-11,2.6343864464297942e-11,10000.0,10000.0,10000.0,10000.0,
v,0.000205811750954651,2.38296968573417e-05,0.00016250060110128327,0.00025319683349288633,8.413962379001767e-07,5.95173459465695e-07,802.1136436215425,802.1136436215425,833.3586800153431,1113.1649302608691,1.0004298641608174
s,0.010739166683039087,0.0008852809195224195,0.009222040571007265,0.01253534306394167,2.39970266228791e-05,1.6993078245657154e-05,1360.9662055478054,1357.6091378919195,1359.0064721342756,1544.6017329413296,1.002813217798382
gamma,0.004289668216419813,0.004177434604851077,3.5970106576513985e-06,0.012035220751388367,8.922286314765145e-05,6.30984877040931e-05,2192.1335500034907,2192.1335500034907,1914.0518415122858,2094.3884499128353,1.000300469924177
zeta,0.2786923008515223,0.30935610524116325,1.310017142436233e-05,0.8255500083821405,0.009962636912257737,0.007046780188466301,964.2036634291584,964.2036634291584,962.4378764863428,1426.4096271185654,1.0002109376302857
