,mean,sd,hdi_3%,hdi_97%,mcse_mean,mcse_sd,ess_mean,ess_sd,ess_bulk,ess_tail,r_hat
b,1.0,0.0,1.0,1.0,0.0,0.0,10000.0,10000.0,10000.0,10000.0,
p_error,0.05000000447034836,3.725476371840841e-09,0.05000000074505806,0.05000000074505806,3.7254763718408414e-11,2.6343864464297942e-11,10000.0,10000.0,10000.0,10000.0,
v,0.00022081162156491847,2.5002477191065558e-05,0.00017677087030949987,0.00026973990856266137,8.383020822428748e-07,5.929635559260965e-07,889.5389920923544,889.5389920923544,890.0375306061176,1162.3189725141167,1.0042314687211935
s,0.012846218036796711,0.0010039753555251675,0.010963933280043123,0.01464252159756944,2.7280839724164487e-05,1.949022359371131e-05,1354.3491407216407,1327.3131050048885,1374.6039548350166,1454.432406557802,1.0006669929526395
gamma,0.0027097328917035832,0.002767717514642863,6.257678769689493e-07,0.007595755085077654,6.289360020817057e-05,4.447919096359222e-05,1936.5584640572781,1936.5584640572781,1582.4076059317536,1724.411440220149,1.0027265571531057
zeta,0.2952359922449453,0.29647697132921125,2.8191507643939704e-05,0.8016983544724433,0.008670604916059229,0.006132573643234867,1169.184732465473,1169.184732465473,1203.1305467108841,1355.4615581398061,1.0032534921927572
