,mean,sd,hdi_3%,hdi_97%,mcse_mean,mcse_sd,ess_mean,ess_sd,ess_bulk,ess_tail,r_hat
b,1.0,0.0,1.0,1.0,0.0,0.0,10000.0,10000.0,10000.0,10000.0,
p_error,0.05000000447034836,3.725476371840841e-09,0.05000000074505806,0.05000000074505806,3.7254763718408414e-11,2.6343864464297942e-11,10000.0,10000.0,10000.0,10000.0,
v,0.0002216921127357943,2.5649727726130924e-05,0.00017642141494909988,0.00027254285066416267,8.239665553474856e-07,5.828077905434338e-07,969.050367441192,969.050367441192,966.8783531416102,1345.8749982067948,1.004498784173293
s,0.012823772617789763,0.0009703334742001082,0.011122941318399335,0.01478049363256155,2.5209813807901224e-05,1.790331139745194e-05,1481.5037369885124,1469.3246353266986,1497.7878242028826,1537.0139599587887,1.000247044957196
gamma,0.002729751061027794,0.002711886300825767,1.9896173103132835e-06,0.0075891130423131545,5.903891146690134e-05,4.1752586908834354e-05,2109.9213725833424,2109.9213725833424,1568.9106834096935,1446.7481901104434,1.0005782663682468
zeta,0.2944660851642553,0.31686057381249466,2.44693174425041e-05,0.8604584491694702,0.009382364690085647,0.006718889899689498,1140.543329818917,1112.6002045247133,1184.352173170864,1473.1381757028732,1.0023488687031537
