,mean,sd,hdi_3%,hdi_97%,mcse_mean,mcse_sd,ess_mean,ess_sd,ess_bulk,ess_tail,r_hat
b,1.0,0.0,1.0,1.0,0.0,0.0,10000.0,10000.0,10000.0,10000.0,
p_error,0.05000000447034836,3.725476371840841e-09,0.05000000074505806,0.05000000074505806,3.7254763718408414e-11,2.6343864464297942e-11,10000.0,10000.0,10000.0,10000.0,
v,0.00013236252125151178,3.375768534459232e-05,7.056193747276133e-05,0.00019522979167379667,1.5042833691312567e-06,1.0643056291299305e-06,503.6003385372833,503.6003385372833,517.7798785899096,628.6507623134318,1.001086478430407
s,0.014002384643978197,0.001120561956301373,0.012037113849724957,0.01608923626056592,3.9540113448915495e-05,2.812427622456494e-05,803.1486349591675,794.3247948570902,814.5202027235953,1182.6396788495103,1.0022867013928691
gamma,0.018108752132317475,0.022432462635050304,4.459194590126632e-06,0.05329975570340263,0.000731661373590606,0.0005175233307838372,940.0125459533564,940.0125459533564,1011.3354106418747,1232.7342867072691,1.0007698447687845
zeta,0.6122640582065471,0.8551866477778216,0.0002514539526221881,1.9100961002447803,0.035652125698615374,0.025222650172131753,575.3749695810259,575.3749695810259,729.551751256526,828.7159870437906,1.002119741489959
