,mean,sd,hdi_3%,hdi_97%,mcse_mean,mcse_sd,ess_mean,ess_sd,ess_bulk,ess_tail,r_hat
b,1.0,0.0,1.0,1.0,0.0,0.0,10000.0,10000.0,10000.0,10000.0,
p_error,0.05000000447034836,3.725476371840841e-09,0.05000000074505806,0.05000000074505806,3.7254763718408414e-11,2.6343864464297942e-11,10000.0,10000.0,10000.0,10000.0,
v,0.00012247359891639213,1.5824374843421293e-05,9.3138633010846e-05,0.00015283173571516577,6.808970270346084e-07,4.817271384232415e-07,540.1199860326939,540.1199860326939,580.1816519351979,496.6239154503836,1.0059129808558998
s,0.009131865811161556,0.0005343233576915696,0.008110592735942938,0.01008430821495083,1.6636010442106196e-05,1.1870779281011065e-05,1031.5967151400998,1013.6076682043112,1078.7500445484384,1284.9147462959909,1.0020565337476721
gamma,0.006293410476088625,0.006573110992688945,3.1263382178105475e-07,0.018291297135405386,0.00015441320564051452,0.00010920420413786127,1812.0620014683154,1812.0620014683154,1627.5802277076223,2378.083287620204,1.0020098576064778
zeta,0.5017127860694264,0.5747798363767761,8.202339632500665e-05,1.4970484395163541,0.02509247321224631,0.018589097385998957,524.7060967616987,478.61483154853244,700.9633564253688,506.5396797921092,1.003519851889563
