,mean,sd,hdi_3%,hdi_97%,mcse_mean,mcse_sd,ess_mean,ess_sd,ess_bulk,ess_tail,r_hat
b,1.0,0.0,1.0,1.0,0.0,0.0,10000.0,10000.0,10000.0,10000.0,
p_error,0.05000000447034836,3.725476371840841e-09,0.05000000074505806,0.05000000074505806,3.7254763718408414e-11,2.6343864464297942e-11,10000.0,10000.0,10000.0,10000.0,
v,0.00012037159587755648,1.6336475041556812e-05,9.110697459251614e-05,0.00015153822513516306,7.159967108752568e-07,5.065700542089633e-07,520.5885989122182,520.5885989122182,573.4735669686356,479.7375595631474,1.0034216418297204
s,0.009175336450988633,0.0005521194956271247,0.008174328483889149,0.010186676569783202,1.6364865457755e-05,1.1634116583283508e-05,1138.2595084082486,1126.663626946882,1175.0262063154169,1441.8179527810726,1.0017793958892716
gamma,0.006187958612094834,0.006437246631096732,4.083659933073027e-07,0.01769499675229527,0.00015362047971398605,0.00010864413147893733,1755.9092365554648,1755.9092365554648,1723.9387440935575,2317.515542214661,1.0009268660202946
zeta,0.5154788138329166,0.6295685245517081,3.880031241168814e-05,1.499440781942091,0.033125935394062375,0.024845862958169145,361.2016399186257,321.61508921812845,654.8714906821665,451.28969089526623,1.0019258435199137
