,mean,sd,hdi_3%,hdi_97%,mcse_mean,mcse_sd,ess_mean,ess_sd,ess_bulk,ess_tail,r_hat
b,1.0,0.0,1.0,1.0,0.0,0.0,10000.0,10000.0,10000.0,10000.0,
p_error,0.05000000447034836,3.725476371840841e-09,0.05000000074505806,0.05000000074505806,3.7254763718408414e-11,2.6343864464297942e-11,10000.0,10000.0,10000.0,10000.0,
v,0.00010365236811129697,1.646366924338917e-05,7.334029044779795e-05,0.00013353380397679356,7.612167724035309e-07,5.385975154996926e-07,467.7745259609436,467.7745259609436,521.7776531887456,483.7773521115088,1.011150641059701
s,0.007633769486930936,0.0005696296773108332,0.006549317480291879,0.008658434229375688,2.002485658280597e-05,1.4343399324547643e-05,809.1823225598703,789.1729691377162,836.3983616443753,1244.4905674773306,1.003186723790141
gamma,0.0051031830249781834,0.005523565333505874,9.455679242839365e-07,0.014729133432050612,0.000144077705544612,0.00010189854675729458,1469.75661392325,1469.75661392325,1435.700381356855,1778.4375794634461,1.0041843371624724
zeta,0.5954482094119088,0.7803409035504475,0.00033063131070978967,1.7955988499962319,0.03854801933526791,0.03044625609124224,409.7930683373213,329.0347174727479,742.5395501546095,476.6830914366211,1.003565713248962
