,mean,sd,hdi_3%,hdi_97%,mcse_mean,mcse_sd,ess_mean,ess_sd,ess_bulk,ess_tail,r_hat
b,1.0,0.0,1.0,1.0,0.0,0.0,10000.0,10000.0,10000.0,10000.0,
p_error,0.05000000447034836,3.725476371840841e-09,0.05000000074505806,0.05000000074505806,3.7254763718408414e-11,2.6343864464297942e-11,10000.0,10000.0,10000.0,10000.0,
v,6.803754884561219e-05,1.581053727380173e-05,3.670273705631415e-05,9.721746406395252e-05,1.0518702894937255e-06,7.447469401611465e-07,225.92738720817863,225.92738720817863,240.00577037729147,223.1093645118353,1.0216462220151699
s,0.008667763203960536,0.0006023160278122421,0.007625274223371516,0.009872093144817264,1.549215076657246e-05,1.0996084700298227e-05,1511.5600684867204,1500.761008403535,1523.1314076679105,1944.3803790619852,1.0013429756438557
gamma,0.00992716600269977,0.011204685905005342,3.5362403517614223e-07,0.028443469817046957,0.00034183645825433794,0.00024178052676701993,1074.3916220814033,1074.3916220814033,1264.380587750475,1788.1593058531607,1.0060803921119779
zeta,0.8904327727002065,1.2660409286600114,0.0002075069203470053,3.1020812557452815,0.09246786654906132,0.06548665600944076,187.4622462084961,187.4622462084961,314.72928351370194,261.41283103151426,1.0167293200684022
