,mean,sd,hdi_3%,hdi_97%,mcse_mean,mcse_sd,ess_mean,ess_sd,ess_bulk,ess_tail,r_hat
b,1.0,0.0,1.0,1.0,0.0,0.0,10000.0,10000.0,10000.0,10000.0,
p_error,0.05000000447034836,3.725476371840841e-09,0.05000000074505806,0.05000000074505806,3.7254763718408414e-11,2.6343864464297942e-11,10000.0,10000.0,10000.0,10000.0,
v,6.88743923304541e-05,1.56024049064168e-05,3.644501402700373e-05,9.662612970808446e-05,8.662369564253568e-07,6.130735506230523e-07,324.42153310855366,324.42153310855366,374.0272339209224,205.66536351590975,1.009012508198376
s,0.008634797807370908,0.000578944309992413,0.007575159812585026,0.009754782040613882,1.4702715869297969e-05,1.0422388758093154e-05,1550.523849528072,1543.381285334532,1557.1161420332435,1828.479248038436,1.0005203965535028
gamma,0.010053035271177659,0.011412728960060495,3.017705288370108e-07,0.02920861509067047,0.00037085771146994626,0.0002623168084672802,947.031399858221,947.031399858221,1258.3508730961112,1523.1360560579692,1.0022783773975756
zeta,0.8462658281789707,1.1928462756360523,0.00019612510295532895,2.6511577819614516,0.08747958359089411,0.061954700777955084,185.9326005686129,185.9326005686129,386.59925094984817,357.5724155819904,1.0086578781042264
