,mean,sd,hdi_3%,hdi_97%,mcse_mean,mcse_sd,ess_mean,ess_sd,ess_bulk,ess_tail,r_hat
b,1.0,0.0,1.0,1.0,0.0,0.0,10000.0,10000.0,10000.0,10000.0,
p_error,0.05000000447034836,3.725476371840841e-09,0.05000000074505806,0.05000000074505806,3.7254763718408414e-11,2.6343864464297942e-11,10000.0,10000.0,10000.0,10000.0,
v,0.00012814802048932686,2.6889788064144526e-05,6.8902846255117e-05,0.00017314574120725766,1.656334147988304e-06,1.172503664886054e-06,263.5596045792522,263.5596045792522,286.2387894359811,285.62583746072147,1.006765959562081
s,0.010616246829433166,0.0006971424573481125,0.009304320206121713,0.011918342537640434,2.3012962404384734e-05,1.627895019244063e-05,917.6942486596411,917.5642536372994,919.3514998090491,1196.6462670871745,1.0024142963052807
gamma,0.028275126203713124,0.032671968813751805,1.475243814551848e-05,0.07667705874007003,0.001421199909162853,0.001072082651081777,528.4942537062346,464.9533277482489,873.4691373200997,765.7153017578511,1.0061772182684294
zeta,0.9325358690635704,1.275556238370809,9.725260440094627e-05,3.089811573911134,0.07889568500460543,0.055850041501106146,261.39225761183434,261.39225761183434,406.4187101894911,290.25101279266494,1.0077255629684727
