,mean,sd,hdi_3%,hdi_97%,mcse_mean,mcse_sd,ess_mean,ess_sd,ess_bulk,ess_tail,r_hat
b,1.0,0.0,1.0,1.0,0.0,0.0,10000.0,10000.0,10000.0,10000.0,
p_error,0.05000000447034836,3.725476371840841e-09,0.05000000074505806,0.05000000074505806,3.7254763718408414e-11,2.6343864464297942e-11,10000.0,10000.0,10000.0,10000.0,
v,0.00012506636081314578,1.0546383784937893e-05,0.0001020052755298799,0.00014160166865962226,8.810283557927811e-07,6.242535855178053e-07,143.29379014108167,143.29379014108167,229.21607855137458,84.54464137078783,1.0083698334848348
s,0.007055060007512291,0.00045747485063638563,0.006255671266039402,0.007971283978712173,1.0324989817780903e-05,7.320209132566093e-06,1963.157682755097,1953.3820412401494,1954.3372604292322,1863.6666864022,1.0014265881336935
gamma,0.004275651147298613,0.004409810442279172,3.983307959376468e-06,0.012601824003007864,9.271813488466789e-05,6.55700770784092e-05,2262.093071028208,2262.093071028208,1901.6573578945186,2079.8670690238337,1.0006763858655738
zeta,0.5660007590700686,0.6058136105922942,0.0008950293781018225,1.6810582496081805,0.059849619420837503,0.049032793531829474,102.46021580616511,76.91018874416369,227.2356740426985,83.12590990710277,1.0085164054468068
