,mean,sd,hdi_3%,hdi_97%,mcse_mean,mcse_sd,ess_mean,ess_sd,ess_bulk,ess_tail,r_hat
b,1.0,0.0,1.0,1.0,0.0,0.0,10000.0,10000.0,10000.0,10000.0,
p_error,0.05000000447034836,3.725476371840841e-09,0.05000000074505806,0.05000000074505806,3.7254763718408414e-11,2.6343864464297942e-11,10000.0,10000.0,10000.0,10000.0,
v,0.00011326867648189985,1.2670688444591176e-05,8.914893596803874e-05,0.00013552661276855255,1.07549208625025e-06,7.620915543816291e-07,138.7988879157778,138.7988879157778,148.3256016260396,198.63180220153902,1.0235536972683548
s,0.0060428761324707505,0.0004298054459145226,0.005206726388164584,0.006839801410928893,9.751021810889048e-06,6.896049001394223e-06,1942.8692390040312,1942.8692390040312,1950.469610001611,1787.9691025297639,1.0017137657753223
gamma,0.0060852330463506904,0.006151156440784469,1.9304894621154905e-06,0.01739988071355624,0.00013903629044083397,9.832815770554574e-05,1957.2991198349978,1957.2991198349978,1718.462066417674,1800.609232857117,1.0012852621094954
zeta,0.964424977013309,0.8377146520006006,0.000596640104301247,2.4583593065697715,0.07340508342755414,0.052021918555398984,130.23866918852147,130.23866918852147,140.75821539053555,199.64519629796757,1.0216180816979816
