,mean,sd,hdi_3%,hdi_97%,mcse_mean,mcse_sd,ess_mean,ess_sd,ess_bulk,ess_tail,r_hat
b,1.0,0.0,1.0,1.0,0.0,0.0,10000.0,10000.0,10000.0,10000.0,
p_error,0.05000000447034836,3.725476371840841e-09,0.05000000074505806,0.05000000074505806,3.7254763718408414e-11,2.6343864464297942e-11,10000.0,10000.0,10000.0,10000.0,
v,5.159662494071049e-05,2.3536653723702825e-05,1.1634442567598775e-05,9.3777483379397e-05,1.3718136757487736e-06,9.70981476841749e-07,294.37381740067843,294.37381740067843,294.18611689023703,553.034391032744,1.0072834347790178
s,0.012685979223587761,0.0009286579901534807,0.010987858773694145,0.014466960598006557,3.6518526890081056e-05,2.6045518432037902e-05,646.673551264721,636.2297869205528,661.3883535882039,1077.0065134946128,1.0065801420564744
gamma,0.08090700700040922,0.11568835417541154,1.6470371266353862e-05,0.2634063490349255,0.004943194111194763,0.0034972290638377894,547.7267551563493,547.7267551563493,658.6991425048681,854.3036467347664,1.0007439377743355
zeta,2.647571776532681,2.575509999721088,0.00030992725367775837,7.9424123129515785,0.12895381178157914,0.09125087064354737,398.8945591472506,398.8945591472506,427.6583216823482,1217.7959456928888,1.0055523874382677
