,mean,sd,hdi_3%,hdi_97%,mcse_mean,mcse_sd,ess_mean,ess_sd,ess_bulk,ess_tail,r_hat
b,1.0,0.0,1.0,1.0,0.0,0.0,10000.0,10000.0,10000.0,10000.0,
p_error,0.05000000447034836,3.725476371840841e-09,0.05000000074505806,0.05000000074505806,3.7254763718408414e-11,2.6343864464297942e-11,10000.0,10000.0,10000.0,10000.0,
v,5.122481639692471e-05,2.4375212254997073e-05,3.587679457174957e-06,9.229437507934315e-05,1.3273829759421962e-06,9.394145296350563e-07,337.21301289831075,337.21301289831075,320.59702432470834,338.32511458671723,1.002354669859294
s,0.012736946668266575,0.0009572888284744742,0.01106415044409507,0.014719245437640027,4.1777576966948986e-05,3.0096700716785754e-05,525.0485766765674,506.4292696510768,561.5585562792538,559.3213207105014,1.0077626430157123
gamma,0.08837535366457269,0.1258917696890809,2.3269543272401065e-05,0.29257548535708366,0.006146162222958985,0.004349017837887055,419.5528149389242,419.5528149389242,583.8702515196067,586.0396457321979,1.0019002110734674
zeta,2.708010800909543,2.561945109811143,0.00246958032295865,7.877204618213077,0.11275155509903656,0.07977247275434549,516.2910069605678,516.2910069605678,528.7325079144886,990.534503018904,1.0021005823387101
