,mean,sd,hdi_3%,hdi_97%,mcse_mean,mcse_sd,ess_mean,ess_sd,ess_bulk,ess_tail,r_hat
b,1.0,0.0,1.0,1.0,0.0,0.0,10000.0,10000.0,10000.0,10000.0,
p_error,0.05000000447034836,3.725476371840841e-09,0.05000000074505806,0.05000000074505806,3.7254763718408414e-11,2.6343864464297942e-11,10000.0,10000.0,10000.0,10000.0,
v,4.482467927754455e-06,4.477013518795464e-06,1.0048646636026668e-07,1.2321359491094776e-05,1.5230787992177614e-07,1.0773431048036148e-07,864.0364536353803,864.0364536353803,852.7150913409598,1126.995178224446,1.0006728722028337
s,0.011274187797786465,0.0006262880732441273,0.010087344740301792,0.012464454164924046,1.775206719993492e-05,1.2555549781427817e-05,1244.659092458164,1244.659092458164,1246.489229918534,1562.5159990744376,1.0006070105718852
gamma,0.35408728859874006,0.2787496122968228,3.256142828482814e-05,0.8819373997176639,0.007798443235204273,0.005515591414089116,1277.6523952306102,1277.6523952306102,1217.8970685259817,1521.4148610900043,1.0027257192952481
zeta,4.366203643649013,2.9219788284364046,0.003202851401818786,9.135112933009871,0.0667961274800626,0.04723919556573572,1913.601752195017,1913.601752195017,1870.9949315652625,2311.171236776168,1.0023532137240938
