,mean,sd,hdi_3%,hdi_97%,mcse_mean,mcse_sd,ess_mean,ess_sd,ess_bulk,ess_tail,r_hat
b,1.0,0.0,1.0,1.0,0.0,0.0,10000.0,10000.0,10000.0,10000.0,
p_error,0.05000000447034836,3.725476371840841e-09,0.05000000074505806,0.05000000074505806,3.7254763718408414e-11,2.6343864464297942e-11,10000.0,10000.0,10000.0,10000.0,
v,4.413559382714552e-06,4.13294920223596e-06,1.0434077009337491e-07,1.1939212934389358e-05,1.3037645474814943e-07,9.221684622624394e-08,1004.8975795885798,1004.8975795885798,1001.6034954634117,1323.3903494309318,1.000903911705621
s,0.011283252168828665,0.0006267647430255655,0.010074215451972856,0.012392499088752612,1.6539414839482263e-05,1.169750853636891e-05,1436.0476026732563,1436.0476026732563,1436.6739276963833,1603.360167697503,1.0017392010172985
gamma,0.35481249766190204,0.2785727724244725,1.895912940467904e-05,0.8787027112668827,0.0077248087317704035,0.005463490166694554,1300.4745658459242,1300.4745658459242,1281.745363979765,1689.4788411320542,1.0011794387042794
zeta,4.550960206017261,2.9210162894845797,0.003966267653986565,9.256436178248942,0.06556241042445465,0.046366438603338764,1984.9891325463632,1984.9891325463632,1951.1285903109933,2109.0117664739246,1.0013077816650595
