,mean,sd,hdi_3%,hdi_97%,mcse_mean,mcse_sd,ess_mean,ess_sd,ess_bulk,ess_tail,r_hat
b,1.0,0.0,1.0,1.0,0.0,0.0,10000.0,10000.0,10000.0,10000.0,
p_error,0.05000000447034836,3.725476371840841e-09,0.05000000074505806,0.05000000074505806,3.7254763718408414e-11,2.6343864464297942e-11,10000.0,10000.0,10000.0,10000.0,
v,5.3987265288767126e-05,2.435826710893677e-05,1.2328938962294667e-05,9.942456947396886e-05,1.3647686924001068e-06,9.65922179360052e-07,318.54784732695424,318.54784732695424,312.02538462618105,654.7776873883832,1.0047530481302511
s,0.015397455057119118,0.0010766655283018223,0.013270025043653664,0.01732357778368266,3.875147204783387e-05,2.7455927392255255e-05,771.9429541206607,769.4648330959943,776.6754946175955,1151.0798596716909,1.001716278069553
gamma,0.1164668379127387,0.14289287498003297,4.517520039548502e-05,0.3680886257716257,0.006087237196951998,0.004306607060011203,551.0369208703543,551.0369208703543,622.2095737355869,760.0637493665968,1.00194944510243
zeta,2.850442023758913,2.6365787534826746,0.00040659704489063263,8.32881953501551,0.1467157460095041,0.10383753925667583,322.94461233493735,322.94461233493735,370.93278468500705,1146.3115167021426,1.007561794066687
