,mean,sd,hdi_3%,hdi_97%,mcse_mean,mcse_sd,ess_mean,ess_sd,ess_bulk,ess_tail,r_hat
b,1.0,0.0,1.0,1.0,0.0,0.0,10000.0,10000.0,10000.0,10000.0,
p_error,0.05000000447034836,3.725476371840841e-09,0.05000000074505806,0.05000000074505806,3.7254763718408414e-11,2.6343864464297942e-11,10000.0,10000.0,10000.0,10000.0,
v,5.670171341753929e-05,2.3966597629933324e-05,1.2664584903853747e-05,9.810183320278093e-05,1.3959723703649064e-06,9.880799435131606e-07,294.75360403203626,294.75360403203626,291.7108009816116,594.2598148730038,1.0100077006172496
s,0.015402047438559649,0.0010729570284339096,0.013458951359534406,0.017483733592447377,4.021811573191284e-05,2.859526494953786e-05,711.7397458592432,704.5408377323413,718.4864702868019,1171.880084325737,1.0052301921063092
gamma,0.10564695530925512,0.13407692070852162,4.576963374509448e-05,0.33732489879748107,0.0057433065163283135,0.004063306418924867,544.984391905401,544.984391905401,628.9626466440659,859.926166956285,1.0034590751664065
zeta,2.64438622872116,2.541948738062543,4.6119832252764985e-05,7.959486001461773,0.12799086436140528,0.09057021553601939,394.43517021559194,394.43517021559194,450.27694670199963,1035.5797325777858,1.0059182498919292
