,Unnamed: 0,mean,sd,hdi_3%,hdi_97%,mcse_mean,mcse_sd,ess_mean,ess_sd,ess_bulk,ess_tail,r_hat
0,b,1.0,0.0,1.0,1.0,0.0,0.0,10000.0,10000.0,10000.0,10000.0,
1,p_error,0.050000004470348365,3.725476371840841e-09,0.05000000074505806,0.05000000074505806,3.7254763718408414e-11,2.6343864464297942e-11,10000.0,10000.0,10000.0,10000.0,
2,v,0.00028442684572388605,5.072147333347597e-05,0.00018376628143345006,0.0003720487221267096,1.8091693279210132e-06,1.2797509075637941e-06,786.0049624750592,786.0049624750592,821.8055830654387,755.7046654173137,1.0058152403168832
3,s,0.02019096809541573,0.0021362655616928693,0.016367013474868373,0.02422985667790097,5.8905940341076414e-05,4.271222330434613e-05,1315.2014903255013,1251.349531520739,1345.5224930334825,2157.0685167562106,1.0013307791444708
4,gamma,0.009871328307507223,0.010603733816825427,5.634501782529406e-06,0.02791852494802988,0.00025283748152627323,0.00017881275294717199,1758.8739748516455,1758.8739748516455,1664.2334695250288,2129.1563928042033,1.0018932262912503
5,zeta,0.7159246321826176,0.9824905451690228,3.989519604851833e-05,2.3245393436086177,0.035129460460862384,0.025086825761329392,782.1927748481761,767.4773731057907,1065.4041629030287,962.852205832348,1.003256071134632
