,Unnamed: 0,mean,sd,hdi_3%,hdi_97%,mcse_mean,mcse_sd,ess_mean,ess_sd,ess_bulk,ess_tail,r_hat
0,b,1.0,0.0,1.0,1.0,0.0,0.0,10000.0,10000.0,10000.0,10000.0,
1,p_error,0.050000004470348365,3.725476371840841e-09,0.05000000074505806,0.05000000074505806,3.7254763718408414e-11,2.6343864464297942e-11,10000.0,10000.0,10000.0,10000.0,
2,v,0.0003342759582316723,1.3155159152451785e-05,0.00031026843692103634,0.0003591291737837891,3.769307724604836e-07,2.665941524204435e-07,1218.0609608508164,1218.0609608508164,1238.3834780608686,1225.0897664754436,1.000768540543022
3,s,0.008588340982268867,0.0005804462248741802,0.0075125350930346545,0.009712267561968043,1.330183363647348e-05,9.419057360604379e-06,1904.1491277548623,1899.382825972063,1898.887612165187,2026.1657374658453,1.00060444190161
4,gamma,0.0016797039763037955,0.0017138966161616724,2.9908521286314543e-07,0.0047834068684990075,3.4668604266593435e-05,2.451733134249928e-05,2443.9736962688853,2443.9736962688853,1964.7515259735073,2027.5523570789762,1.0022113410078604
5,zeta,0.11545405143853345,0.11887962983031745,7.056319947862701e-05,0.32535988547359873,0.0035641245461596658,0.002619013699726164,1112.5233750392883,1030.754443420944,1222.2518352386999,1553.713425446887,1.0006257137622658
