,Unnamed: 0,mean,sd,hdi_3%,hdi_97%,mcse_mean,mcse_sd,ess_mean,ess_sd,ess_bulk,ess_tail,r_hat
0,b,1.0,0.0,1.0,1.0,0.0,0.0,10000.0,10000.0,10000.0,10000.0,
1,p_error,0.050000004470348365,3.725476371840841e-09,0.05000000074505806,0.05000000074505806,3.7254763718408414e-11,2.6343864464297942e-11,10000.0,10000.0,10000.0,10000.0,
2,v,0.0001870840279637228,3.1346890710746426e-05,0.0001288853900979599,0.00023682310819462865,1.0974272113402675e-06,7.762757944009377e-07,815.9010468588682,815.9010468588682,850.5035996545993,1464.401658021957,1.0011168993969422
3,s,0.007367927998116601,0.0006863955445339116,0.006004253938727126,0.008520191550883207,2.1785286633847824e-05,1.540905215772075e-05,992.7099040454776,992.7099040454776,1010.8654261356844,1675.5520346414362,1.0008923830205358
4,gamma,0.0025423048828162567,0.0028948713446393113,6.444503893144282e-07,0.007511205752913845,6.823378430477619e-05,4.8256392027610136e-05,1799.9465886972785,1799.9465886972785,1480.4776097064293,1739.947769791621,1.0008286270106594
5,zeta,0.11183885444835287,0.1256629581393076,1.0605291744193127e-05,0.3258581103664372,0.0032683357989215338,0.0023115185307636906,1478.2953675951812,1478.2953675951812,1218.3125312925947,1556.9076266155332,1.0014974529939178
