,Unnamed: 0,mean,sd,hdi_3%,hdi_97%,mcse_mean,mcse_sd,ess_mean,ess_sd,ess_bulk,ess_tail,r_hat
0,b,1.0,0.0,1.0,1.0,0.0,0.0,10000.0,10000.0,10000.0,10000.0,
1,p_error,0.050000004470348365,3.725476371840841e-09,0.05000000074505806,0.05000000074505806,3.7254763718408414e-11,2.6343864464297942e-11,10000.0,10000.0,10000.0,10000.0,
2,v,0.0002260809248479046,4.261696860548826e-05,0.0001449463371748415,0.00031102306916488097,1.7746736713710712e-06,1.2618439637809223e-06,576.6709798212837,570.9102265636557,580.5825261118133,771.2187961369954,1.001630732806484
3,s,0.014299193980138337,0.00206861933701895,0.010839460940817091,0.018647307781782068,7.626523943525891e-05,5.394906158503764e-05,735.7120749140722,735.7120749140722,687.7767643043993,835.633172341007,1.0031494577413982
4,gamma,0.010922107108482815,0.012550459075813208,6.0275595142109705e-06,0.030937019237556783,0.0003323081579422703,0.0002350254166870816,1426.3864931163696,1426.3864931163696,1302.4867602597674,1483.7500060065915,1.000456327220034
5,zeta,0.2772369536152921,0.3767171515468776,8.912127838009906e-05,0.8082781643271473,0.011468434056403538,0.00811160056604081,1079.0027307872424,1079.0027307872424,1150.9232032360742,1274.8626996076566,1.000484313557581
