,Unnamed: 0,mean,sd,hdi_3%,hdi_97%,mcse_mean,mcse_sd,ess_mean,ess_sd,ess_bulk,ess_tail,r_hat
0,b,1.0,0.0,1.0,1.0,0.0,0.0,10000.0,10000.0,10000.0,10000.0,
1,p_error,0.050000004470348365,3.725476371840841e-09,0.05000000074505806,0.05000000074505806,3.7254763718408414e-11,2.6343864464297942e-11,10000.0,10000.0,10000.0,10000.0,
2,v,0.00027159314975516344,3.1331721788129166e-05,0.00021504618094796165,0.0003251126161742938,1.8021610773615368e-06,1.275552001907277e-06,302.2604410703504,302.2604410703504,427.11981410995,293.2996262766472,1.0040534401287868
3,s,0.009798224424870428,0.0011010507025314207,0.007896231957388276,0.01194399997684983,2.9701930329236177e-05,2.1006895665748042e-05,1374.1852625051758,1374.1852625051758,1392.9653415628643,1679.0867331483826,1.0033063350595113
4,gamma,0.0026114534835223967,0.0028235047488093267,3.2195105597119074e-08,0.007435816072320874,6.52763276961997e-05,4.616453138868194e-05,1870.9648009919126,1870.9648009919126,1711.2387595416628,1931.5331871026735,1.002819939628778
5,zeta,0.5746576432525451,0.8310721637011201,8.352701269318139e-05,1.6097686739401218,0.06001518877095707,0.045523502325467334,191.7587187581593,167.22234675059832,414.0909601415351,320.6719954159239,1.001765655762133
