,Unnamed: 0,mean,sd,hdi_3%,hdi_97%,mcse_mean,mcse_sd,ess_mean,ess_sd,ess_bulk,ess_tail,r_hat
0,b,1.0,0.0,1.0,1.0,0.0,0.0,10000.0,10000.0,10000.0,10000.0,
1,p_error,0.050000004470348365,3.725476371840841e-09,0.05000000074505806,0.05000000074505806,3.7254763718408414e-11,2.6343864464297942e-11,10000.0,10000.0,10000.0,10000.0,
2,v,2.7621957776889363e-05,7.231075943595177e-06,1.2847965731818739e-05,3.9853169972193844e-05,6.667117284788202e-07,4.7261025618871536e-07,117.63313060604936,117.63313060604936,127.27829741014105,133.209754458787,1.0164644505758236
3,s,0.004599518181158735,0.0003726613617003517,0.0039537368366075664,0.00530509949417315,1.5913696532837194e-05,1.1258673054005944e-05,548.3862905788175,548.3862905788175,549.608427897261,1089.1300610168132,1.0014587620230433
4,gamma,0.20704931615471728,0.1213645951089012,0.03573892664320298,0.4321880504495483,0.011991590139797087,0.008591102428656886,102.43077768022556,100.3666067583405,130.75088075314255,165.9551791070888,1.0184856367680193
5,zeta,0.9721465217612923,1.3417804751087186,0.00010245964312894252,3.3052926270720615,0.11558682535852577,0.08190978587367748,134.75542692399387,134.75542692399387,203.9108258564819,187.03235296379813,1.0116459666154372
