,Unnamed: 0,mean,sd,hdi_3%,hdi_97%,mcse_mean,mcse_sd,ess_mean,ess_sd,ess_bulk,ess_tail,r_hat
0,b,1.0,0.0,1.0,1.0,0.0,0.0,10000.0,10000.0,10000.0,10000.0,
1,p_error,0.050000004470348365,3.725476371840841e-09,0.05000000074505806,0.05000000074505806,3.7254763718408414e-11,2.6343864464297942e-11,10000.0,10000.0,10000.0,10000.0,
2,v,2.680034444815487e-05,7.95693992207334e-06,1.2681065016442262e-05,4.241068792756805e-05,7.083638084698556e-07,5.02051275605689e-07,126.17677691610622,126.17677691610622,126.34541508328094,237.86348741209244,1.0105979975938368
3,s,0.004827940158149171,0.00041114290493321834,0.004063960923028451,0.005597379175216172,2.083262595315521e-05,1.4750587059376856e-05,389.49112629801596,389.03509384180114,391.9515838281627,912.0901531269052,1.004182553386045
4,gamma,0.2873656149159744,0.15575856697089618,0.057223294525017135,0.5989026600936793,0.014197929383667656,0.010063883172168513,120.35215253814293,120.35215253814293,126.8283733048926,260.89456596402346,1.0118502056382193
5,zeta,1.0110085037617589,1.2365518068662749,0.00016797875527609562,3.1779353612467527,0.08981578821745577,0.06360733486485275,189.54802410331348,189.54802410331348,243.74035573932355,302.0292206062502,1.0026744687525164
