,Unnamed: 0,mean,sd,hdi_3%,hdi_97%,mcse_mean,mcse_sd,ess_mean,ess_sd,ess_bulk,ess_tail,r_hat
0,b,1.0,0.0,1.0,1.0,0.0,0.0,10000.0,10000.0,10000.0,10000.0,
1,p_error,0.050000004470348365,3.725476371840841e-09,0.05000000074505806,0.05000000074505806,3.7254763718408414e-11,2.6343864464297942e-11,10000.0,10000.0,10000.0,10000.0,
2,v,0.000205811750954651,2.38296968573417e-05,0.00016250060110128327,0.0002531968334928864,8.413962379001768e-07,5.95173459465695e-07,802.1136436215426,802.1136436215426,833.3586800153432,1113.1649302608694,1.0004298641608174
3,s,0.010739166683039087,0.0008852809195224195,0.009222040571007265,0.01253534306394167,2.39970266228791e-05,1.6993078245657158e-05,1360.9662055478054,1357.6091378919195,1359.0064721342756,1544.6017329413296,1.002813217798382
4,gamma,0.0042896682164198134,0.004177434604851077,3.5970106576513985e-06,0.01203522075138837,8.922286314765145e-05,6.30984877040931e-05,2192.1335500034907,2192.1335500034907,1914.0518415122854,2094.3884499128353,1.0003004699241769
5,zeta,0.2786923008515223,0.30935610524116325,1.310017142436233e-05,0.8255500083821405,0.009962636912257737,0.0070467801884663015,964.2036634291583,964.2036634291583,962.4378764863428,1426.4096271185654,1.0002109376302857
