,Unnamed: 0,mean,sd,hdi_3%,hdi_97%,mcse_mean,mcse_sd,ess_mean,ess_sd,ess_bulk,ess_tail,r_hat
0,b,1.0,0.0,1.0,1.0,0.0,0.0,10000.0,10000.0,10000.0,10000.0,
1,p_error,0.050000004470348365,3.725476371840841e-09,0.05000000074505806,0.05000000074505806,3.7254763718408414e-11,2.6343864464297942e-11,10000.0,10000.0,10000.0,10000.0,
2,v,0.00020549627552543672,1.8241389927006987e-05,0.0001703824842866959,0.00023760125442999502,5.91914987644061e-07,4.1867570769036704e-07,949.7234913470392,949.7234913470392,973.2086860219074,1295.1572605886265,1.0017496275124538
3,s,0.01052996220244572,0.0007925194404035308,0.009081966337266007,0.012018591675397284,2.3421444942467888e-05,1.6604017778022573e-05,1144.965707126845,1139.6876167270975,1158.7605228247487,1733.0466547164385,1.003745308405709
4,gamma,0.007503295483596944,0.007347784479389552,3.2372923872142484e-06,0.021268540420703017,0.00016121903038516494,0.00011401508039291743,2077.2090641041323,2077.2090641041323,1831.5572631090495,1883.7165272107488,1.0009932596427458
5,zeta,0.17118439560762105,0.18421477571262804,1.912146240825312e-05,0.4987740068592721,0.005192837772405422,0.003672742153723085,1258.4599909202345,1258.4599909202345,1368.8857134948328,1458.6048542298379,1.0015208842323575
