,Unnamed: 0,mean,sd,hdi_3%,hdi_97%,mcse_mean,mcse_sd,ess_mean,ess_sd,ess_bulk,ess_tail,r_hat
0,b,1.0,0.0,1.0,1.0,0.0,0.0,10000.0,10000.0,10000.0,10000.0,
1,p_error,0.050000004470348365,3.725476371840841e-09,0.05000000074505806,0.05000000074505806,3.7254763718408414e-11,2.6343864464297942e-11,10000.0,10000.0,10000.0,10000.0,
2,v,0.0001647726078259806,3.4366744731446416e-05,0.00010507985659115691,0.0002298875158725396,1.7769313268865028e-06,1.2574612260474643e-06,374.0550361137621,374.0550361137621,369.0099640654074,643.8366589840114,1.0088790748418328
3,s,0.00748826942496781,0.0006322598106440116,0.006306913251931274,0.0086706476255198,2.7689708224911437e-05,1.959054397628768e-05,521.3800326250042,521.3800326250042,521.0675481078954,817.4531319592438,1.0045793622463255
4,gamma,0.01487592074308786,0.018122814377226997,7.83158443032144e-06,0.045230137858174486,0.0007975546049217385,0.0005642751442519124,516.3336514536801,516.3336514536801,610.0697340376695,737.8521285387477,1.0029891112778029
5,zeta,0.3020316578741428,0.3237015316813601,0.00016823818505989408,0.8547552479399066,0.0099624475597267,0.007046461312012649,1055.7410588295545,1055.7410588295545,1064.750457094525,1602.223057727157,1.001993981430462
