,Unnamed: 0,mean,sd,hdi_3%,hdi_97%,mcse_mean,mcse_sd,ess_mean,ess_sd,ess_bulk,ess_tail,r_hat
0,b,1.0,0.0,1.0,1.0,0.0,0.0,10000.0,10000.0,10000.0,10000.0,
1,p_error,0.050000004470348365,3.725476371840841e-09,0.05000000074505806,0.05000000074505806,3.7254763718408414e-11,2.6343864464297942e-11,10000.0,10000.0,10000.0,10000.0,
2,v,0.00013023303269449078,1.1617848352219627e-05,0.00010860561967097306,0.00014891587302999376,8.804962665552676e-07,6.236509136508364e-07,174.0990370431963,174.0990370431963,261.8413473987503,190.3981038074249,1.009572397383363
3,s,0.005624140737576488,0.00031434899263781704,0.0050198597263818815,0.0062024950754900115,7.647091342172222e-06,5.422980050124189e-06,1689.7855439867685,1680.617607964775,1706.5481537449054,1980.8485160541454,1.0019088146618067
4,gamma,0.00602055659752482,0.005814475180142671,3.6981872477826835e-06,0.016152339152814447,0.00016426904373073126,0.00011618280619629705,1252.8803102652644,1252.8803102652644,1302.2677411823308,1232.1252429187784,1.002384918239441
5,zeta,0.4476392500487302,0.6903566411665556,0.0002152097234135488,1.348152846581512,0.06120023892532665,0.04571047769253763,127.24501548115612,114.63106654783769,268.87522611796294,195.94414587361786,1.010894134351873
