,Unnamed: 0,mean,sd,hdi_3%,hdi_97%,mcse_mean,mcse_sd,ess_mean,ess_sd,ess_bulk,ess_tail,r_hat
0,b,1.0,0.0,1.0,1.0,0.0,0.0,10000.0,10000.0,10000.0,10000.0,
1,p_error,0.050000004470348365,3.725476371840841e-09,0.05000000074505806,0.05000000074505806,3.7254763718408414e-11,2.6343864464297942e-11,10000.0,10000.0,10000.0,10000.0,
2,v,0.00013529044350930192,1.75658879913577e-05,0.00010083102584665164,0.00016807031906355678,7.08407974273942e-07,5.011578941239127e-07,614.8558873615461,614.8558873615461,651.101550329833,960.8276599545508,1.0056087876557822
3,s,0.0074557061311561375,0.0004695316383697535,0.0066004536794854385,0.008326485989061624,1.6007452592382196e-05,1.1370951304517502e-05,860.3700314675862,853.1064202548696,868.4245616913374,1213.8473959003563,1.0071255948589868
4,gamma,0.007827413946097992,0.0080933424004924,1.3328204308067202e-05,0.02244779216379176,0.00020841821994947582,0.00014740245117351837,1507.941396358937,1507.941396358937,1456.3290063614636,1536.3261843129224,1.0012345650801886
5,zeta,0.17762698778965072,0.19302535222803904,1.3513706540792829e-05,0.5199821135451639,0.005336435458636489,0.003774271214991849,1308.3567663800952,1308.3567663800952,1217.6220134514358,1285.560496769654,1.0009470926343884
