,Unnamed: 0,mean,sd,hdi_3%,hdi_97%,mcse_mean,mcse_sd,ess_mean,ess_sd,ess_bulk,ess_tail,r_hat
0,b,1.0,0.0,1.0,1.0,0.0,0.0,10000.0,10000.0,10000.0,10000.0,
1,p_error,0.050000004470348365,3.725476371840841e-09,0.05000000074505806,0.05000000074505806,3.7254763718408414e-11,2.6343864464297942e-11,10000.0,10000.0,10000.0,10000.0,
2,v,0.00018336242627911453,0.00011254093452919543,1.2929929702148178e-07,0.00037685394384923154,5.119151059873231e-06,3.621973140129029e-06,483.30929088771364,483.30929088771364,470.2173721501307,880.8564528359381,1.001699322874663
3,s,0.044045138356835684,0.0037948461336126953,0.03757050058646503,0.04999816177028875,0.00011040490540377449,7.891937688145284e-05,1181.4398167041472,1156.6717868481135,1133.426414962605,1735.6422357144477,1.0022574214706297
4,gamma,0.0897764601798573,0.1374481828461877,4.062410642835105e-05,0.32741948514174085,0.004994187843213786,0.00353278482538954,757.4400393263268,757.4400393263268,832.4345876698667,1032.4024962873327,1.0020118215731757
5,zeta,3.5753342353607853,2.8354647697164297,7.565158736511428e-05,8.710833386415421,0.10584542011782366,0.07487445402958601,717.6362516375303,717.6362516375303,730.2139629205319,1756.105560310674,1.0014990213082315
