,Unnamed: 0,mean,sd,hdi_3%,hdi_97%,mcse_mean,mcse_sd,ess_mean,ess_sd,ess_bulk,ess_tail,r_hat
0,b,1.0,0.0,1.0,1.0,0.0,0.0,10000.0,10000.0,10000.0,10000.0,
1,p_error,0.050000004470348365,3.725476371840841e-09,0.05000000074505806,0.05000000074505806,3.7254763718408414e-11,2.6343864464297942e-11,10000.0,10000.0,10000.0,10000.0,
2,v,0.0001889487864376193,1.7244849767324787e-05,0.0001543019648594146,0.00021819768780687135,5.642493987600007e-07,3.991092276239658e-07,934.0639707519136,934.0639707519136,948.3435735733248,1172.5720201507595,1.00332411487289
3,s,0.0089346156961541,0.0005291431291771892,0.00802664690283606,0.009992804703876037,1.4197150612529904e-05,1.0074907409290787e-05,1389.1333672219268,1379.8054338631428,1389.9463274499535,1720.7268788373367,1.0013608610666482
4,gamma,0.00596253041099279,0.006256996036969186,3.958961787651921e-06,0.017219322667578925,0.00013977259000935894,0.00010282025885073896,2003.953935324033,1852.1714414499734,1857.483709280092,1999.088060100047,1.0005204798822502
5,zeta,0.21467449591005056,0.23669408423536195,7.847567803511651e-06,0.6367040067669922,0.007177469503514847,0.005076599146318691,1087.5070860738558,1087.5070860738558,988.1622573703473,1360.726028375843,1.0003838332890271
