,Unnamed: 0,mean,sd,hdi_3%,hdi_97%,mcse_mean,mcse_sd,ess_mean,ess_sd,ess_bulk,ess_tail,r_hat
0,b,1.0,0.0,1.0,1.0,0.0,0.0,10000.0,10000.0,10000.0,10000.0,
1,p_error,0.050000004470348365,3.725476371840841e-09,0.05000000074505806,0.05000000074505806,3.7254763718408414e-11,2.6343864464297942e-11,10000.0,10000.0,10000.0,10000.0,
2,v,0.0001272093358051216,1.1161714128961957e-05,0.00010493739035781896,0.00014578804889574487,8.234755294427167e-07,5.832120445937246e-07,183.72167418559917,183.72167418559917,219.81142990109885,167.79722666253062,1.0041919539986617
3,s,0.007641405858328059,0.0005039514689907684,0.006731967563124643,0.008568120795181426,1.2429585063025278e-05,8.790603780821593e-06,1643.8575071265152,1643.8575071265152,1647.0255093577634,1680.5495444600324,1.0008869530649585
4,gamma,0.00458471207646255,0.00444808540971213,2.2658476182944127e-06,0.012902025128863286,0.00010979972320206518,7.765393145017553e-05,1641.1328734762942,1641.1328734762942,1565.9511372787222,1980.9475405082705,1.0011856491697155
5,zeta,0.5869549540259903,0.591415339537883,0.0004906419283493142,1.6456472663363564,0.047675010088850084,0.03460346660769264,153.88758422610218,146.63841178020118,205.6351699514377,181.03028288057774,1.0048128276305512
