,Unnamed: 0,mean,sd,hdi_3%,hdi_97%,mcse_mean,mcse_sd,ess_mean,ess_sd,ess_bulk,ess_tail,r_hat
0,b,1.0,0.0,1.0,1.0,0.0,0.0,10000.0,10000.0,10000.0,10000.0,
1,p_error,0.050000004470348365,3.725476371840841e-09,0.05000000074505806,0.05000000074505806,3.7254763718408414e-11,2.6343864464297942e-11,10000.0,10000.0,10000.0,10000.0,
2,v,0.00047555894638032665,0.00011065535040178076,0.0002619665153782934,0.000662644280338607,8.86584062678094e-06,6.280871423680837e-06,155.77759523706519,155.77759523706519,170.64907212900542,271.94722829919846,1.013230932167776
3,s,0.01820917424201293,0.002424320163992829,0.013899000536543736,0.02268840828045121,7.193084369423509e-05,5.211684230902769e-05,1135.9249503497979,1082.499911612532,1274.0564546861929,1439.6192752375243,1.003690368157628
4,gamma,0.013539535868402536,0.015686940695202687,4.9058248343984805e-06,0.03933049427744623,0.0005985235917767849,0.000423399916868206,686.9323391046527,686.9323391046527,765.8885467052478,943.8439549798793,1.001737784720531
5,zeta,2.0501914587984427,2.1451509435710863,0.00017147761754569908,6.472720740881687,0.18213470787281225,0.12906045247549452,138.7171911946659,138.7171911946659,171.89098972724204,287.8329979592529,1.014171846041067
