,Unnamed: 0,mean,sd,hdi_3%,hdi_97%,mcse_mean,mcse_sd,ess_mean,ess_sd,ess_bulk,ess_tail,r_hat
0,b,1.0,0.0,1.0,1.0,0.0,0.0,10000.0,10000.0,10000.0,10000.0,
1,p_error,0.050000004470348365,3.725476371840841e-09,0.05000000074505806,0.05000000074505806,3.7254763718408414e-11,2.6343864464297942e-11,10000.0,10000.0,10000.0,10000.0,
2,v,7.553366613709989e-05,1.6249416301832304e-05,4.886102571511507e-05,0.00010735654070443692,1.5649074070583338e-06,1.109563897734567e-06,107.81972954653894,107.81972954653894,107.15232549843849,273.9737850261433,1.005400965028688
3,s,0.004633727005776251,0.0002970233830481084,0.004055261479214996,0.005187274399715965,6.969684121389253e-06,4.963918883592772e-06,1816.1641117895151,1790.7849202307134,1844.7696948065827,1851.6511367325256,1.0022142980322926
4,gamma,0.005000615732544789,0.005822393060612185,2.677838448890807e-06,0.014631726941040703,0.00017018735598512804,0.00012037063445096477,1170.4381227501394,1170.4381227501394,1216.3811451443112,1741.0463707198035,1.0012087049594138
5,zeta,3.8944218202066545,2.1247578552781645,0.0005826568191518402,7.561128818787647,0.20807181528615934,0.1475424859808921,104.27792359023115,104.27792359023115,105.4013445490942,240.90427295399448,1.0046062702058651
