,Unnamed: 0,mean,sd,hdi_3%,hdi_97%,mcse_mean,mcse_sd,ess_mean,ess_sd,ess_bulk,ess_tail,r_hat
0,b,1.0,0.0,1.0,1.0,0.0,0.0,10000.0,10000.0,10000.0,10000.0,
1,p_error,0.050000004470348365,3.725476371840841e-09,0.05000000074505806,0.05000000074505806,3.7254763718408414e-11,2.6343864464297942e-11,10000.0,10000.0,10000.0,10000.0,
2,v,1.1950244355809523e-05,3.7755149075979685e-06,6.237071824150507e-06,1.8873482606164498e-05,3.6577655770031275e-07,2.5935446117781205e-07,106.54195015070387,106.54195015070387,113.3657665043772,249.57049439101462,1.018080688056851
3,s,0.003762998601571621,0.00032573031495589783,0.0031450232576417693,0.004350262891091384,1.5411316711839546e-05,1.0904569477096584e-05,446.72151280425965,446.72151280425965,447.20754654869125,875.3545659900876,1.0101765400465692
4,gamma,0.6349972502965133,0.19977717808126946,0.3108042519830712,0.9928109754453364,0.01996918788275301,0.014161702929948243,100.08544911512041,100.08544911512041,99.01429802360292,217.29763322303347,1.0278571164281556
5,zeta,1.6419718180565537,1.6321174178960751,0.00017036486864280726,4.776692062149617,0.09792522298853608,0.06931642265015364,277.78811504286705,277.78811504286705,282.16453929739015,887.9148663788466,1.0054550123560395
