,Unnamed: 0,mean,sd,hdi_3%,hdi_97%,mcse_mean,mcse_sd,ess_mean,ess_sd,ess_bulk,ess_tail,r_hat
0,b,1.0,0.0,1.0,1.0,0.0,0.0,10000.0,10000.0,10000.0,10000.0,
1,p_error,0.050000004470348365,3.725476371840841e-09,0.05000000074505806,0.05000000074505806,3.7254763718408414e-11,2.6343864464297942e-11,10000.0,10000.0,10000.0,10000.0,
2,v,0.0001898117430382846,1.752207033149706e-05,0.000160818720276779,0.00022535824199819082,4.937273676170458e-07,3.4919884833783113e-07,1259.4949665227134,1259.4949665227134,1261.7697597996348,1445.0275064579666,1.0018592141276539
3,s,0.0073730914317642685,0.0005410432743472067,0.006365896393898747,0.008375625181551863,1.2239909230074326e-05,8.656215085894365e-06,1953.9237473579485,1953.9237473579485,1948.9663191740044,2108.234406069901,1.0029274777715478
4,gamma,0.0018170307370127367,0.001831097545043961,4.36390826919364e-07,0.005315324868607697,3.861346687356275e-05,2.730738636926882e-05,2248.771707082125,2248.771707082125,2048.8047196453294,2421.192963974005,1.0007181583888756
5,zeta,0.23398231320286625,0.25221340821010857,7.400698971127376e-05,0.6950753825359962,0.007126210261298087,0.005040165371686417,1252.6192378183835,1252.6192378183835,1250.141732755275,1525.7813738993382,1.002523759087395
