,Unnamed: 0,mean,sd,hdi_3%,hdi_97%,mcse_mean,mcse_sd,ess_mean,ess_sd,ess_bulk,ess_tail,r_hat
0,b,1.0,0.0,1.0,1.0,0.0,0.0,10000.0,10000.0,10000.0,10000.0,
1,p_error,0.050000004470348365,3.725476371840841e-09,0.05000000074505806,0.05000000074505806,3.7254763718408414e-11,2.6343864464297942e-11,10000.0,10000.0,10000.0,10000.0,
2,v,0.00016543651145513674,1.6374637818504005e-05,0.00013481497492440618,0.0001955020900184765,6.468706853124621e-07,4.576150098089572e-07,640.7792871728458,640.7792871728458,674.6098279748363,907.2259112080333,1.0053000291331096
3,s,0.005075665902403685,0.00038851921920624857,0.004386591563062817,0.005820852082025226,1.0727810474257083e-05,7.630206065051027e-06,1311.604294233032,1296.9339962886395,1353.98204575519,1778.3694487193256,1.0046229241944715
4,gamma,0.008065686202709728,0.00826474806979252,1.611783745946699e-06,0.022473083005767686,0.00031033190128902275,0.0002460772710856004,709.2615144975142,564.5926620380072,883.6296423885582,924.6998908539044,1.0013283097921601
5,zeta,0.24172394583852946,0.2316349980591218,0.0001266621619833883,0.6561373731463579,0.006610357315124224,0.004675339227743203,1227.8872379866725,1227.8872379866725,1226.52072256926,1439.4609289021805,1.0010412036851792
