,Unnamed: 0,mean,sd,hdi_3%,hdi_97%,mcse_mean,mcse_sd,ess_mean,ess_sd,ess_bulk,ess_tail,r_hat
0,b,1.0,0.0,1.0,1.0,0.0,0.0,10000.0,10000.0,10000.0,10000.0,
1,p_error,0.050000004470348365,3.725476371840841e-09,0.05000000074505806,0.05000000074505806,3.7254763718408414e-11,2.6343864464297942e-11,10000.0,10000.0,10000.0,10000.0,
2,v,0.00024233600585534844,1.837739771436134e-05,0.00020778370659981743,0.0002774165309538005,5.574490423157815e-07,3.9551722163818455e-07,1086.8201481757726,1080.0450609476661,1077.7781176941487,1040.2990583120004,1.0024032167682075
3,s,0.007274172530467774,0.0004270919148942391,0.0064586634949500045,0.008079770729729222,1.1133467599664101e-05,7.874111310211346e-06,1471.5729661335004,1471.5729661335004,1453.848676329094,1404.0012194164885,1.0023374625453636
4,gamma,0.0032297533336049893,0.0032358766487979745,6.9046446868204976e-06,0.00914484397578547,7.109506909025299e-05,5.027888508736597e-05,2071.5954802246806,2071.5954802246806,1741.564371735144,1888.3125680591254,1.0013809657535533
5,zeta,0.05371912916362394,0.05608587977946167,7.513248680413227e-06,0.154127749715771,0.0011829769398469573,0.0008365995812403378,2247.783690506381,2247.783690506381,1687.8140215318099,1710.4520020789898,1.0006913915060636
