,Unnamed: 0,mean,sd,hdi_3%,hdi_97%,mcse_mean,mcse_sd,ess_mean,ess_sd,ess_bulk,ess_tail,r_hat
0,b,1.0,0.0,1.0,1.0,0.0,0.0,10000.0,10000.0,10000.0,10000.0,
1,p_error,0.050000004470348365,3.725476371840841e-09,0.05000000074505806,0.05000000074505806,3.7254763718408414e-11,2.6343864464297942e-11,10000.0,10000.0,10000.0,10000.0,
2,v,0.0001356046501361177,1.872464911212338e-05,0.00010208924462465895,0.00017060918329229923,7.590493758848989e-07,5.369864207468051e-07,608.5374650915883,608.5374650915883,616.7442239804309,579.3121924728107,1.0034324993447217
3,s,0.008470267226043228,0.0005252196084797613,0.0074775802959148,0.009493443148647378,1.4857437213091354e-05,1.0508247586484636e-05,1249.6662933930204,1249.6662933930204,1252.6011016516431,1459.5955922438613,1.0004447070207467
4,gamma,0.02116717689573416,0.019105342165140756,2.959540032281016e-06,0.05577068407021811,0.0005990773812001348,0.00042373321980782296,1017.0534908629343,1017.0534908629343,1030.7558573342756,1107.5511352515623,1.0025591676181362
5,zeta,0.44585837740374,0.4649853976057431,0.00015293338110346653,1.3012307510565742,0.01921135233878994,0.01404720317882505,585.8180580903722,548.4425288078656,859.1609792361439,753.013516809972,1.000996013333523
