,Unnamed: 0,mean,sd,hdi_3%,hdi_97%,mcse_mean,mcse_sd,ess_mean,ess_sd,ess_bulk,ess_tail,r_hat
0,b,1.0,0.0,1.0,1.0,0.0,0.0,10000.0,10000.0,10000.0,10000.0,
1,p_error,0.050000004470348365,3.725476371840841e-09,0.05000000074505806,0.05000000074505806,3.7254763718408414e-11,2.6343864464297942e-11,10000.0,10000.0,10000.0,10000.0,
2,v,0.0003650535490203208,3.5242970110169895e-05,0.0003014072088465694,0.00043100453096297744,1.5887127756055316e-06,1.1240560796861132e-06,492.10097699316987,492.10097699316987,552.1572218037544,383.70486273923865,1.0093170986485138
3,s,0.017529651183562308,0.0016634488091227418,0.014686525227077004,0.02067332781111785,4.143894770081109e-05,2.9307066262108287e-05,1611.3928937733288,1611.3928937733288,1612.281575571736,1687.3444169578036,1.0006478928328597
4,gamma,0.006868996526929814,0.00740318399892392,3.913823531858512e-06,0.02030968831156113,0.00017219031920682088,0.00012177615900855,1848.5007227153892,1848.5007227153892,1683.6580472202127,2061.7375367196437,1.0017107181956504
5,zeta,0.4692262461858268,0.5249349900034604,0.0005965772922290745,1.4080101436062464,0.028379694633396443,0.022676107436821302,342.13350596792844,268.52746289859067,511.4669886786463,410.1378399819996,1.0071557162807114
