,Unnamed: 0,mean,sd,hdi_3%,hdi_97%,mcse_mean,mcse_sd,ess_mean,ess_sd,ess_bulk,ess_tail,r_hat
0,b,1.0,0.0,1.0,1.0,0.0,0.0,10000.0,10000.0,10000.0,10000.0,
1,p_error,0.050000004470348365,3.725476371840841e-09,0.05000000074505806,0.05000000074505806,3.7254763718408414e-11,2.6343864464297942e-11,10000.0,10000.0,10000.0,10000.0,
2,v,4.413559382714552e-06,4.13294920223596e-06,1.0434077009337492e-07,1.1939212934389356e-05,1.3037645474814946e-07,9.221684622624395e-08,1004.8975795885797,1004.8975795885797,1001.6034954634116,1323.3903494309318,1.000903911705621
3,s,0.011283252168828663,0.0006267647430255655,0.010074215451972856,0.012392499088752612,1.6539414839482266e-05,1.169750853636891e-05,1436.0476026732565,1436.0476026732565,1436.6739276963833,1603.3601676975031,1.0017392010172983
4,gamma,0.35481249766190204,0.2785727724244725,1.895912940467904e-05,0.8787027112668827,0.0077248087317704035,0.005463490166694554,1300.4745658459242,1300.4745658459242,1281.745363979765,1689.4788411320542,1.0011794387042794
5,zeta,4.550960206017262,2.92101628948458,0.0039662676539865644,9.256436178248943,0.06556241042445465,0.04636643860333877,1984.9891325463632,1984.9891325463632,1951.1285903109933,2109.011766473925,1.0013077816650595
