,Unnamed: 0,mean,sd,hdi_3%,hdi_97%,mcse_mean,mcse_sd,ess_mean,ess_sd,ess_bulk,ess_tail,r_hat
0,b,1.0,0.0,1.0,1.0,0.0,0.0,10000.0,10000.0,10000.0,10000.0,
1,p_error,0.050000004470348365,3.725476371840841e-09,0.05000000074505806,0.05000000074505806,3.7254763718408414e-11,2.6343864464297942e-11,10000.0,10000.0,10000.0,10000.0,
2,v,0.00033682384024893324,3.66403968500228e-05,0.00026006987395139333,0.0003978269768335642,1.4665025547201597e-06,1.0374587940826844e-06,624.244450118111,624.244450118111,673.8957511849624,798.2807307974863,1.000813649262801
3,s,0.013117455147139606,0.0011060220589092097,0.011189904611510506,0.01520202682335437,2.9053472997902027e-05,2.067167037624502e-05,1449.2104880767554,1431.9353253421032,1487.061687244534,1744.215272142375,1.0008989002243458
4,gamma,0.005483892377228634,0.005720287197215607,5.105646280353546e-07,0.015663037101640975,0.00012824139239095032,9.069365445363188e-05,1989.6615998997406,1989.6615998997406,1777.1568801330206,2129.3884935288334,1.000643899041904
5,zeta,0.4357380378437196,0.488756961352006,6.186898754354532e-05,1.374672662743822,0.0201097384347622,0.014226759428476447,590.7082937720496,590.7082937720496,805.0629154537369,797.3824985739461,1.0008397751889937
