,Unnamed: 0,mean,sd,hdi_3%,hdi_97%,mcse_mean,mcse_sd,ess_mean,ess_sd,ess_bulk,ess_tail,r_hat
0,b,1.0,0.0,1.0,1.0,0.0,0.0,10000.0,10000.0,10000.0,10000.0,
1,p_error,0.050000004470348365,3.725476371840841e-09,0.05000000074505806,0.05000000074505806,3.7254763718408414e-11,2.6343864464297942e-11,10000.0,10000.0,10000.0,10000.0,
2,v,0.0002558087504357733,2.01166558441868e-05,0.0002180875607535851,0.0002934170378956388,5.664962949336806e-07,4.0144916417900725e-07,1261.0067885322944,1256.0941827237598,1268.755515567818,1457.2261950222257,1.0009437346122845
3,s,0.0065485925345424864,0.0003607447511206652,0.005870594004116673,0.00717572607176118,9.346856397733704e-06,6.610520075752215e-06,1489.597383540282,1489.597383540282,1487.4687129106705,1522.0231955573386,1.0034506899032554
4,gamma,0.0023805501893090684,0.002341368527778898,5.041921485792565e-07,0.006639465577813461,5.168194896067639e-05,3.654985120667655e-05,2052.398965367086,2052.398965367086,1759.7529807289886,1883.204858075808,1.0000527431233783
5,zeta,0.06721516192059984,0.06817693655316076,3.582677359657041e-05,0.19239181659183105,0.0015893762311778956,0.00112403690549057,1840.0157387752065,1840.0157387752065,1577.9825435455357,1276.3729482603849,1.0004738641352144
