,Unnamed: 0,mean,sd,hdi_3%,hdi_97%,mcse_mean,mcse_sd,ess_mean,ess_sd,ess_bulk,ess_tail,r_hat
0,b,1.0,0.0,1.0,1.0,0.0,0.0,10000.0,10000.0,10000.0,10000.0,
1,p_error,0.050000004470348365,3.725476371840841e-09,0.05000000074505806,0.05000000074505806,3.7254763718408414e-11,2.6343864464297942e-11,10000.0,10000.0,10000.0,10000.0,
2,v,0.00010232348465275932,1.4963571946553006e-05,7.417915945706651e-05,0.00013119683472630133,7.318813260882171e-07,5.178797751369602e-07,418.0124526220465,418.0124526220465,456.0684097593013,420.34452496303436,1.0055531942824076
3,s,0.008605098066428082,0.0007173074880264088,0.0073217752563416285,0.010048149084521877,1.9907594019702633e-05,1.4079958344901852e-05,1298.2943825585915,1298.2943825585915,1310.482439445204,1283.152137112352,1.001715658022874
4,gamma,0.006695978678808564,0.007032020011630009,1.2343747793662686e-07,0.018941003163046838,0.00016595991237092894,0.00011737044905305,1795.3693313945605,1795.3693313945605,1576.4544804088605,1942.1941327921127,1.0010809919356904
5,zeta,0.6185550490983276,0.794024473024317,0.0009642352870308166,1.8142404254926492,0.040930926911576467,0.02896499717564409,376.32634034856034,376.32634034856034,539.7044624867277,424.09846098468165,1.0049575909479778
