,Unnamed: 0,mean,sd,hdi_3%,hdi_97%,mcse_mean,mcse_sd,ess_mean,ess_sd,ess_bulk,ess_tail,r_hat
0,b,1.0,0.0,1.0,1.0,0.0,0.0,10000.0,10000.0,10000.0,10000.0,
1,p_error,0.050000004470348365,3.725476371840841e-09,0.05000000074505806,0.05000000074505806,3.7254763718408414e-11,2.6343864464297942e-11,10000.0,10000.0,10000.0,10000.0,
2,v,0.00013067444459208204,1.297060377682755e-05,0.00010660496351644298,0.00015467251454365292,4.5813746081216346e-07,3.2407005806053137e-07,801.5466007887134,801.5466007887134,846.0230852436464,815.6585782328694,1.0031345193279857
3,s,0.00581952959434996,0.00037553711630851464,0.005131394288396532,0.006530822726428095,1.0623799341827444e-05,7.513914753855138e-06,1249.5280663546698,1249.5280663546698,1233.0104732990649,1658.621743317884,1.0033079708717243
4,gamma,0.0012157841931357061,0.0012163306141724337,1.9025602151373663e-07,0.0033353625404789486,2.6453951873194174e-05,1.8708350084505684e-05,2114.0836005150777,2114.0836005150777,1768.599462752519,1892.5087577074344,1.0016711121063722
5,zeta,0.3659321069399071,0.4343728803936781,0.00020805789958968615,1.0433195218233389,0.01604361689530224,0.011354236138665666,733.0284650683168,732.3617457008182,988.1243925837236,876.1064294814563,1.0012536668043324
