,Unnamed: 0,mean,sd,hdi_3%,hdi_97%,mcse_mean,mcse_sd,ess_mean,ess_sd,ess_bulk,ess_tail,r_hat
0,b,1.0,0.0,1.0,1.0,0.0,0.0,10000.0,10000.0,10000.0,10000.0,
1,p_error,0.050000004470348365,3.725476371840841e-09,0.05000000074505806,0.05000000074505806,3.7254763718408414e-11,2.6343864464297942e-11,10000.0,10000.0,10000.0,10000.0,
2,v,0.00012874940735842807,1.670648277426277e-05,9.786883428908082e-05,0.00015848349506718696,6.270124736595671e-07,4.4354705010968533e-07,709.9335378916791,709.9335378916791,723.6318385794044,956.1292782303253,1.0024376308209948
3,s,0.008348658119159389,0.0006655302848184251,0.007231999172050929,0.009714539737826863,1.7667482600746307e-05,1.2546600021490308e-05,1419.0127606105996,1407.4519801226068,1437.4926889138205,1569.8935682279807,1.002027845770811
4,gamma,0.00671183327563474,0.006945849724136079,4.937695509633381e-06,0.019291978365502737,0.00016521768197963715,0.00011684582798015378,1767.4116631663064,1767.4116631663064,1515.576720683123,1809.860314602244,1.0014000287813776
5,zeta,0.3936666617282853,0.43203295555660265,6.347164376105154e-05,1.13734252985875,0.015583664748804757,0.011556686649953659,768.5896979642304,699.3579356137478,910.3985377551794,1095.3508162429268,1.0004955092654877
