,Unnamed: 0,mean,sd,hdi_3%,hdi_97%,mcse_mean,mcse_sd,ess_mean,ess_sd,ess_bulk,ess_tail,r_hat
0,b,1.0,0.0,1.0,1.0,0.0,0.0,10000.0,10000.0,10000.0,10000.0,
1,p_error,0.050000004470348365,3.725476371840841e-09,0.05000000074505806,0.05000000074505806,3.7254763718408414e-11,2.6343864464297942e-11,10000.0,10000.0,10000.0,10000.0,
2,v,0.00019207765807141705,2.3256742161009134e-05,0.00014802992627198342,0.00023369813915878507,1.0845820143862228e-06,7.674022994712089e-07,459.8042271259929,459.8042271259929,521.3439496297551,511.67826354343964,1.008662599644704
3,s,0.011137386977786632,0.0008196928170085497,0.009676476926125293,0.012732405960486548,2.4770357053314678e-05,1.7623197843868963e-05,1095.0595201192343,1082.2734020969554,1111.909930822428,1219.1943177395087,1.004506647284501
4,gamma,0.02525306266055765,0.025069514477457547,1.2395598082601914e-06,0.06945225131560016,0.0008424352737751947,0.0005958880007151202,885.561567028417,885.561567028417,1038.5449297525133,1112.1403091367035,1.0037476921099495
5,zeta,0.4251699843194865,0.5569956995978632,0.00046069141015932,1.2118060811350495,0.027205985849934455,0.019250939308957136,419.15509404687697,419.15509404687697,609.6568282204057,516.9585876684176,1.001761516934471
