,Unnamed: 0,mean,sd,hdi_3%,hdi_97%,mcse_mean,mcse_sd,ess_mean,ess_sd,ess_bulk,ess_tail,r_hat
0,b,1.0,0.0,1.0,1.0,0.0,0.0,10000.0,10000.0,10000.0,10000.0,
1,p_error,0.050000004470348365,3.725476371840841e-09,0.05000000074505806,0.05000000074505806,3.7254763718408414e-11,2.6343864464297942e-11,10000.0,10000.0,10000.0,10000.0,
2,v,0.0002763849278047373,1.9410402350130168e-05,0.00024242336280645731,0.00031407026192830165,7.610251956713319e-07,5.383675290866265e-07,650.5355053052115,650.5355053052115,706.4255250646597,611.5835324842957,1.0025205712677432
3,s,0.010682033328754769,0.0008057692569383539,0.009152304153197123,0.012140816658025506,2.207090850389632e-05,1.5666693734360863e-05,1332.849048009366,1323.2082275107005,1354.5726996340973,1499.8672199785276,1.00035638302086
4,gamma,0.0097776434954833,0.009260401360167687,1.2513666607965557e-06,0.026496987710199427,0.00021278130119556805,0.0001504822763293542,1894.0554949124694,1894.0554949124694,1725.0697490975965,2164.09309809842,1.0021182064380274
5,zeta,0.2637080424951363,0.28124771888797034,7.345359631334842e-05,0.7680256805221464,0.012956423675337102,0.010351077837263387,471.20266212818274,369.7113282741269,691.2250252384912,421.8495692662397,1.0056906816663125
