,Unnamed: 0,mean,sd,hdi_3%,hdi_97%,mcse_mean,mcse_sd,ess_mean,ess_sd,ess_bulk,ess_tail,r_hat
0,b,1.0,0.0,1.0,1.0,0.0,0.0,10000.0,10000.0,10000.0,10000.0,
1,p_error,0.050000004470348365,3.725476371840841e-09,0.05000000074505806,0.05000000074505806,3.7254763718408414e-11,2.6343864464297942e-11,10000.0,10000.0,10000.0,10000.0,
2,v,9.82912515252659e-05,2.1600722937454627e-05,5.776791228958993e-05,0.00013999642587569225,1.4210760015243182e-06,1.0061237033649686e-06,231.04786629948052,231.04786629948052,260.2727178005472,303.42987895611213,1.0016374301789848
3,s,0.006443479077068414,0.0006339619062577767,0.0052666182409176285,0.007611090862995554,2.8468448325724953e-05,2.0142084337223496e-05,495.9052797712377,495.9052797712377,502.20002409191886,664.5939563496777,1.014722150584157
4,gamma,0.04139025800817592,0.06072422030937294,8.481437902667331e-06,0.11129962840989988,0.004957870108394017,0.0035125823060646964,150.01462666650778,150.01462666650778,236.75075585990783,189.9339384823216,1.009857881176611
5,zeta,0.4412638534103621,0.6107498756274716,0.00030151355820253205,1.4429262746051816,0.02535492066921512,0.017937656289809912,580.2327824761417,580.2327824761417,836.9459854857548,759.432158337915,1.0009039663864572
