,Unnamed: 0,mean,sd,hdi_3%,hdi_97%,mcse_mean,mcse_sd,ess_mean,ess_sd,ess_bulk,ess_tail,r_hat
0,b,1.0,0.0,1.0,1.0,0.0,0.0,10000.0,10000.0,10000.0,10000.0,
1,p_error,0.050000004470348365,3.725476371840841e-09,0.05000000074505806,0.05000000074505806,3.7254763718408414e-11,2.6343864464297942e-11,10000.0,10000.0,10000.0,10000.0,
2,v,0.00010365236811129695,1.646366924338917e-05,7.334029044779795e-05,0.00013353380397679356,7.61216772403531e-07,5.385975154996926e-07,467.7745259609436,467.7745259609436,521.7776531887456,483.7773521115088,1.011150641059701
3,s,0.007633769486930936,0.0005696296773108332,0.006549317480291879,0.008658434229375688,2.0024856582805968e-05,1.4343399324547644e-05,809.1823225598703,789.1729691377162,836.3983616443753,1244.4905674773304,1.003186723790141
4,gamma,0.005103183024978184,0.005523565333505874,9.455679242839365e-07,0.014729133432050612,0.00014407770554461202,0.00010189854675729458,1469.7566139232501,1469.7566139232501,1435.700381356855,1778.4375794634461,1.0041843371624724
5,zeta,0.5954482094119088,0.7803409035504475,0.0003306313107097897,1.795598849996232,0.03854801933526791,0.030446256091242237,409.7930683373213,329.0347174727479,742.5395501546095,476.6830914366211,1.003565713248962
