,Unnamed: 0,mean,sd,hdi_3%,hdi_97%,mcse_mean,mcse_sd,ess_mean,ess_sd,ess_bulk,ess_tail,r_hat
0,b,1.0,0.0,1.0,1.0,0.0,0.0,10000.0,10000.0,10000.0,10000.0,
1,p_error,0.050000004470348365,3.725476371840841e-09,0.05000000074505806,0.05000000074505806,3.7254763718408414e-11,2.6343864464297942e-11,10000.0,10000.0,10000.0,10000.0,
2,v,0.00012247359891639213,1.5824374843421293e-05,9.3138633010846e-05,0.00015283173571516577,6.808970270346084e-07,4.817271384232416e-07,540.1199860326939,540.1199860326939,580.1816519351979,496.6239154503836,1.0059129808558998
3,s,0.009131865811161556,0.0005343233576915697,0.008110592735942938,0.01008430821495083,1.6636010442106196e-05,1.1870779281011065e-05,1031.5967151400998,1013.6076682043113,1078.7500445484384,1284.9147462959907,1.002056533747672
4,gamma,0.006293410476088625,0.006573110992688945,3.126338217810548e-07,0.018291297135405383,0.00015441320564051452,0.00010920420413786128,1812.0620014683154,1812.0620014683154,1627.5802277076223,2378.083287620204,1.0020098576064778
5,zeta,0.5017127860694264,0.5747798363767761,8.202339632500665e-05,1.497048439516354,0.025092473212246308,0.01858909738599896,524.7060967616986,478.6148315485325,700.9633564253688,506.5396797921092,1.0035198518895632
