,Unnamed: 0,mean,sd,hdi_3%,hdi_97%,mcse_mean,mcse_sd,ess_mean,ess_sd,ess_bulk,ess_tail,r_hat
0,b,1.0,0.0,1.0,1.0,0.0,0.0,10000.0,10000.0,10000.0,10000.0,
1,p_error,0.050000004470348365,3.725476371840841e-09,0.05000000074505806,0.05000000074505806,3.7254763718408414e-11,2.6343864464297942e-11,10000.0,10000.0,10000.0,10000.0,
2,v,6.88743923304541e-05,1.56024049064168e-05,3.644501402700373e-05,9.662612970808446e-05,8.662369564253568e-07,6.130735506230523e-07,324.4215331085537,324.4215331085537,374.0272339209224,205.66536351590972,1.009012508198376
3,s,0.008634797807370908,0.000578944309992413,0.007575159812585027,0.009754782040613882,1.4702715869297967e-05,1.0422388758093154e-05,1550.5238495280719,1543.3812853345319,1557.1161420332435,1828.479248038436,1.0005203965535028
4,gamma,0.010053035271177659,0.011412728960060495,3.0177052883701074e-07,0.029208615090670468,0.0003708577114699463,0.00026231680846728017,947.031399858221,947.031399858221,1258.3508730961114,1523.1360560579694,1.0022783773975756
5,zeta,0.8462658281789707,1.1928462756360525,0.00019612510295532892,2.651157781961452,0.08747958359089411,0.06195470077795509,185.9326005686129,185.9326005686129,386.59925094984817,357.57241558199036,1.0086578781042264
