,Unnamed: 0,mean,sd,hdi_3%,hdi_97%,mcse_mean,mcse_sd,ess_mean,ess_sd,ess_bulk,ess_tail,r_hat
0,b,1.0,0.0,1.0,1.0,0.0,0.0,10000.0,10000.0,10000.0,10000.0,
1,p_error,0.050000004470348365,3.725476371840841e-09,0.05000000074505806,0.05000000074505806,3.7254763718408414e-11,2.6343864464297942e-11,10000.0,10000.0,10000.0,10000.0,
2,v,0.0002641827870338717,6.973111942980032e-05,0.00012712122736564745,0.0003830988950851183,3.7375276090148734e-06,2.645048764630568e-06,348.0843161887783,348.0843161887783,372.4551620553483,544.5753486891954,1.0044180789081276
3,s,0.021352863265687225,0.0026124280411793945,0.016804413318979184,0.02623446839527141,7.805124436518616e-05,5.5352659905562576e-05,1120.2862630799657,1114.3179016023944,1131.955283939326,1205.2022765067936,1.0053935131120564
4,gamma,0.01478081008946128,0.01936912767268401,2.3240227386213247e-06,0.04515689043276648,0.0005723309003265518,0.0004048021661732947,1145.3170743251171,1145.3170743251171,985.7266195995337,1517.5143871664056,1.0018423206240756
5,zeta,1.937996879698308,2.1866643976943645,0.0005692896512275749,6.723689394399117,0.12213703384121415,0.08644263375625028,320.5306251472278,320.5306251472278,339.4055925853803,560.229023633233,1.001440767578342
