,Unnamed: 0,mean,sd,hdi_3%,hdi_97%,mcse_mean,mcse_sd,ess_mean,ess_sd,ess_bulk,ess_tail,r_hat
0,b,1.0,0.0,1.0,1.0,0.0,0.0,10000.0,10000.0,10000.0,10000.0,
1,p_error,0.050000004470348365,3.725476371840841e-09,0.05000000074505806,0.05000000074505806,3.7254763718408414e-11,2.6343864464297942e-11,10000.0,10000.0,10000.0,10000.0,
2,v,0.00019740952215837568,1.3319216857446014e-05,0.00017138280164893428,0.0002211241708004019,4.5618924502613925e-07,3.226849426790988e-07,852.4468207610829,852.4468207610829,865.9962246115667,1253.4295485738694,1.0043188793291122
3,s,0.006913767927605642,0.00039157205470263817,0.006192542548896184,0.0076828550176835705,9.916576340926276e-06,7.061948523842889e-06,1559.19294422181,1537.8326036320755,1591.5420277128617,1576.4087675554074,1.0019192515342028
4,gamma,0.0048504039722961296,0.004766601683554757,6.324760570368805e-07,0.013604588675112965,0.00012014409999971972,8.497045485043676e-05,1574.0293537626428,1574.0293537626428,1578.5462082142838,1741.1500038821973,1.0062157044142248
5,zeta,0.17975654471632302,0.17930575176219876,0.00020855211315636078,0.4949829717663124,0.0054282672565430425,0.0038393911013038704,1091.103625382808,1091.103625382808,1079.7101044794397,1406.130074184514,1.003623074215802
