,Unnamed: 0,mean,sd,hdi_3%,hdi_97%,mcse_mean,mcse_sd,ess_mean,ess_sd,ess_bulk,ess_tail,r_hat
0,b,1.0,0.0,1.0,1.0,0.0,0.0,10000.0,10000.0,10000.0,10000.0,
1,p_error,0.050000004470348365,3.725476371840841e-09,0.05000000074505806,0.05000000074505806,3.7254763718408414e-11,2.6343864464297942e-11,10000.0,10000.0,10000.0,10000.0,
2,v,2.9669778102956514e-05,1.0189660789030756e-05,1.3746508782866534e-05,4.815616024042066e-05,1.771837652743439e-06,1.2763605603927241e-06,33.07284842029196,32.451533616064395,31.563808721026398,161.5870807417077,1.0883176584996177
3,s,0.00491594708583396,0.00040303467057039465,0.0041954724769643495,0.005702101966471586,1.393290649081005e-05,9.873464843374572e-06,836.7608838956688,833.7188955334358,846.6594034166873,1349.372892985098,1.0029251167266633
4,gamma,0.4808370216848339,0.21402341529733346,0.15246197731594818,0.9095238263782686,0.036248831406835616,0.025849358100060383,34.86057606899916,34.86057606899916,29.53340719120864,116.31385998771832,1.086079814286952
5,zeta,1.5944340473588825,1.7790450643077254,0.0004387739334399051,5.305630460187863,0.1563111231140742,0.11077848158251492,129.5370884069465,129.5370884069465,118.25775750948758,447.9822271146894,1.028457335770132
