,Unnamed: 0,mean,sd,hdi_3%,hdi_97%,mcse_mean,mcse_sd,ess_mean,ess_sd,ess_bulk,ess_tail,r_hat
0,b,1.0,0.0,1.0,1.0,0.0,0.0,10000.0,10000.0,10000.0,10000.0,
1,p_error,0.050000004470348365,3.725476371840841e-09,0.05000000074505806,0.05000000074505806,3.7254763718408414e-11,2.6343864464297942e-11,10000.0,10000.0,10000.0,10000.0,
2,v,0.0002411119081456625,3.0975544335314745e-05,0.00018663821613677608,0.0002994533722200288,1.420202224127307e-06,1.0048509891791357e-06,475.70478193793195,475.70478193793195,613.4648031640004,438.6434899081257,1.0012568351304834
3,s,0.012012343272975415,0.0011650128396996694,0.01005714353978642,0.014249812005710976,3.178488368860349e-05,2.252472444092467e-05,1343.4458635443382,1338.1408399294423,1382.048199579422,1803.6310778347338,1.0047980144180757
4,gamma,0.00555606869705511,0.005911056342119222,7.4274653612835905e-06,0.015561820938317802,0.00012651927981956158,8.947459738381519e-05,2182.8142260890663,2182.8142260890663,1987.6919348592598,2109.0078111036223,1.0016892348225748
5,zeta,0.6080240570752747,0.9174620584827607,0.00031474263828188185,1.880023953835882,0.05663885652751384,0.04436141565551433,262.3899957348625,214.44638840511212,610.8513129280269,445.31221940354146,1.0002885696096318
