,Unnamed: 0,mean,sd,hdi_3%,hdi_97%,mcse_mean,mcse_sd,ess_mean,ess_sd,ess_bulk,ess_tail,r_hat
0,b,1.0,0.0,1.0,1.0,0.0,0.0,10000.0,10000.0,10000.0,10000.0,
1,p_error,0.050000004470348365,3.725476371840841e-09,0.05000000074505806,0.05000000074505806,3.7254763718408414e-11,2.6343864464297942e-11,10000.0,10000.0,10000.0,10000.0,
2,v,0.00044619377550323536,6.0330987288722036e-05,0.0003298449117350444,0.0005548909146667704,2.787781336813776e-06,1.972488020975198e-06,468.34237307462683,468.34237307462683,599.686873117706,501.4926737225023,1.008187043620069
3,s,0.020974310215023557,0.0020317428043839392,0.017108515505270896,0.024604379199382218,5.2754957218065334e-05,3.745012053875972e-05,1483.2382284812224,1472.2214643067136,1499.8140518636724,1913.8388094123457,1.0027233422731128
4,gamma,0.006781396952806535,0.0069962914364118675,1.7111510387664675e-06,0.01894134903335461,0.00016089730950873466,0.00011378913344947542,1890.7678984294116,1890.7678984294116,1615.7275262342182,2300.7552163568507,1.001240730477968
5,zeta,0.5964408105904782,0.7843324406023585,0.00017373905964111722,1.7672612274137904,0.050593093908978364,0.03581822532881404,240.33547451113728,240.33547451113728,649.5468258173549,324.44403441344065,1.0082576795764768
