,Unnamed: 0,mean,sd,hdi_3%,hdi_97%,mcse_mean,mcse_sd,ess_mean,ess_sd,ess_bulk,ess_tail,r_hat
0,b,1.0,0.0,1.0,1.0,0.0,0.0,10000.0,10000.0,10000.0,10000.0,
1,p_error,0.050000004470348365,3.725476371840841e-09,0.05000000074505806,0.05000000074505806,3.7254763718408414e-11,2.6343864464297942e-11,10000.0,10000.0,10000.0,10000.0,
2,v,0.0003878628895473003,3.5605074635552704e-05,0.0003241205547894495,0.0004569069676590793,1.445780694429609e-06,1.0228133855783606e-06,606.4834558985427,606.4834558985427,640.9295561174815,619.8083045508647,1.0044106192219338
3,s,0.01475767430208155,0.0020349626174336914,0.01138102835529538,0.01864231305590617,5.5853735783949985e-05,3.958024932126429e-05,1327.4201890212576,1322.2618566312328,1402.358908947184,1772.4499580049267,1.0031927439239212
4,gamma,0.013430583490745995,0.013166138512785384,3.0980383092262867e-06,0.03755028606215152,0.0003077972378964929,0.00021768021717873145,1829.7316607051605,1829.7316607051605,1285.6226403029038,1315.3619744704954,1.0015947722816942
5,zeta,0.403469495204712,0.4093672268175633,7.355727969512226e-05,1.1346882256811373,0.01737217618903429,0.012315217892103613,555.2872364768125,553.057525044291,670.8695484463043,598.9176590660062,1.001608147015338
