,Unnamed: 0,mean,sd,hdi_3%,hdi_97%,mcse_mean,mcse_sd,ess_mean,ess_sd,ess_bulk,ess_tail,r_hat
0,b,1.0,0.0,1.0,1.0,0.0,0.0,10000.0,10000.0,10000.0,10000.0,
1,p_error,0.050000004470348365,3.725476371840841e-09,0.05000000074505806,0.05000000074505806,3.7254763718408414e-11,2.6343864464297942e-11,10000.0,10000.0,10000.0,10000.0,
2,v,0.00012994115259005304,2.6809505021765177e-05,7.942718726317713e-05,0.00018066338730371535,1.5068834334071557e-06,1.0665108617716728e-06,316.53247600884515,316.53247600884515,345.5426338532656,327.34563774085467,1.0012827710334733
3,s,0.010586594258694631,0.0007086487170899406,0.009266603767281577,0.011937274609293341,2.423589296125706e-05,1.7143214040474697e-05,854.9563828269521,854.9563828269521,858.839237233192,1255.8771222433936,1.0013545711058474
4,gamma,0.028121370527814042,0.029465538398546636,1.20109116538262e-06,0.07676872941375858,0.0010828613026537329,0.0007794319755254949,740.4284439871196,715.1493514754031,1042.2813663021288,809.9658198669533,1.0011718518937258
5,zeta,0.918742567408378,1.2170457937503805,2.567303603953001e-05,2.7988540790010674,0.07068049867901134,0.05002790758056723,296.49312636562894,296.49312636562894,456.56060526647667,354.88592948802307,1.0008914032287612
