,Unnamed: 0,mean,sd,hdi_3%,hdi_97%,mcse_mean,mcse_sd,ess_mean,ess_sd,ess_bulk,ess_tail,r_hat
0,b,1.0,0.0,1.0,1.0,0.0,0.0,10000.0,10000.0,10000.0,10000.0,
1,p_error,0.050000004470348365,3.725476371840841e-09,0.05000000074505806,0.05000000074505806,3.7254763718408414e-11,2.6343864464297942e-11,10000.0,10000.0,10000.0,10000.0,
2,v,0.0002130773086334515,4.035824977752977e-05,0.0001271075448185963,0.00027536599613111874,3.5423498463245285e-06,2.510469604247945e-06,129.80210843902412,129.80210843902412,159.18033436027196,180.20018494698957,1.008793167568888
3,s,0.018013988531477104,0.0014671065339435323,0.0153946418943919,0.020841774194823786,3.448025352965525e-05,2.4387069947579035e-05,1810.4327681924601,1810.1478161197974,1808.8807343437247,1814.573889722152,1.0007227906156564
4,gamma,0.01781773245966564,0.018557794109869862,5.530775523441397e-06,0.048638169591070764,0.00044548377491815194,0.0003161270926637525,1735.3573598276016,1723.6388840506906,1816.4309891995097,1821.6152960599686,1.000196348500808
5,zeta,1.5380224582805162,1.846461244481192,0.00021808545048345105,5.334908641171517,0.17737809699100074,0.12576440363883135,108.36284803433485,108.36284803433485,165.98428990919118,160.62599902059884,1.0085816591917354
