,Unnamed: 0,mean,sd,hdi_3%,hdi_97%,mcse_mean,mcse_sd,ess_mean,ess_sd,ess_bulk,ess_tail,r_hat
0,b,1.0,0.0,1.0,1.0,0.0,0.0,10000.0,10000.0,10000.0,10000.0,
1,p_error,0.050000004470348365,3.725476371840841e-09,0.05000000074505806,0.05000000074505806,3.7254763718408414e-11,2.6343864464297942e-11,10000.0,10000.0,10000.0,10000.0,
2,v,2.5544538358785792e-05,8.904477948739862e-06,9.039760723060627e-06,4.1438001391987686e-05,4.6071737528952885e-07,3.2603108502507147e-07,373.54914164111085,373.54914164111085,375.52391143838173,565.1734018353964,1.0058400191555597
3,s,0.006269159035939398,0.0003121614753223558,0.005675310793128778,0.006834863625707905,9.428330354006242e-06,6.668610986013266e-06,1096.1980544692494,1096.1980544692494,1091.1847356822161,1561.2953895001592,1.0037518085528754
4,gamma,0.04210678516660419,0.05060718762788409,7.732448355664691e-06,0.1177751497885516,0.001958337161230837,0.0013853587343225172,667.8047072071191,667.8047072071191,819.6805300003113,807.6216458931231,1.0021385544766794
5,zeta,1.7363283893561343,2.0826557602741684,0.0019032661410341028,6.2171608595414005,0.10725850981835017,0.07590196926341937,377.0261436573783,377.0261436573783,379.2703147082053,711.6096394376273,1.0127536692340031
