,Unnamed: 0,mean,sd,hdi_3%,hdi_97%,mcse_mean,mcse_sd,ess_mean,ess_sd,ess_bulk,ess_tail,r_hat
0,b,1.0,0.0,1.0,1.0,0.0,0.0,10000.0,10000.0,10000.0,10000.0,
1,p_error,0.050000004470348365,3.725476371840841e-09,0.05000000074505806,0.05000000074505806,3.7254763718408414e-11,2.6343864464297942e-11,10000.0,10000.0,10000.0,10000.0,
2,v,0.00039120822288098937,7.05936657522265e-05,0.0002626081816210393,0.0005157716720756595,4.996926133606415e-06,3.5385368103681345e-06,199.58394809779426,199.58394809779426,209.69544357903007,360.3577006394224,1.00652943905334
3,s,0.021785061822363342,0.0031171271487556514,0.016215458590189108,0.02744533645039982,8.207924812647965e-05,5.8260177703690516e-05,1442.2558072838315,1431.8990402759741,1485.5185958939044,1789.965582525635,1.0003561913078491
4,gamma,0.009717615646605069,0.010396617146237094,1.35315901048281e-06,0.027429569619177318,0.0002432462630688894,0.0001720285512364993,1826.8031374393838,1826.8031374393838,1649.5933361158081,1888.366350211932,1.0002453162805274
5,zeta,1.5063999615144308,1.5402035183753449,0.0015202306739095337,4.225420046305536,0.112228393981399,0.07948067582162409,188.34353877742646,188.34353877742646,186.2036934763213,265.68393025859046,1.0080638364935175
