,Unnamed: 0,mean,sd,hdi_3%,hdi_97%,mcse_mean,mcse_sd,ess_mean,ess_sd,ess_bulk,ess_tail,r_hat
0,b,1.0,0.0,1.0,1.0,0.0,0.0,10000.0,10000.0,10000.0,10000.0,
1,p_error,0.050000004470348365,3.725476371840841e-09,0.05000000074505806,0.05000000074505806,3.7254763718408414e-11,2.6343864464297942e-11,10000.0,10000.0,10000.0,10000.0,
2,v,0.00022169211273579434,2.5649727726130927e-05,0.00017642141494909988,0.0002725428506641627,8.239665553474856e-07,5.828077905434338e-07,969.0503674411921,969.0503674411921,966.8783531416102,1345.8749982067948,1.0044987841732929
3,s,0.012823772617789764,0.0009703334742001082,0.011122941318399335,0.01478049363256155,2.5209813807901224e-05,1.790331139745194e-05,1481.5037369885126,1469.3246353266986,1497.7878242028823,1537.0139599587887,1.000247044957196
4,gamma,0.0027297510610277942,0.0027118863008257672,1.989617310313284e-06,0.0075891130423131545,5.9038911466901344e-05,4.1752586908834354e-05,2109.9213725833424,2109.9213725833424,1568.9106834096935,1446.7481901104434,1.0005782663682468
5,zeta,0.2944660851642553,0.31686057381249466,2.4469317442504102e-05,0.8604584491694702,0.009382364690085649,0.006718889899689498,1140.5433298189168,1112.6002045247133,1184.352173170864,1473.1381757028732,1.0023488687031537
