,Unnamed: 0,mean,sd,hdi_3%,hdi_97%,mcse_mean,mcse_sd,ess_mean,ess_sd,ess_bulk,ess_tail,r_hat
0,b,1.0,0.0,1.0,1.0,0.0,0.0,10000.0,10000.0,10000.0,10000.0,
1,p_error,0.050000004470348365,3.725476371840841e-09,0.05000000074505806,0.05000000074505806,3.7254763718408414e-11,2.6343864464297942e-11,10000.0,10000.0,10000.0,10000.0,
2,v,0.0001459773027255473,1.561039722155685e-05,0.00011788329742535864,0.00017461904210868827,6.1069127740961e-07,4.320168467255773e-07,653.4080408183371,653.4080408183371,680.5727434856911,802.8326621929932,1.003794003834127
3,s,0.006715625872663759,0.0004565269506934118,0.005897910586638296,0.007584300651018344,1.3647740275635542e-05,9.713904259621412e-06,1118.9517082381992,1104.9549107650998,1140.4379043886565,1099.913799415325,1.0049475154025873
4,gamma,0.009938761747441537,0.009948994797275295,6.288436920459589e-06,0.027480939522071264,0.0003072065656979061,0.00021728828393508998,1048.8114522565727,1048.8114522565727,1109.4985367600439,1266.4813136304285,1.0015057812841175
5,zeta,0.2776957577089336,0.2973008858352875,0.00031221215520132035,0.7763874848482413,0.01146119993012762,0.009086842293474182,672.871648296348,535.8084456556044,901.208434600921,769.2759818172196,1.000737634559645
