,Unnamed: 0,mean,sd,hdi_3%,hdi_97%,mcse_mean,mcse_sd,ess_mean,ess_sd,ess_bulk,ess_tail,r_hat
0,b,1.0,0.0,1.0,1.0,0.0,0.0,10000.0,10000.0,10000.0,10000.0,
1,p_error,0.050000004470348365,3.725476371840841e-09,0.05000000074505806,0.05000000074505806,3.7254763718408414e-11,2.6343864464297942e-11,10000.0,10000.0,10000.0,10000.0,
2,v,0.00019475881595490145,2.626354078900933e-05,0.00014157137091489404,0.00024095661871033046,1.2155777486175823e-06,8.600808901022482e-07,466.81098708497706,466.81098708497706,543.3916327644519,338.0262900284514,1.001618551194804
3,s,0.010137877838708308,0.0008272427359226577,0.008618117238049493,0.0116592028286866,2.0978161982778727e-05,1.4836583810440992e-05,1555.0023710593741,1555.0023710593741,1560.1073661620285,1748.2642830392738,1.0015598140530355
4,gamma,0.006284619006414914,0.006673165163398223,4.920357539275112e-06,0.017956758452160892,0.00016332506071834214,0.00011550844145760469,1669.3910900841015,1669.3910900841015,1539.788027395254,1854.837964204634,1.0009495479899728
5,zeta,0.6508135209442975,0.7968832630983639,0.0005208888375370164,1.9332931186317304,0.044089369129146926,0.031203768855626618,326.67931911137333,326.67931911137333,519.5197934670397,349.7835729881552,1.0012862481321412
