,Unnamed: 0,mean,sd,hdi_3%,hdi_97%,mcse_mean,mcse_sd,ess_mean,ess_sd,ess_bulk,ess_tail,r_hat
0,b,1.0,0.0,1.0,1.0,0.0,0.0,10000.0,10000.0,10000.0,10000.0,
1,p_error,0.050000004470348365,3.725476371840841e-09,0.05000000074505806,0.05000000074505806,3.7254763718408414e-11,2.6343864464297942e-11,10000.0,10000.0,10000.0,10000.0,
2,v,0.00016134179102458165,1.0751747209462978e-05,0.00014089975032734612,0.00018085969075879983,2.837802907285725e-07,2.0070375392702888e-07,1435.4683823608786,1435.4683823608786,1418.6270402313128,1365.8754109644794,1.0013053320082606
3,s,0.006319540310907959,0.00044868950612930486,0.005457731911454578,0.007124609182693908,1.0290170380005777e-05,7.311160634533922e-06,1901.2826870015485,1883.751835912323,1949.1857015507283,1902.3825707308145,1.0003210162569345
4,gamma,0.002065256337190898,0.0020361741394251225,1.3971809073390178e-06,0.005750613473259176,4.1488130297337434e-05,2.9340091337109026e-05,2408.696646411102,2408.696646411102,2072.6199803346776,2014.5423573266821,1.0005469402201068
5,zeta,0.1410228018934557,0.15381287430549587,5.5218075516655606e-06,0.4134399969421221,0.003945626217726229,0.002790514698467144,1519.6847116819272,1519.6847116819272,1481.187060469363,1745.3175825172698,1.0016266936344445
