,Unnamed: 0,mean,sd,hdi_3%,hdi_97%,mcse_mean,mcse_sd,ess_mean,ess_sd,ess_bulk,ess_tail,r_hat
0,b,1.0,0.0,1.0,1.0,0.0,0.0,10000.0,10000.0,10000.0,10000.0,
1,p_error,0.050000004470348365,3.725476371840841e-09,0.05000000074505806,0.05000000074505806,3.7254763718408414e-11,2.6343864464297942e-11,10000.0,10000.0,10000.0,10000.0,
2,v,0.0002553901708600916,4.208975407003687e-05,0.0001898233598108388,0.00034279491476616326,1.741149771883881e-06,1.2498747300680584e-06,584.3600476109198,567.5922027836582,644.7328862637496,928.3067779420143,1.0007371074705698
3,s,0.011166384877069105,0.0012023203268276582,0.008779468724213634,0.013335289345438752,4.6101788275766464e-05,3.261287661763605e-05,680.1502080379282,680.1502080379282,720.2723542533487,1201.956902052959,1.0008521490746731
4,gamma,0.006869858172359983,0.006926268823899814,3.052434875143098e-06,0.019203210665187792,0.0001745612531539564,0.0001234563204364673,1574.3561497995356,1574.3561497995356,1429.2455082161791,1920.8784977047094,1.001594139785632
5,zeta,0.16871780093246996,0.1692650856061037,0.00033779632930518004,0.4610548196365459,0.004050295952214419,0.0028644701665854703,1746.4705008744907,1746.4705008744907,1568.0472761164385,2019.799726207626,1.000715823509403
