,Unnamed: 0,mean,sd,hdi_3%,hdi_97%,mcse_mean,mcse_sd,ess_mean,ess_sd,ess_bulk,ess_tail,r_hat
0,b,1.0,0.0,1.0,1.0,0.0,0.0,10000.0,10000.0,10000.0,10000.0,
1,p_error,0.050000004470348365,3.725476371840841e-09,0.05000000074505806,0.05000000074505806,3.7254763718408414e-11,2.6343864464297942e-11,10000.0,10000.0,10000.0,10000.0,
2,v,0.0001305814094138281,2.0782203790973207e-05,9.038493424619568e-05,0.00016638692169521183,1.5738978301304448e-06,1.1147808905501655e-06,174.35328130970538,174.35328130970538,210.62687193533242,151.1729374505886,1.006708782325919
3,s,0.00979292312537755,0.0006335558598802191,0.008581110958512795,0.01095591282357891,1.6045835303336627e-05,1.1389223074950568e-05,1558.996584874111,1547.8017855148858,1572.2010460537495,1696.6097077683642,1.001418088963599
4,gamma,0.006044794227480726,0.006533275513398001,2.1082467494430813e-06,0.017661683784192427,0.00018364656054998854,0.00012988766672966822,1265.5996562929715,1265.5996562929715,1209.4604722576826,1472.7509744843564,1.0003148462083609
5,zeta,1.0366162204945413,1.2736597401363257,0.00014893516461716741,3.2594208803179643,0.10569347590893302,0.07488719940411218,145.2146662465465,145.2146662465465,218.6761715923028,165.2263888271231,1.006824534904047
