,Unnamed: 0,mean,sd,hdi_3%,hdi_97%,mcse_mean,mcse_sd,ess_mean,ess_sd,ess_bulk,ess_tail,r_hat
0,b,1.0,0.0,1.0,1.0,0.0,0.0,10000.0,10000.0,10000.0,10000.0,
1,p_error,0.050000004470348365,3.725476371840841e-09,0.05000000074505806,0.05000000074505806,3.7254763718408414e-11,2.6343864464297942e-11,10000.0,10000.0,10000.0,10000.0,
2,v,0.0002979260574414169,5.980639833860234e-05,0.00018874775932143284,0.00040437272000202513,2.671151663450009e-06,1.889889481018232e-06,501.30057618196184,501.30057618196184,521.7635538381178,666.0483513589699,1.001957535855467
3,s,0.020413733449105388,0.0020351344395960263,0.01692752744988573,0.024457975779114176,7.066890597472862e-05,4.998804717520053e-05,829.3340017085742,829.3340017085742,832.1021316459922,1700.3364948482058,1.0012961285202948
4,gamma,0.007907366536403506,0.009040794572669387,7.592394766105289e-06,0.022394232328133642,0.0002196190331059017,0.00015532084355068026,1694.6236068440357,1694.6236068440357,1630.3336865137514,2215.836130802664,1.001595626866729
5,zeta,0.5689650201633781,0.7756672772479913,3.4305078828686855e-05,1.7827807547253038,0.0334181232495563,0.023642986220900608,538.7494354017293,538.7494354017293,701.3385203243372,836.9064615074594,1.0003486516725373
