,Unnamed: 0,mean,sd,hdi_3%,hdi_97%,mcse_mean,mcse_sd,ess_mean,ess_sd,ess_bulk,ess_tail,r_hat
0,b,1.0,0.0,1.0,1.0,0.0,0.0,10000.0,10000.0,10000.0,10000.0,
1,p_error,0.050000004470348365,3.725476371840841e-09,0.05000000074505806,0.05000000074505806,3.7254763718408414e-11,2.6343864464297942e-11,10000.0,10000.0,10000.0,10000.0,
2,v,0.0001841459881629589,4.591059587981675e-05,9.65964560400747e-05,0.00026993859514520786,2.2220726049883833e-06,1.5723174050297515e-06,426.8835001236089,426.8835001236089,446.96875911442487,419.0903555729088,1.000924105072168
3,s,0.012930739405184829,0.0015099814199334505,0.01030404693664541,0.015809703261601537,4.879214444155911e-05,3.5086969391149766e-05,957.7306688157789,926.6057772635976,1007.7141614393892,1024.6377191434894,1.0011578553554634
4,gamma,0.023323997940534944,0.027276810474220887,3.0794109052714213e-06,0.06723744256762414,0.0008352346167977293,0.0005907616506814142,1066.522939554862,1066.522939554862,1170.6188777692255,1659.4275925793634,1.0002239073216461
5,zeta,1.2073905967455405,1.5566566045999084,0.0005820793715835625,3.9642825450126784,0.07704277918766812,0.05451643987973,408.24582831764855,408.24582831764855,523.0105014437139,549.8580596315356,1.0012455894086878
