,Unnamed: 0,mean,sd,hdi_3%,hdi_97%,mcse_mean,mcse_sd,ess_mean,ess_sd,ess_bulk,ess_tail,r_hat
0,b,1.0,0.0,1.0,1.0,0.0,0.0,10000.0,10000.0,10000.0,10000.0,
1,p_error,0.050000004470348365,3.725476371840841e-09,0.05000000074505806,0.05000000074505806,3.7254763718408414e-11,2.6343864464297942e-11,10000.0,10000.0,10000.0,10000.0,
2,v,0.00013501137801564172,3.4740811726479804e-05,7.107810270577468e-05,0.0001995719824554901,1.9614853410227897e-06,1.3882712093632367e-06,313.6965840841351,313.6965840841351,346.80701905877845,332.0115711382346,1.0043786171790454
3,s,0.014003003477844809,0.001176319424938349,0.012009780173998641,0.01637853757206154,4.304394840036421e-05,3.0729020028742516e-05,746.8378727054785,733.2782000770328,781.2428361978917,983.8054361150873,1.0054141524699831
4,gamma,0.01758327457404664,0.023890053110769586,4.781378464309849e-06,0.05304549439427437,0.0008559273433817555,0.0006054587672968995,779.0412058394444,779.0412058394444,1070.6627979058806,1034.7678443315851,1.0038474981517536
5,zeta,0.6465344116041519,1.01349424519133,6.250372041728137e-05,1.9021678058000755,0.06563491076990119,0.04646778109228493,238.4365206047614,238.4365206047614,517.2733819367895,345.17870444558145,1.0039032250614492
