,Unnamed: 0,mean,sd,hdi_3%,hdi_97%,mcse_mean,mcse_sd,ess_mean,ess_sd,ess_bulk,ess_tail,r_hat
0,b,1.0,0.0,1.0,1.0,0.0,0.0,10000.0,10000.0,10000.0,10000.0,
1,p_error,0.050000004470348365,3.725476371840841e-09,0.05000000074505806,0.05000000074505806,3.7254763718408414e-11,2.6343864464297942e-11,10000.0,10000.0,10000.0,10000.0,
2,v,0.0003954068916811145,0.000107218312014559,0.00020352062435326421,0.000569025331739717,8.548477489786009e-06,6.055929225406144e-06,157.3114689489359,157.3114689489359,163.1114761176071,527.264922787637,1.0218427027849764
3,s,0.0262749644691444,0.004609728925514371,0.01926559492787799,0.03592864506702344,0.00015306320657855601,0.00011343180245043162,907.0039124815497,826.3381871281371,1127.889893756125,903.9401184072342,1.0018695859773996
4,gamma,0.014495939213545087,0.019381306502988183,3.910381532202706e-06,0.04136677874297623,0.000605231548608719,0.0004280851136057386,1025.470055114661,1025.470055114661,853.3448393179665,1390.1684449659374,1.0059021952090623
5,zeta,3.2312505661260227,2.6475706160942023,0.0010683543112357126,8.235435335495858,0.2241621529644829,0.1588391727559448,139.49881763205127,139.49881763205127,151.38924252007985,509.1964615116845,1.02215796996745
