,Unnamed: 0,mean,sd,hdi_3%,hdi_97%,mcse_mean,mcse_sd,ess_mean,ess_sd,ess_bulk,ess_tail,r_hat
0,b,1.0,0.0,1.0,1.0,0.0,0.0,10000.0,10000.0,10000.0,10000.0,
1,p_error,0.050000004470348365,3.725476371840841e-09,0.05000000074505806,0.05000000074505806,3.7254763718408414e-11,2.6343864464297942e-11,10000.0,10000.0,10000.0,10000.0,
2,v,0.00012339931117381924,1.2210833844657456e-05,0.00010175245544632857,0.00014772070290388684,3.630356575252707e-07,2.567711846855736e-07,1131.337221999481,1131.337221999481,1131.490476769929,1251.8837593606654,1.0009274388195315
3,s,0.00898627770605856,0.0006226536553014783,0.007797987095809126,0.01014836916282305,1.4735346800578887e-05,1.047297571123384e-05,1785.5514175596766,1767.9347012765286,1824.3083083078927,1804.7753395766567,1.004197489431369
4,gamma,0.006923623714312346,0.007343705039748586,2.980127492747416e-06,0.020298041310309756,0.00016050538365138353,0.00011351026179871345,2093.3952871072765,2093.3952871072765,1758.9203384783334,1653.5238783596371,1.001386091992828
5,zeta,0.2465124145288677,0.2712414241523936,9.503999339824296e-05,0.7249025659756789,0.007846444744298686,0.005693292274202511,1194.9952815633028,1135.4767816135645,1337.6096348890926,1240.9043932018872,1.0041852136645837
