,Unnamed: 0,mean,sd,hdi_3%,hdi_97%,mcse_mean,mcse_sd,ess_mean,ess_sd,ess_bulk,ess_tail,r_hat
0,b,1.0,0.0,1.0,1.0,0.0,0.0,10000.0,10000.0,10000.0,10000.0,
1,p_error,0.050000004470348365,3.725476371840841e-09,0.05000000074505806,0.05000000074505806,3.7254763718408414e-11,2.6343864464297942e-11,10000.0,10000.0,10000.0,10000.0,
2,v,0.00016832643186326835,3.3593958871046754e-05,0.00010740795392996071,0.00022998571413661176,1.5963534781816194e-06,1.1295366291427038e-06,442.85774738235267,442.85774738235267,495.5666848337594,448.2463285913256,1.0093610476290371
3,s,0.009242822293259827,0.0008151553326823947,0.0078080753801669876,0.0107932067504688,2.916311395441549e-05,2.0976613208191683e-05,781.2912460955243,755.6408551681988,821.0330956431462,1080.548841159201,1.002369117997682
4,gamma,0.012369591179790028,0.014793810484520125,3.7522983593523104e-06,0.035721237907016284,0.000508249920549088,0.0003737230927793465,847.2380713849926,784.0675684351207,1174.5929149383587,1245.4971802166035,1.0028670830758972
5,zeta,0.7218085426643959,0.9109402006993592,2.0274382804157414e-05,2.230919698138045,0.04340829521021304,0.030714651607616137,440.3867834234373,440.3867834234373,625.3463874284937,618.3278552285119,1.0052644193664932
