,Unnamed: 0,mean,sd,hdi_3%,hdi_97%,mcse_mean,mcse_sd,ess_mean,ess_sd,ess_bulk,ess_tail,r_hat
0,b,1.0,0.0,1.0,1.0,0.0,0.0,10000.0,10000.0,10000.0,10000.0,
1,p_error,0.050000004470348365,3.725476371840841e-09,0.05000000074505806,0.05000000074505806,3.7254763718408414e-11,2.6343864464297942e-11,10000.0,10000.0,10000.0,10000.0,
2,v,8.775360594793281e-06,9.074719309903819e-06,1.0188751363194676e-07,2.5554746643090114e-05,3.435697121967124e-07,2.4304211210787666e-07,697.6484912088063,697.6484912088063,675.7399250133071,1013.2467151157871,1.001494473091996
3,s,0.011056885736764421,0.0007978313680722688,0.009524960418317994,0.012536301776702612,2.094555895150209e-05,1.481372511129255e-05,1450.90275664966,1450.90275664966,1437.8657890394798,1726.324382080292,1.0004362908169877
4,gamma,0.24948828536639045,0.25708028673497,3.7952250990488564e-05,0.7959860924687309,0.008271227874830114,0.005850408039205399,966.04549456593,966.04549456593,902.0476975895441,1392.745086137804,1.0009019023617522
5,zeta,4.3872217066498695,2.858563247692348,0.0019941341868635934,9.108935923009907,0.06899216549193084,0.048793118959721146,1716.7065267262292,1716.7065267262292,1652.445850125079,2085.119741890112,1.0008904804320495
