,Unnamed: 0,mean,sd,hdi_3%,hdi_97%,mcse_mean,mcse_sd,ess_mean,ess_sd,ess_bulk,ess_tail,r_hat
0,b,1.0,0.0,1.0,1.0,0.0,0.0,10000.0,10000.0,10000.0,10000.0,
1,p_error,0.050000004470348365,3.725476371840841e-09,0.05000000074505806,0.05000000074505806,3.7254763718408414e-11,2.6343864464297942e-11,10000.0,10000.0,10000.0,10000.0,
2,v,0.00012340071726507832,2.8053518294476294e-05,7.084865493754174e-05,0.00017657347393872357,1.2676856737214984e-06,8.969235443154159e-07,489.7241332496182,489.7241332496182,492.58507415034927,677.4805933920463,1.0012948842172489
3,s,0.012670957003624693,0.0011034193108246724,0.010706870582492187,0.01475157458911741,3.724625862911411e-05,2.6345839642356242e-05,877.6388734699748,877.6388734699748,858.8367401259453,1398.2676359390316,1.0008079269785195
4,gamma,0.02015075408210884,0.02277192172024318,3.774889916897935e-06,0.059147722067586325,0.0006653876249315933,0.00047061731613309767,1171.2508673620046,1171.2508673620046,1339.8875187775932,1531.2934355869868,1.00064637395131
5,zeta,0.7513203420784906,0.9182824923700784,1.9807467532171095e-05,2.46576367201268,0.03883541591917778,0.02747512397312549,559.109262619245,559.109262619245,666.658927205549,753.8301005044448,1.0023344599437491
