,Unnamed: 0,mean,sd,hdi_3%,hdi_97%,mcse_mean,mcse_sd,ess_mean,ess_sd,ess_bulk,ess_tail,r_hat
0,b,1.0,0.0,1.0,1.0,0.0,0.0,10000.0,10000.0,10000.0,10000.0,
1,p_error,0.050000004470348365,3.725476371840841e-09,0.05000000074505806,0.05000000074505806,3.7254763718408414e-11,2.6343864464297942e-11,10000.0,10000.0,10000.0,10000.0,
2,v,0.0002453638800038889,4.924869581886506e-05,0.00015488204080273726,0.00033527058849915184,1.6741720529507587e-06,1.1842176497502563e-06,865.3450076725517,865.3450076725517,888.5847102468741,898.3866732157001,1.000567558382979
3,s,0.023221192886798026,0.002323074658710557,0.01882945277234783,0.02734745599592307,5.706873494751198e-05,4.0481335910871575e-05,1657.0279864312963,1647.1778790933704,1669.3853788236554,1784.3967543231356,1.0025733816207885
4,gamma,0.017093433035378372,0.019226021446312296,7.4615324525944384e-06,0.04745580968284144,0.00046454552297816443,0.0003285392399815043,1712.8616542424413,1712.8616542424413,1620.813266731722,1821.6933060147392,1.0005397957740316
5,zeta,0.7483874045619404,0.9569105968934591,0.0006145894939555668,2.396354963614974,0.032712373976734155,0.02327633025133765,855.6942288432269,845.6359143583284,1031.7162817778665,1058.9779970537688,1.001985141219451
