,Unnamed: 0,mean,sd,hdi_3%,hdi_97%,mcse_mean,mcse_sd,ess_mean,ess_sd,ess_bulk,ess_tail,r_hat
0,b,1.0,0.0,1.0,1.0,0.0,0.0,10000.0,10000.0,10000.0,10000.0,
1,p_error,0.050000004470348365,3.725476371840841e-09,0.05000000074505806,0.05000000074505806,3.7254763718408414e-11,2.6343864464297942e-11,10000.0,10000.0,10000.0,10000.0,
2,v,0.0003821941813731285,3.5661776145032314e-05,0.0003155637755624813,0.0004478719296314525,1.051018440540322e-06,7.433706245662819e-07,1151.291417489962,1151.291417489962,1157.4271437162645,1312.5276294257426,1.000798385611932
3,s,0.016543606249187097,0.0016931850616578026,0.013349181572408584,0.019629940738886856,4.5113314079272084e-05,3.2440769995798494e-05,1408.637975125895,1362.644343540853,1499.7460391562881,1641.3596596804186,1.0015653652854921
4,gamma,0.007361940729960019,0.007218599490637456,7.364522574483616e-06,0.020581512104047656,0.00015877067067209284,0.0001122836624845312,2067.118312718497,2067.118312718497,1851.7579204197505,2144.6368819513245,1.00031740199739
5,zeta,0.18318955225418296,0.20424866838167607,1.1698766630720813e-05,0.5549151780927344,0.005584644515601327,0.003949801400262567,1337.603510815704,1337.603510815704,1302.3114980593475,1641.0880917684399,1.000416303458509
