,Unnamed: 0,mean,sd,hdi_3%,hdi_97%,mcse_mean,mcse_sd,ess_mean,ess_sd,ess_bulk,ess_tail,r_hat
0,b,1.0,0.0,1.0,1.0,0.0,0.0,10000.0,10000.0,10000.0,10000.0,
1,p_error,0.050000004470348365,3.725476371840841e-09,0.05000000074505806,0.05000000074505806,3.7254763718408414e-11,2.6343864464297942e-11,10000.0,10000.0,10000.0,10000.0,
2,v,0.00012623337702185374,1.2144992124646844e-05,0.00010166129496775865,0.0001468351362795344,1.0223599777992723e-06,7.244170894504603e-07,141.1194240483131,141.1194240483131,156.14356908678462,231.79928704625198,1.0285286573435342
3,s,0.005442479272495338,0.0004275641813147794,0.004660576526106096,0.006225025278389848,1.0413067821067967e-05,7.364425056552376e-06,1685.952121368797,1685.952121368797,1682.2762402190865,1921.623946535563,1.0012179930661338
4,gamma,0.007858961389106805,0.008049964674699437,3.5706642983668875e-06,0.02271336919331928,0.00020314905718110384,0.00014367476696612702,1570.2121262636294,1570.2121262636294,1452.626411747792,1923.25918869113,1.0026170727137205
5,zeta,0.6661787546811563,0.6516685431870132,0.00027413981045849384,1.8679006135369027,0.05490763175587563,0.03993261879939665,140.86013180515553,133.74179983551676,181.7377579813273,197.86164422416542,1.025489469347093
