,Unnamed: 0,mean,sd,hdi_3%,hdi_97%,mcse_mean,mcse_sd,ess_mean,ess_sd,ess_bulk,ess_tail,r_hat
0,b,1.0,0.0,1.0,1.0,0.0,0.0,10000.0,10000.0,10000.0,10000.0,
1,p_error,0.050000004470348365,3.725476371840841e-09,0.05000000074505806,0.05000000074505806,3.7254763718408414e-11,2.6343864464297942e-11,10000.0,10000.0,10000.0,10000.0,
2,v,3.303186919308599e-05,1.073111672817063e-05,1.339121230106026e-05,5.168256366081074e-05,5.578128000968379e-07,3.9474447922280375e-07,370.0947175525649,370.0947175525649,371.15423869578507,624.8203492253456,1.0032846586673698
3,s,0.006585181013149465,0.00033294396170668373,0.0059661806500457895,0.007223349590747094,9.285651006955132e-06,6.5674369608003956e-06,1285.6346583481336,1285.6346583481336,1294.0565780202035,1547.7102261272144,1.0006824499929805
4,gamma,0.016706248788772738,0.019717819889126662,1.856325887775732e-05,0.051607789511852735,0.0006149972201708629,0.0004349921526498553,1027.9488027607815,1027.9488027607815,1074.5900222020402,1211.0450904285574,1.000590017452986
5,zeta,1.890155375677252,2.0819041801228684,0.0009370520468307377,6.299819162847557,0.10980271886427473,0.07770532694825956,359.4970131432981,359.4970131432981,404.4718030147113,782.5619411528744,1.0017879296011063
