,Unnamed: 0,mean,sd,hdi_3%,hdi_97%,mcse_mean,mcse_sd,ess_mean,ess_sd,ess_bulk,ess_tail,r_hat
0,b,1.0,0.0,1.0,1.0,0.0,0.0,10000.0,10000.0,10000.0,10000.0,
1,p_error,0.050000004470348365,3.725476371840841e-09,0.05000000074505806,0.05000000074505806,3.7254763718408414e-11,2.6343864464297942e-11,10000.0,10000.0,10000.0,10000.0,
2,v,0.00012435376026430746,2.8053131049766193e-05,6.57945987889548e-05,0.0001704758290099007,1.8421831940191941e-06,1.3042621025495e-06,231.89802456048596,231.89802456048596,254.80408659126925,254.09502284602817,1.0047053768367733
3,s,0.011557970132490207,0.0009271100982462064,0.00985149257928198,0.013230048288144877,3.126045747088977e-05,2.2111815457091327e-05,879.5731519146424,879.5731519146424,880.5550614723027,1356.9482858849494,1.0008258625837116
4,gamma,0.007725233706219713,0.008632272514018567,4.517002006213641e-06,0.02303576436123572,0.00027484608234993555,0.00019440302082815677,986.4411540396876,986.4411540396876,1074.7174504512434,1497.8491014980027,1.004431081926553
5,zeta,1.3991150143525335,1.7650628956580752,1.919037608824945e-07,5.169758777831211,0.12744261510339278,0.0903593125272332,191.81873470330365,191.36865273043156,281.98636853706415,241.89748012521682,1.0044662329121827
