,Unnamed: 0,mean,sd,hdi_3%,hdi_97%,mcse_mean,mcse_sd,ess_mean,ess_sd,ess_bulk,ess_tail,r_hat
0,b,1.0,0.0,1.0,1.0,0.0,0.0,10000.0,10000.0,10000.0,10000.0,
1,p_error,0.050000004470348365,3.725476371840841e-09,0.05000000074505806,0.05000000074505806,3.7254763718408414e-11,2.6343864464297942e-11,10000.0,10000.0,10000.0,10000.0,
2,v,0.00023315543312919687,1.7294317726170946e-05,0.00019823945452845118,0.0002640920333315135,6.703955488668433e-07,4.7424915223944504e-07,665.4947330582622,665.4947330582622,745.1097022266008,573.4910982340638,1.0014695955625628
3,s,0.010845659623701723,0.000924418615151042,0.009311604848017248,0.012610969476282414,2.2485883652210143e-05,1.5942517396135942e-05,1690.1196315834889,1681.683438655345,1720.3488155382574,1829.0913175589608,1.0005735036534924
4,gamma,0.005985289278212331,0.006114551666805854,6.843281098897409e-06,0.017446570878732463,0.00012841730295500866,9.081643017235538e-05,2267.159887304609,2267.159887304609,1789.9894816105282,1718.1916100884,1.00103837884422
5,zeta,0.37656481727106905,0.4145064961422119,8.862122778793599e-05,1.1186083060452816,0.01848966676953976,0.014398138040151278,502.5792039450998,414.98367858789817,696.4610805565177,606.7702963248971,1.0020416446415867
