,Unnamed: 0,mean,sd,hdi_3%,hdi_97%,mcse_mean,mcse_sd,ess_mean,ess_sd,ess_bulk,ess_tail,r_hat
0,b,1.0,0.0,1.0,1.0,0.0,0.0,10000.0,10000.0,10000.0,10000.0,
1,p_error,0.050000004470348365,3.725476371840841e-09,0.05000000074505806,0.05000000074505806,3.7254763718408414e-11,2.6343864464297942e-11,10000.0,10000.0,10000.0,10000.0,
2,v,0.00011892717381767707,4.9412570366474375e-05,3.3650513407400453e-05,0.00020687966937317232,2.5517834315259545e-06,1.8057887834492957e-06,374.9620069787448,374.9620069787448,376.2773745375216,934.0495576237233,1.0061643697827929
3,s,0.03165754739910406,0.002927402781164238,0.026385114985018828,0.03717752592308243,9.152865860023443e-05,6.473899761325229e-05,1022.94142701266,1022.94142701266,1038.7938486492017,1720.8246197668402,1.002853391619306
4,gamma,0.08778047094661412,0.11493320754366775,5.291727665626507e-05,0.27222511778884795,0.004159174019325693,0.0029421042011513587,763.6192555242843,763.6192555242843,844.1309002881845,1252.6103868918785,1.0010306063720225
5,zeta,2.5191054640536765,2.5192882192154062,0.0005216048959130738,7.869400951350832,0.11522400395734525,0.0815254364400203,478.0461076453772,478.0461076453772,531.4131260083476,1016.020306783481,1.0045010657608795
