,Unnamed: 0,mean,sd,hdi_3%,hdi_97%,mcse_mean,mcse_sd,ess_mean,ess_sd,ess_bulk,ess_tail,r_hat
0,b,1.0,0.0,1.0,1.0,0.0,0.0,10000.0,10000.0,10000.0,10000.0,
1,p_error,0.050000004470348365,3.725476371840841e-09,0.05000000074505806,0.05000000074505806,3.7254763718408414e-11,2.6343864464297942e-11,10000.0,10000.0,10000.0,10000.0,
2,v,7.403511750179435e-05,7.662114662066121e-06,5.99715761672073e-05,8.757275264865024e-05,6.9475434855931e-07,4.924484114721892e-07,121.62833066156703,121.62833066156703,133.87040618376474,291.62004540803423,1.0164371604775562
3,s,0.0035178586593993147,0.0001788190439964624,0.003161103275154013,0.0038412066603197375,4.634879229114647e-06,3.2779969317353785e-06,1488.5063544040822,1488.5063544040822,1443.29492885357,1668.4510857634396,1.0008017785373866
4,gamma,0.002645335558939194,0.0025890528227635852,1.411910834730479e-06,0.007449289836232961,6.288051023486275e-05,4.447088702976498e-05,1695.3122813002892,1695.3122813002892,1595.6048466612326,2109.5087329228804,1.0024730411467868
5,zeta,0.8864944009098961,0.7795565381136784,0.00030066312925000664,2.3579135119536807,0.07502324076761373,0.053193411541994286,107.97012293636766,107.97012293636766,116.8701360119016,281.43070998906137,1.0172993695528796
