,Unnamed: 0,mean,sd,hdi_3%,hdi_97%,mcse_mean,mcse_sd,ess_mean,ess_sd,ess_bulk,ess_tail,r_hat
0,b,1.0,0.0,1.0,1.0,0.0,0.0,10000.0,10000.0,10000.0,10000.0,
1,p_error,0.050000004470348365,3.725476371840841e-09,0.05000000074505806,0.05000000074505806,3.7254763718408414e-11,2.6343864464297942e-11,10000.0,10000.0,10000.0,10000.0,
2,v,5.405154610669893e-05,1.9305706944380825e-05,2.0742223066297068e-05,8.881680123490786e-05,1.0337555396693694e-06,7.315877241823975e-07,348.7672677950361,348.7672677950361,338.3731749237332,577.9071810381207,1.003089157658681
3,s,0.010825092391249605,0.0006719369592789301,0.009580664448753658,0.012128662201729621,2.444518939275827e-05,1.7292036177475566e-05,755.5622421033638,755.5622421033638,750.3733355741666,1046.2591628831863,1.0011399293206715
4,gamma,0.020294377564005633,0.024822526848136076,6.070712546734816e-06,0.06133590076444065,0.0008354483048803117,0.0005909464531151143,882.7806677261169,882.7806677261169,979.2286348476433,1207.6343979484095,1.0022864754939016
5,zeta,2.2938399211452833,2.400558917469983,0.00017670036483006653,7.464433958788214,0.12950711263256698,0.09165320722918137,343.58761207739553,343.58761207739553,419.26430540858047,614.5853609326823,1.0044083710915146
