,Unnamed: 0,mean,sd,hdi_3%,hdi_97%,mcse_mean,mcse_sd,ess_mean,ess_sd,ess_bulk,ess_tail,r_hat
0,b,1.0,0.0,1.0,1.0,0.0,0.0,10000.0,10000.0,10000.0,10000.0,
1,p_error,0.050000004470348365,3.725476371840841e-09,0.05000000074505806,0.05000000074505806,3.7254763718408414e-11,2.6343864464297942e-11,10000.0,10000.0,10000.0,10000.0,
2,v,0.00020110460856571566,1.951313181011495e-05,0.00016270064287897341,0.00023589694447146627,5.661818754186454e-07,4.00449391944508e-07,1187.796472293584,1187.796472293584,1206.4612078630335,1324.702736090507,1.0019186543018346
3,s,0.010034565282229005,0.0006716804196590718,0.00875537553258096,0.011251331306522571,1.7159332895921376e-05,1.217988327981279e-05,1532.2321722654144,1521.1628445395706,1549.4335767783814,1855.4692255818625,1.0011848367339495
4,gamma,0.008215672670005855,0.008101197655640529,7.453640208833728e-06,0.02323726702454652,0.0001933305615408251,0.00013672806527452843,1755.8905113426918,1755.8905113426918,1514.0130324182007,1851.2201037655755,1.002115226611807
5,zeta,0.17323326811299522,0.1876335996771302,0.00010903642457604509,0.4843620555628452,0.005166562291419026,0.003736230747018978,1318.9182602535855,1261.6087915653145,1344.1819900485393,1693.4591258433252,1.0034389641891772
