,Unnamed: 0,mean,sd,hdi_3%,hdi_97%,mcse_mean,mcse_sd,ess_mean,ess_sd,ess_bulk,ess_tail,r_hat
0,b,1.0,0.0,1.0,1.0,0.0,0.0,10000.0,10000.0,10000.0,10000.0,
1,p_error,0.050000004470348365,3.725476371840841e-09,0.05000000074505806,0.05000000074505806,3.7254763718408414e-11,2.6343864464297942e-11,10000.0,10000.0,10000.0,10000.0,
2,v,9.261619104341971e-05,2.486185459269136e-05,5.021687272222165e-05,0.00014186926230340765,1.0162004281440002e-06,7.189126457356638e-07,598.5608355663661,598.5608355663661,608.3575893472821,702.6035870297577,1.0038859565749554
3,s,0.013338249666951171,0.0009766559429526546,0.01160381364119923,0.015245769071002238,2.494381663964597e-05,1.7685211869029073e-05,1533.0537556689897,1525.4528089196854,1548.6653189505296,1764.5788983704028,1.0010778885244116
4,gamma,0.017138677339792487,0.01972559725450365,1.7169894287929488e-07,0.05054706201352307,0.000542951249473047,0.00038400938104511917,1319.892769140384,1319.892769140384,1352.058035470288,1121.0792243832511,1.001537802878269
5,zeta,1.3126952575034578,1.6695588218921933,0.0007269755538279562,4.520206918007529,0.07105508540419019,0.050270099883750384,552.0941150527121,552.0941150527121,689.9720333843093,756.1145893805783,1.0031330073616318
