,Unnamed: 0,mean,sd,hdi_3%,hdi_97%,mcse_mean,mcse_sd,ess_mean,ess_sd,ess_bulk,ess_tail,r_hat
0,b,1.0,0.0,1.0,1.0,0.0,0.0,10000.0,10000.0,10000.0,10000.0,
1,p_error,0.050000004470348365,3.725476371840841e-09,0.05000000074505806,0.05000000074505806,3.7254763718408414e-11,2.6343864464297942e-11,10000.0,10000.0,10000.0,10000.0,
2,v,0.00017686372671066197,3.833276717893744e-05,0.00010220362976708105,0.00024912410038157424,1.5902199062992218e-06,1.1250201834169834e-06,581.0666786860055,581.0666786860055,588.4543624178186,503.3660673408307,1.002967296338183
3,s,0.014876530335417368,0.0017726031131215405,0.011282576989899424,0.017970197171282246,6.136838368758332e-05,4.3409179202639216e-05,834.3219035246442,834.3219035246442,825.2620446975795,1290.6031596483929,1.0017459787743102
4,gamma,0.010583381606035985,0.012211934992959906,7.284757647811358e-07,0.03210617664493117,0.0003566563071389956,0.0002522568611028257,1172.3820231446175,1172.3820231446175,1181.9298166107026,1425.790268078458,1.0020051511617187
5,zeta,0.7607853739814773,0.9573006004698156,0.0003045851718048942,2.3508069166431627,0.04022495037054495,0.02871368643699908,566.3770260749222,556.3452823786913,797.4523267497403,595.549267934048,1.0012328853479886
