,mean,sd,hdi_3%,hdi_97%,mcse_mean,mcse_sd,ess_mean,ess_sd,ess_bulk,ess_tail,r_hat
b,1.0,0.0,1.0,1.0,0.0,0.0,10000.0,10000.0,10000.0,10000.0,
p_error,0.05000000447034836,3.725476371840841e-09,0.05000000074505806,0.05000000074505806,3.7254763718408414e-11,2.6343864464297942e-11,10000.0,10000.0,10000.0,10000.0,
v,4.631506233733517e-06,3.5376400708756725e-06,1.040213668883861e-07,1.1018305989413197e-05,9.831823867521873e-08,6.953716128324952e-08,1294.670074007146,1294.670074007146,1272.0826501772872,1823.8189930324459,1.0009125680604705
s,0.011686705502710384,0.0009601794345280871,0.009966746169480454,0.013592934772013223,2.6879948759445937e-05,1.9011340364523426e-05,1275.991927100382,1275.991927100382,1275.2059020485585,1544.0586307219899,1.0016153496717193
gamma,1.0,0.0,1.0,1.0,0.0,0.0,10000.0,10000.0,10000.0,10000.0,
zeta,0.0,0.0,0.0,0.0,0.0,0.0,10000.0,10000.0,10000.0,10000.0,
