,mean,sd,hdi_3%,hdi_97%,mcse_mean,mcse_sd,ess_mean,ess_sd,ess_bulk,ess_tail,r_hat
b,1.0,0.0,1.0,1.0,0.0,0.0,10000.0,10000.0,10000.0,10000.0,
p_error,0.05000000447034836,3.725476371840841e-09,0.05000000074505806,0.05000000074505806,3.7254763718408414e-11,2.6343864464297942e-11,10000.0,10000.0,10000.0,10000.0,
v,1.4068066491788808e-05,3.593547988159688e-06,7.359794128252131e-06,2.0381981098046053e-05,1.9543918712698096e-07,1.3919634769040172e-07,338.08320927032037,333.8265802804699,340.8951379354975,568.0957921429019,1.002947196677069
s,0.006237660570568653,0.0007226393013521367,0.005009871958703291,0.0076071598498061764,3.980854054182912e-05,2.817384141397091e-05,329.5267257232576,329.5267257232576,329.9126599988819,469.78845455872874,1.0037310233140049
gamma,1.0,0.0,1.0,1.0,0.0,0.0,10000.0,10000.0,10000.0,10000.0,
zeta,0.0,0.0,0.0,0.0,0.0,0.0,10000.0,10000.0,10000.0,10000.0,
