,mean,sd,hdi_3%,hdi_97%,mcse_mean,mcse_sd,ess_mean,ess_sd,ess_bulk,ess_tail,r_hat
b,1.0,0.0,1.0,1.0,0.0,0.0,10000.0,10000.0,10000.0,10000.0,
p_error,0.05000000447034836,3.725476371840841e-09,0.05000000074505806,0.05000000074505806,3.7254763718408414e-11,2.6343864464297942e-11,10000.0,10000.0,10000.0,10000.0,
v,1.162183800622956e-05,2.977504342434627e-06,5.759670890234448e-06,1.684924170807201e-05,1.5340361333543766e-07,1.0855682581007062e-07,376.7329692097044,376.7329692097044,378.32133035663594,664.1539791336799,1.0075919092365386
s,0.006100129732978369,0.0006968011388617649,0.004893894079157496,0.007443685118933013,3.462534058482362e-05,2.4520849134855243e-05,404.9762883951293,404.3372885956712,417.03647724408575,657.3136767398015,1.0073116682859997
gamma,1.0,0.0,1.0,1.0,0.0,0.0,10000.0,10000.0,10000.0,10000.0,
zeta,0.0,0.0,0.0,0.0,0.0,0.0,10000.0,10000.0,10000.0,10000.0,
