,mean,sd,hdi_3%,hdi_97%,mcse_mean,mcse_sd,ess_mean,ess_sd,ess_bulk,ess_tail,r_hat
b,1.0,0.0,1.0,1.0,0.0,0.0,10000.0,10000.0,10000.0,10000.0,
p_error,0.05000000447034836,3.725476371840841e-09,0.05000000074505806,0.05000000074505806,3.7254763718408414e-11,2.6343864464297942e-11,10000.0,10000.0,10000.0,10000.0,
v,7.677026531240786e-06,6.575909085956171e-06,1.0875888181824523e-07,1.9448399632686644e-05,1.5283200562086294e-07,1.080855777592428e-07,1851.3263214021138,1851.3263214021138,1652.0994388354532,1878.0181588682096,1.0016630787341985
s,0.02361385370054663,0.0020531098915524365,0.0199791358874375,0.027773645580110376,5.013376344123181e-05,3.554060688405373e-05,1677.1186012539144,1669.154450419388,1682.8346265053322,1987.7596715619393,1.0001528920468743
gamma,1.0,0.0,1.0,1.0,0.0,0.0,10000.0,10000.0,10000.0,10000.0,
zeta,0.0,0.0,0.0,0.0,0.0,0.0,10000.0,10000.0,10000.0,10000.0,
