,mean,sd,hdi_3%,hdi_97%,mcse_mean,mcse_sd,ess_mean,ess_sd,ess_bulk,ess_tail,r_hat
b,1.0,0.0,1.0,1.0,0.0,0.0,10000.0,10000.0,10000.0,10000.0,
p_error,0.05000000447034836,3.725476371840841e-09,0.05000000074505806,0.05000000074505806,3.7254763718408414e-11,2.6343864464297942e-11,10000.0,10000.0,10000.0,10000.0,
v,7.967180980654354e-06,6.966338017905356e-06,1.0135809262827057e-07,2.0816759459168332e-05,1.6679188051844448e-07,1.1795939451387712e-07,1744.4530128826445,1744.4530128826445,1483.2252731177248,1700.5046329573854,1.0032913252380449
s,0.02359434267536879,0.002043334060599457,0.019904803000856106,0.02762646348537674,4.8967679009325824e-05,3.4631179454336876e-05,1741.2443068886437,1741.2443068886437,1727.4567402700109,2044.2423113536213,1.0015973259970148
gamma,1.0,0.0,1.0,1.0,0.0,0.0,10000.0,10000.0,10000.0,10000.0,
zeta,0.0,0.0,0.0,0.0,0.0,0.0,10000.0,10000.0,10000.0,10000.0,
