,mean,sd,hdi_3%,hdi_97%,mcse_mean,mcse_sd,ess_mean,ess_sd,ess_bulk,ess_tail,r_hat
b,1.0,0.0,1.0,1.0,0.0,0.0,10000.0,10000.0,10000.0,10000.0,
p_error,0.05000000447034836,3.725476371840841e-09,0.05000000074505806,0.05000000074505806,3.7254763718408414e-11,2.6343864464297942e-11,10000.0,10000.0,10000.0,10000.0,
v,1.3835858829869157e-05,1.18604820234399e-05,1.0975042647985691e-07,3.51473223075036e-05,2.640493620341955e-07,1.867380923370887e-07,2017.597049608553,2017.597049608553,1770.742995277589,1953.823803987077,1.0012406900388344
s,0.032489882034710336,0.0027884530793669676,0.02723506230116524,0.037561668560542945,6.979273518874667e-05,4.958661214249329e-05,1596.2696071012906,1581.7142027585123,1614.4512823115963,1953.300148932921,1.0005312647795963
gamma,1.0,0.0,1.0,1.0,0.0,0.0,10000.0,10000.0,10000.0,10000.0,
zeta,0.0,0.0,0.0,0.0,0.0,0.0,10000.0,10000.0,10000.0,10000.0,
