,mean,sd,hdi_3%,hdi_97%,mcse_mean,mcse_sd,ess_mean,ess_sd,ess_bulk,ess_tail,r_hat
b,1.0,0.0,1.0,1.0,0.0,0.0,10000.0,10000.0,10000.0,10000.0,
p_error,0.05000000447034836,3.725476371840841e-09,0.05000000074505806,0.05000000074505806,3.7254763718408414e-11,2.6343864464297942e-11,10000.0,10000.0,10000.0,10000.0,
v,6.2517826293293e-06,5.455223096768815e-06,1.0498767279766897e-07,1.6261732916432062e-05,1.2792176447561283e-07,9.046885816810326e-08,1818.595658766334,1818.595658766334,1633.7612322997704,2034.6561716528956,1.0012071015132722
s,0.02309297303474553,0.001879912077700705,0.01950098969893447,0.02669682245956623,4.236039659233502e-05,2.9957760654111057e-05,1969.4957192166676,1969.4957192166676,1911.6930089852322,2107.16069359367,1.002092905897145
gamma,1.0,0.0,1.0,1.0,0.0,0.0,10000.0,10000.0,10000.0,10000.0,
zeta,0.0,0.0,0.0,0.0,0.0,0.0,10000.0,10000.0,10000.0,10000.0,
