,mean,sd,hdi_3%,hdi_97%,mcse_mean,mcse_sd,ess_mean,ess_sd,ess_bulk,ess_tail,r_hat
b,1.0,0.0,1.0,1.0,0.0,0.0,10000.0,10000.0,10000.0,10000.0,
p_error,0.05000000447034836,3.725476371840841e-09,0.05000000074505806,0.05000000074505806,3.7254763718408414e-11,2.6343864464297942e-11,10000.0,10000.0,10000.0,10000.0,
v,1.4806375867865076e-05,1.4025070971041363e-05,1.2177227268744876e-07,4.0348356354835106e-05,2.9964308295605293e-07,2.1190787039417308e-07,2190.794397489864,2190.794397489864,1810.3555293967506,2034.6138174009304,1.001773648814382
s,0.03290210690701827,0.004318796376384182,0.025237870282822872,0.04103719702865688,0.00011435153349154046,8.283971731769661e-05,1426.4004612370893,1359.5795656559872,1607.5470973011916,1689.798072383322,1.0006400413447285
gamma,1.0,0.0,1.0,1.0,0.0,0.0,10000.0,10000.0,10000.0,10000.0,
zeta,0.0,0.0,0.0,0.0,0.0,0.0,10000.0,10000.0,10000.0,10000.0,
