,mean,sd,hdi_3%,hdi_97%,mcse_mean,mcse_sd,ess_mean,ess_sd,ess_bulk,ess_tail,r_hat
b,1.0,0.0,1.0,1.0,0.0,0.0,10000.0,10000.0,10000.0,10000.0,
p_error,0.05000000447034836,3.725476371840841e-09,0.05000000074505806,0.05000000074505806,3.7254763718408414e-11,2.6343864464297942e-11,10000.0,10000.0,10000.0,10000.0,
v,1.4646036133079152e-05,8.832439907765373e-06,2.6043129903263534e-07,2.9895653312352693e-05,2.493543216466586e-07,1.763611364275215e-07,1254.6644237371675,1254.6644237371675,1224.2544843962646,1683.5486722511437,1.0013207664049666
s,0.018251665540786336,0.0014827539314410329,0.015611598561360338,0.021215036562066067,4.1491053800597074e-05,2.9345308451242983e-05,1277.1127416613585,1277.1127416613585,1266.3287778317822,1578.078759490666,1.0019771895298124
gamma,1.0,0.0,1.0,1.0,0.0,0.0,10000.0,10000.0,10000.0,10000.0,
zeta,0.0,0.0,0.0,0.0,0.0,0.0,10000.0,10000.0,10000.0,10000.0,
