,mean,sd,hdi_3%,hdi_97%,mcse_mean,mcse_sd,ess_mean,ess_sd,ess_bulk,ess_tail,r_hat
b,1.0,0.0,1.0,1.0,0.0,0.0,10000.0,10000.0,10000.0,10000.0,
p_error,0.05000000447034836,3.725476371840841e-09,0.05000000074505806,0.05000000074505806,3.7254763718408414e-11,2.6343864464297942e-11,10000.0,10000.0,10000.0,10000.0,
v,2.166091226860191e-05,2.9627438721500323e-06,1.648191281762776e-05,2.7725318273622196e-05,1.0075087591239235e-07,7.126567007686161e-08,864.7499708600519,864.7499708600519,862.3720182614308,1384.331928507128,1.0006616578831864
s,0.0073890908735627075,0.0005978258449345368,0.006211893861291449,0.008503613613552573,2.0494655240918524e-05,1.4496880176007906e-05,850.8796530206873,850.8796530206873,849.8305132626874,1414.6436520573784,1.0021835836183195
gamma,1.0,0.0,1.0,1.0,0.0,0.0,10000.0,10000.0,10000.0,10000.0,
zeta,0.0,0.0,0.0,0.0,0.0,0.0,10000.0,10000.0,10000.0,10000.0,
