,mean,sd,hdi_3%,hdi_97%,mcse_mean,mcse_sd,ess_mean,ess_sd,ess_bulk,ess_tail,r_hat
b,1.0,0.0,1.0,1.0,0.0,0.0,10000.0,10000.0,10000.0,10000.0,
p_error,0.05000000447034836,3.725476371840841e-09,0.05000000074505806,0.05000000074505806,3.7254763718408414e-11,2.6343864464297942e-11,10000.0,10000.0,10000.0,10000.0,
v,2.211899323854677e-05,2.9340849394165773e-06,1.6564899548844097e-05,2.74176719918244e-05,9.846158684203124e-08,6.977203249909825e-08,887.9974177195495,884.7876670070682,887.4667750856834,1241.6067129958217,1.0007608642069554
s,0.007382956581592862,0.0005928890111280443,0.0062511115294368695,0.008447728602511662,1.9309740734780853e-05,1.3658275140738914e-05,942.7443029591793,942.7443029591793,943.0326371160263,1161.4587921532225,1.0012280907112068
gamma,1.0,0.0,1.0,1.0,0.0,0.0,10000.0,10000.0,10000.0,10000.0,
zeta,0.0,0.0,0.0,0.0,0.0,0.0,10000.0,10000.0,10000.0,10000.0,
