,mean,sd,hdi_3%,hdi_97%,mcse_mean,mcse_sd,ess_mean,ess_sd,ess_bulk,ess_tail,r_hat
b,1.0,0.0,1.0,1.0,0.0,0.0,10000.0,10000.0,10000.0,10000.0,
p_error,0.05000000447034836,3.725476371840841e-09,0.05000000074505806,0.05000000074505806,3.7254763718408414e-11,2.6343864464297942e-11,10000.0,10000.0,10000.0,10000.0,
v,8.487297633864415e-06,3.3772911182980726e-06,2.117360440592715e-06,1.4565847348841116e-05,1.6327133470885636e-07,1.1552905766063235e-07,427.87519465906297,427.87519465906297,422.3139885832815,896.0427479356935,1.0031335374765071
s,0.009053991496372338,0.0007175206689998166,0.007764352320645023,0.010453744706952378,3.1462332652468794e-05,2.2259716717074326e-05,520.100168827162,520.100168827162,526.2365185472507,1320.9142118321715,1.0030934456266702
gamma,1.0,0.0,1.0,1.0,0.0,0.0,10000.0,10000.0,10000.0,10000.0,
zeta,0.0,0.0,0.0,0.0,0.0,0.0,10000.0,10000.0,10000.0,10000.0,
