,mean,sd,hdi_3%,hdi_97%,mcse_mean,mcse_sd,ess_mean,ess_sd,ess_bulk,ess_tail,r_hat
b,1.0,0.0,1.0,1.0,0.0,0.0,10000.0,10000.0,10000.0,10000.0,
p_error,0.05000000447034836,3.725476371840841e-09,0.05000000074505806,0.05000000074505806,3.7254763718408414e-11,2.6343864464297942e-11,10000.0,10000.0,10000.0,10000.0,
v,2.8393164474177187e-06,2.356171760271805e-06,1.0033846883774658e-07,7.109377235195696e-06,5.50214156500383e-08,3.891220583705309e-08,1833.793261702062,1833.793261702062,1605.1141215436714,1913.9847155309342,1.0025028532191482
s,0.013333729900885107,0.0007599014824084426,0.011945656724090804,0.014776280969515894,1.7880737513609365e-05,1.2661136868247621e-05,1806.1080476155946,1801.6889689906652,1811.8311931433047,2077.372176065277,1.0013365525331002
gamma,1.0,0.0,1.0,1.0,0.0,0.0,10000.0,10000.0,10000.0,10000.0,
zeta,0.0,0.0,0.0,0.0,0.0,0.0,10000.0,10000.0,10000.0,10000.0,
