,mean,sd,hdi_3%,hdi_97%,mcse_mean,mcse_sd,ess_mean,ess_sd,ess_bulk,ess_tail,r_hat
b,1.0,0.0,1.0,1.0,0.0,0.0,10000.0,10000.0,10000.0,10000.0,
p_error,0.05000000447034836,3.725476371840841e-09,0.05000000074505806,0.05000000074505806,3.7254763718408414e-11,2.6343864464297942e-11,10000.0,10000.0,10000.0,10000.0,
v,2.8727103682963107e-06,2.3569592845607343e-06,1.0114149445794271e-07,7.237246419784979e-06,5.3744331569843855e-08,3.800874601747271e-08,1923.2636746367411,1923.2636746367411,1687.0551460392903,1838.7832181472224,1.0008815369770252
s,0.013177420472024687,0.0007499175985361699,0.011830902061292912,0.014569713215598143,1.7767086040652696e-05,1.2565284399236612e-05,1781.5363165623214,1781.5363165623214,1781.3526800596048,2234.235302673475,1.0020575034687793
gamma,1.0,0.0,1.0,1.0,0.0,0.0,10000.0,10000.0,10000.0,10000.0,
zeta,0.0,0.0,0.0,0.0,0.0,0.0,10000.0,10000.0,10000.0,10000.0,
