,mean,sd,hdi_3%,hdi_97%,mcse_mean,mcse_sd,ess_mean,ess_sd,ess_bulk,ess_tail,r_hat
b,1.0,0.0,1.0,1.0,0.0,0.0,10000.0,10000.0,10000.0,10000.0,
p_error,0.05000000447034836,3.725476371840841e-09,0.05000000074505806,0.05000000074505806,3.7254763718408414e-11,2.6343864464297942e-11,10000.0,10000.0,10000.0,10000.0,
v,3.151913575733699e-05,3.95543568284522e-06,2.3772057910831074e-05,3.83979843360991e-05,1.2911358010367163e-07,9.132547565389567e-08,938.5227555858638,938.5227555858638,953.2224832037876,1169.4344386058174,1.0011381418167182
s,0.00866055089334043,0.0008161254653496911,0.007097147715547397,0.010119061202944587,2.7939159388592383e-05,1.9880617374023817e-05,853.2713976243448,843.1885630060926,859.497123862128,1130.1569834980876,1.0008474129898266
gamma,1.0,0.0,1.0,1.0,0.0,0.0,10000.0,10000.0,10000.0,10000.0,
zeta,0.0,0.0,0.0,0.0,0.0,0.0,10000.0,10000.0,10000.0,10000.0,
