,mean,sd,hdi_3%,hdi_97%,mcse_mean,mcse_sd,ess_mean,ess_sd,ess_bulk,ess_tail,r_hat
b,1.0,0.0,1.0,1.0,0.0,0.0,10000.0,10000.0,10000.0,10000.0,
p_error,0.05000000447034836,3.725476371840841e-09,0.05000000074505806,0.05000000074505806,3.7254763718408414e-11,2.6343864464297942e-11,10000.0,10000.0,10000.0,10000.0,
v,1.3380374011718904e-05,1.0670576389243156e-05,1.0097512398099781e-07,3.3036829718939286e-05,2.6187120088616864e-07,1.8520343980000525e-07,1660.3524174118809,1660.3524174118809,1535.993487469664,2269.5508130944636,1.0024678154696491
s,0.02481495143559409,0.0020976062437569895,0.02060298768010367,0.02861253152743231,5.155882216949179e-05,3.649903720127423e-05,1655.1675335036032,1651.9941580689674,1644.9409536926355,1862.3624492200997,1.0001648418338482
gamma,1.0,0.0,1.0,1.0,0.0,0.0,10000.0,10000.0,10000.0,10000.0,
zeta,0.0,0.0,0.0,0.0,0.0,0.0,10000.0,10000.0,10000.0,10000.0,
