,mean,sd,hdi_3%,hdi_97%,mcse_mean,mcse_sd,ess_mean,ess_sd,ess_bulk,ess_tail,r_hat
b,1.0,0.0,1.0,1.0,0.0,0.0,10000.0,10000.0,10000.0,10000.0,
p_error,0.05000000447034836,3.725476371840841e-09,0.05000000074505806,0.05000000074505806,3.7254763718408414e-11,2.6343864464297942e-11,10000.0,10000.0,10000.0,10000.0,
v,1.2993163578865196e-05,9.44255764102534e-06,1.5450928396316833e-07,3.0376083854511908e-05,2.076685656186482e-07,1.468645719229705e-07,2067.463079884942,2067.463079884942,1931.6084166341739,2034.0705789924486,1.0008242693305949
s,0.025407663072199865,0.002030037857558699,0.02160653933723531,0.029006543658556993,4.918270869088444e-05,3.490493378294356e-05,1703.6618061206434,1691.8210167587558,1724.4202655343818,1878.0127669591516,1.0027308491788463
gamma,1.0,0.0,1.0,1.0,0.0,0.0,10000.0,10000.0,10000.0,10000.0,
zeta,0.0,0.0,0.0,0.0,0.0,0.0,10000.0,10000.0,10000.0,10000.0,
