,mean,sd,hdi_3%,hdi_97%,mcse_mean,mcse_sd,ess_mean,ess_sd,ess_bulk,ess_tail,r_hat
b,1.0,0.0,1.0,1.0,0.0,0.0,10000.0,10000.0,10000.0,10000.0,
p_error,0.05000000447034836,3.725476371840841e-09,0.05000000074505806,0.05000000074505806,3.7254763718408414e-11,2.6343864464297942e-11,10000.0,10000.0,10000.0,10000.0,
v,1.381480470590511e-05,9.613915454375214e-06,1.102972005098299e-07,3.073832170294494e-05,2.491176003466111e-07,1.761872532805246e-07,1489.3328660525808,1489.3328660525808,1371.58518641017,1395.7336881805832,1.0016992169990937
s,0.017842869956874632,0.0013433521074913298,0.015262842929291125,0.020398901606484603,3.6650989050717814e-05,2.59972006873005e-05,1343.409219014769,1335.6303520949648,1360.402954862446,1561.9202988104078,1.0013550933012625
gamma,1.0,0.0,1.0,1.0,0.0,0.0,10000.0,10000.0,10000.0,10000.0,
zeta,0.0,0.0,0.0,0.0,0.0,0.0,10000.0,10000.0,10000.0,10000.0,
