,mean,sd,hdi_3%,hdi_97%,mcse_mean,mcse_sd,ess_mean,ess_sd,ess_bulk,ess_tail,r_hat
b,1.0,0.0,1.0,1.0,0.0,0.0,10000.0,10000.0,10000.0,10000.0,
p_error,0.05000000447034836,3.725476371840841e-09,0.05000000074505806,0.05000000074505806,3.7254763718408414e-11,2.6343864464297942e-11,10000.0,10000.0,10000.0,10000.0,
v,1.4270940486692252e-05,9.764575069311794e-06,1.1597760703240097e-07,3.2006439591238686e-05,2.6906839682856087e-07,1.9030223989783457e-07,1316.9864750568827,1316.9864750568827,1228.2391779515397,1408.7961145137567,1.0026611658000386
s,0.017897332652832956,0.0013624461873568082,0.015222845189742951,0.020328514790007794,3.757066042007177e-05,2.6572363214260367e-05,1315.046341714412,1315.046341714412,1317.9980949790727,1418.4861652382544,1.001733790116002
gamma,1.0,0.0,1.0,1.0,0.0,0.0,10000.0,10000.0,10000.0,10000.0,
zeta,0.0,0.0,0.0,0.0,0.0,0.0,10000.0,10000.0,10000.0,10000.0,
