,mean,sd,hdi_3%,hdi_97%,mcse_mean,mcse_sd,ess_mean,ess_sd,ess_bulk,ess_tail,r_hat
b,1.0,0.0,1.0,1.0,0.0,0.0,10000.0,10000.0,10000.0,10000.0,
p_error,0.05000000447034836,3.725476371840841e-09,0.05000000074505806,0.05000000074505806,3.7254763718408414e-11,2.6343864464297942e-11,10000.0,10000.0,10000.0,10000.0,
v,4.874638556541399e-06,3.819864392638214e-06,1.1941839211376326e-07,1.189455461358112e-05,1.000721737736769e-07,7.077588248972672e-08,1457.0324482353412,1457.0324482353412,1262.7295787522078,1436.23302842715,1.0028159168818747
s,0.01654042928699335,0.0010248977335315995,0.014690181492958363,0.018481027577724893,2.5468004124561733e-05,1.8011842775696863e-05,1619.4637916867164,1619.4637916867164,1604.751404284534,1894.4293184439991,1.0014813601419104
gamma,1.0,0.0,1.0,1.0,0.0,0.0,10000.0,10000.0,10000.0,10000.0,
zeta,0.0,0.0,0.0,0.0,0.0,0.0,10000.0,10000.0,10000.0,10000.0,
