,mean,sd,hdi_3%,hdi_97%,mcse_mean,mcse_sd,ess_mean,ess_sd,ess_bulk,ess_tail,r_hat
b,1.0,0.0,1.0,1.0,0.0,0.0,10000.0,10000.0,10000.0,10000.0,
p_error,0.05000000447034836,3.725476371840841e-09,0.05000000074505806,0.05000000074505806,3.7254763718408414e-11,2.6343864464297942e-11,10000.0,10000.0,10000.0,10000.0,
v,4.877911402651192e-06,3.891019734665593e-06,1.064709752486929e-07,1.204426164731443e-05,1.0742355772959783e-07,7.597681918378476e-08,1311.9817800137216,1311.9817800137216,1221.7331150576533,1408.903894767124,1.0011204336405397
s,0.016550617844459083,0.0010437252715377102,0.0146758654754567,0.01862482990651438,2.6942789210450366e-05,1.9083153698041592e-05,1500.6772246609423,1496.2751339589922,1505.340047333304,1798.2548329673066,1.0021397002936396
gamma,1.0,0.0,1.0,1.0,0.0,0.0,10000.0,10000.0,10000.0,10000.0,
zeta,0.0,0.0,0.0,0.0,0.0,0.0,10000.0,10000.0,10000.0,10000.0,
