,mean,sd,hdi_3%,hdi_97%,mcse_mean,mcse_sd,ess_mean,ess_sd,ess_bulk,ess_tail,r_hat
b,1.0,0.0,1.0,1.0,0.0,0.0,10000.0,10000.0,10000.0,10000.0,
p_error,0.05000000447034836,3.725476371840841e-09,0.05000000074505806,0.05000000074505806,3.7254763718408414e-11,2.6343864464297942e-11,10000.0,10000.0,10000.0,10000.0,
v,5.6457267590244015e-06,4.27080793108936e-06,1.0881718092644361e-07,1.3414652860445457e-05,1.1407772371812323e-07,8.068192424763263e-08,1401.5816004121575,1401.5816004121575,1322.4169651815325,1592.2537494332987,1.0003534886147576
s,0.016072744560054603,0.0010390329063675653,0.01403695723308919,0.017982626579612592,2.6529332888202646e-05,1.8762639252020873e-05,1533.9314272998702,1533.9314272998702,1505.1145072123481,1563.8312089616677,1.000778602929597
gamma,1.0,0.0,1.0,1.0,0.0,0.0,10000.0,10000.0,10000.0,10000.0,
zeta,0.0,0.0,0.0,0.0,0.0,0.0,10000.0,10000.0,10000.0,10000.0,
