,mean,sd,hdi_3%,hdi_97%,mcse_mean,mcse_sd,ess_mean,ess_sd,ess_bulk,ess_tail,r_hat
b,1.0,0.0,1.0,1.0,0.0,0.0,10000.0,10000.0,10000.0,10000.0,
p_error,0.05000000447034836,3.725476371840841e-09,0.05000000074505806,0.05000000074505806,3.7254763718408414e-11,2.6343864464297942e-11,10000.0,10000.0,10000.0,10000.0,
v,5.070851212719393e-06,4.1538842764712445e-06,1.0084127471701258e-07,1.2608355545150906e-05,9.521907030602603e-08,6.734037194430584e-08,1903.0969488512171,1903.0969488512171,1615.8817761923228,1848.9948708365202,1.000507954826312
s,0.019037901589855178,0.001553098739640264,0.01616676224792018,0.021937434145061507,3.659912654811942e-05,2.5883683384228525e-05,1800.7635555983557,1800.7635555983557,1784.262845245483,1712.9881427248101,1.0012065479776504
gamma,1.0,0.0,1.0,1.0,0.0,0.0,10000.0,10000.0,10000.0,10000.0,
zeta,0.0,0.0,0.0,0.0,0.0,0.0,10000.0,10000.0,10000.0,10000.0,
