,mean,sd,hdi_3%,hdi_97%,mcse_mean,mcse_sd,ess_mean,ess_sd,ess_bulk,ess_tail,r_hat
b,1.0,0.0,1.0,1.0,0.0,0.0,10000.0,10000.0,10000.0,10000.0,
p_error,0.05000000447034836,3.725476371840841e-09,0.05000000074505806,0.05000000074505806,3.7254763718408414e-11,2.6343864464297942e-11,10000.0,10000.0,10000.0,10000.0,
v,2.5597080647964536e-05,4.991713776307048e-06,1.5671905499105645e-05,3.4434385962887026e-05,1.5564198078141533e-07,1.1008672218181845e-07,1028.5984170613044,1028.5984170613044,1034.2468337054408,1384.2289187021456,1.0025947760043759
s,0.010964169403011002,0.00100798585280866,0.009050330560725623,0.012763586562546196,2.8770026379563475e-05,2.037920398791424e-05,1227.5193684118578,1223.8030003456936,1230.4341614592324,1389.217994782008,1.0046692962864543
gamma,1.0,0.0,1.0,1.0,0.0,0.0,10000.0,10000.0,10000.0,10000.0,
zeta,0.0,0.0,0.0,0.0,0.0,0.0,10000.0,10000.0,10000.0,10000.0,
