,mean,sd,hdi_3%,hdi_97%,mcse_mean,mcse_sd,ess_mean,ess_sd,ess_bulk,ess_tail,r_hat
b,1.0,0.0,1.0,1.0,0.0,0.0,10000.0,10000.0,10000.0,10000.0,
p_error,0.05000000447034836,3.725476371840841e-09,0.05000000074505806,0.05000000074505806,3.7254763718408414e-11,2.6343864464297942e-11,10000.0,10000.0,10000.0,10000.0,
v,3.4650077055092045e-05,9.944654674851299e-06,1.6468552162387355e-05,5.370154806520384e-05,2.2440252029847946e-07,1.5870011524801843e-07,1963.9207262003063,1963.9207262003063,1917.2933428969673,2073.367269158391,1.0016646239143283
s,0.015022569830442159,0.001048279662104449,0.013093147725959717,0.01700615038344276,2.612704291470998e-05,1.8576708772779535e-05,1609.8069678262598,1592.7436120216166,1641.053748713848,1912.4022745894001,1.00253128014343
gamma,1.0,0.0,1.0,1.0,0.0,0.0,10000.0,10000.0,10000.0,10000.0,
zeta,0.0,0.0,0.0,0.0,0.0,0.0,10000.0,10000.0,10000.0,10000.0,
