,mean,sd,hdi_3%,hdi_97%,mcse_mean,mcse_sd,ess_mean,ess_sd,ess_bulk,ess_tail,r_hat
b,1.0,0.0,1.0,1.0,0.0,0.0,10000.0,10000.0,10000.0,10000.0,
p_error,0.05000000447034836,3.725476371840841e-09,0.05000000074505806,0.05000000074505806,3.7254763718408414e-11,2.6343864464297942e-11,10000.0,10000.0,10000.0,10000.0,
v,3.335766397072489e-05,5.027615425673843e-06,2.3914331145809533e-05,4.289131576337531e-05,1.2976972750196635e-07,9.177889089518537e-08,1500.9883268718706,1500.9883268718706,1508.3863859626342,1463.7188184250524,1.0011473380763871
s,0.01034600218072616,0.0012402426021551173,0.007730643498927052,0.012394022537228152,2.9886202140513788e-05,2.1160928156797876e-05,1722.1533917517943,1718.1510730300672,1726.829056764191,1800.0632168631819,1.0019649972062203
gamma,1.0,0.0,1.0,1.0,0.0,0.0,10000.0,10000.0,10000.0,10000.0,
zeta,0.0,0.0,0.0,0.0,0.0,0.0,10000.0,10000.0,10000.0,10000.0,
