,mean,sd,hdi_3%,hdi_97%,mcse_mean,mcse_sd,ess_mean,ess_sd,ess_bulk,ess_tail,r_hat
b,1.0,0.0,1.0,1.0,0.0,0.0,10000.0,10000.0,10000.0,10000.0,
p_error,0.05000000447034836,3.725476371840841e-09,0.05000000074505806,0.05000000074505806,3.7254763718408414e-11,2.6343864464297942e-11,10000.0,10000.0,10000.0,10000.0,
v,9.598341092611126e-06,5.221860053639814e-06,6.045448741885147e-07,1.8254153398034518e-05,2.3802744201113822e-07,1.7054069243012393e-07,481.2784303244134,469.3583803196263,481.75560320524244,717.7548392467739,1.0039308899471944
s,0.007462026038767666,0.0006105699812876445,0.006319222842821427,0.008523323959460788,2.6963762627353177e-05,1.9077115245654112e-05,512.7550027555898,512.7550027555898,516.908958096592,1047.0947495885964,1.0011780578967606
gamma,1.0,0.0,1.0,1.0,0.0,0.0,10000.0,10000.0,10000.0,10000.0,
zeta,0.0,0.0,0.0,0.0,0.0,0.0,10000.0,10000.0,10000.0,10000.0,
