,mean,sd,hdi_3%,hdi_97%,mcse_mean,mcse_sd,ess_mean,ess_sd,ess_bulk,ess_tail,r_hat
b,1.0,0.0,1.0,1.0,0.0,0.0,10000.0,10000.0,10000.0,10000.0,
p_error,0.05000000447034836,3.725476371840841e-09,0.05000000074505806,0.05000000074505806,3.7254763718408414e-11,2.6343864464297942e-11,10000.0,10000.0,10000.0,10000.0,
v,9.25920828368675e-06,5.280119334857403e-06,1.333124362680109e-07,1.7140129645096862e-05,2.64107542650939e-07,1.8872459118707667e-07,399.69237872126155,391.9651027165232,395.1278911647476,718.2340264608539,1.009737023908726
s,0.0074500821582731405,0.0006177692112580475,0.006349440726480761,0.008566624431788161,3.007682129685118e-05,2.128224495165722e-05,421.8797197987774,421.8797197987774,424.8575345339994,777.5319995022068,1.005720186487705
gamma,1.0,0.0,1.0,1.0,0.0,0.0,10000.0,10000.0,10000.0,10000.0,
zeta,0.0,0.0,0.0,0.0,0.0,0.0,10000.0,10000.0,10000.0,10000.0,
