,mean,sd,hdi_3%,hdi_97%,mcse_mean,mcse_sd,ess_mean,ess_sd,ess_bulk,ess_tail,r_hat
b,1.0,0.0,1.0,1.0,0.0,0.0,10000.0,10000.0,10000.0,10000.0,
p_error,0.05000000447034836,3.725476371840841e-09,0.05000000074505806,0.05000000074505806,3.7254763718408414e-11,2.6343864464297942e-11,10000.0,10000.0,10000.0,10000.0,
v,2.705095825690505e-06,1.4825973529561875e-06,1.0002637543179892e-07,5.119330641143475e-06,5.327039961140338e-08,3.768205340240042e-08,774.5947184099944,774.5947184099944,741.7899256100953,1078.889389319916,1.0022274361198333
s,0.005844023865307729,0.0003216356203366972,0.005224294947315499,0.006413421132813019,1.1149821540908222e-05,7.886879494535607e-06,832.132428389815,832.132428389815,835.1953540707235,1511.464985059934,1.0005805924220332
gamma,1.0,0.0,1.0,1.0,0.0,0.0,10000.0,10000.0,10000.0,10000.0,
zeta,0.0,0.0,0.0,0.0,0.0,0.0,10000.0,10000.0,10000.0,10000.0,
