,mean,sd,hdi_3%,hdi_97%,mcse_mean,mcse_sd,ess_mean,ess_sd,ess_bulk,ess_tail,r_hat
b,1.0,0.0,1.0,1.0,0.0,0.0,10000.0,10000.0,10000.0,10000.0,
p_error,0.05000000447034836,3.725476371840841e-09,0.05000000074505806,0.05000000074505806,3.7254763718408414e-11,2.6343864464297942e-11,10000.0,10000.0,10000.0,10000.0,
v,2.6948970569679284e-06,1.4552689162905765e-06,1.0006564499062312e-07,5.068834007325415e-06,4.990211797322761e-08,3.5298234676332903e-08,850.4495372377353,850.4495372377353,812.3749162332416,1031.2047535764975,1.002101024800653
s,0.005850740748076025,0.0003167903250802626,0.0052362884060453575,0.006426321458800713,1.0730618284809224e-05,7.590233635428051e-06,871.5540528420345,871.5540528420345,870.5107380163257,1449.052278350588,1.0020972146615248
gamma,1.0,0.0,1.0,1.0,0.0,0.0,10000.0,10000.0,10000.0,10000.0,
zeta,0.0,0.0,0.0,0.0,0.0,0.0,10000.0,10000.0,10000.0,10000.0,
