,mean,sd,hdi_3%,hdi_97%,mcse_mean,mcse_sd,ess_mean,ess_sd,ess_bulk,ess_tail,r_hat
b,1.0,0.0,1.0,1.0,0.0,0.0,10000.0,10000.0,10000.0,10000.0,
p_error,0.05000000447034836,3.725476371840841e-09,0.05000000074505806,0.05000000074505806,3.7254763718408414e-11,2.6343864464297942e-11,10000.0,10000.0,10000.0,10000.0,
v,3.6523547015207087e-06,1.810274466994648e-06,1.088225418833708e-07,6.607387221808585e-06,7.389446568068839e-08,5.227669209799099e-08,600.1572068274478,600.1572068274478,584.7884871463301,789.603533194698,1.0021866611932786
s,0.005791255967345819,0.0003397025700618885,0.005124882540356015,0.006412193239435117,1.3402404028555674e-05,9.481236617964598e-06,642.4395261877467,642.4395261877467,642.8474652670367,1082.0648370169026,1.0024185844674345
gamma,1.0,0.0,1.0,1.0,0.0,0.0,10000.0,10000.0,10000.0,10000.0,
zeta,0.0,0.0,0.0,0.0,0.0,0.0,10000.0,10000.0,10000.0,10000.0,
