,mean,sd,hdi_3%,hdi_97%,mcse_mean,mcse_sd,ess_mean,ess_sd,ess_bulk,ess_tail,r_hat
b,1.0,0.0,1.0,1.0,0.0,0.0,10000.0,10000.0,10000.0,10000.0,
p_error,0.05000000447034836,3.725476371840841e-09,0.05000000074505806,0.05000000074505806,3.7254763718408414e-11,2.6343864464297942e-11,10000.0,10000.0,10000.0,10000.0,
v,3.5611801912283204e-06,1.777913494698499e-06,1.1146039182265494e-07,6.418821501802145e-06,6.786607621992279e-08,4.8008971787934576e-08,686.3028013607866,686.3028013607866,666.0469004344782,998.7651826655431,1.0088856503724115
s,0.005803198825231316,0.000339870350529991,0.00521789569319477,0.006504823110596509,1.2802125143961019e-05,9.056218351053781e-06,704.7943638642323,704.7943638642323,701.4259182833314,1291.0065444276543,1.009767417026732
gamma,1.0,0.0,1.0,1.0,0.0,0.0,10000.0,10000.0,10000.0,10000.0,
zeta,0.0,0.0,0.0,0.0,0.0,0.0,10000.0,10000.0,10000.0,10000.0,
