,mean,sd,hdi_3%,hdi_97%,mcse_mean,mcse_sd,ess_mean,ess_sd,ess_bulk,ess_tail,r_hat
b,1.0,0.0,1.0,1.0,0.0,0.0,10000.0,10000.0,10000.0,10000.0,
p_error,0.05000000447034836,3.725476371840841e-09,0.05000000074505806,0.05000000074505806,3.7254763718408414e-11,2.6343864464297942e-11,10000.0,10000.0,10000.0,10000.0,
v,8.877987639603149e-06,3.1755416244253526e-06,3.126387281013914e-06,1.5216426079971511e-05,1.2008405546336068e-07,8.494769052998354e-08,699.3022517854483,699.3022517854483,693.1878217542499,921.5191426789521,1.0008161804103461
s,0.007679983040318048,0.0005085541461145584,0.006751124587630499,0.00864302190648573,1.997024632415379e-05,1.4269755658238474e-05,648.4963786754506,635.6383731971165,659.8520830574338,925.2805766460841,1.0009375414946404
gamma,1.0,0.0,1.0,1.0,0.0,0.0,10000.0,10000.0,10000.0,10000.0,
zeta,0.0,0.0,0.0,0.0,0.0,0.0,10000.0,10000.0,10000.0,10000.0,
