,mean,sd,hdi_3%,hdi_97%,mcse_mean,mcse_sd,ess_mean,ess_sd,ess_bulk,ess_tail,r_hat
b,1.0,0.0,1.0,1.0,0.0,0.0,10000.0,10000.0,10000.0,10000.0,
p_error,0.05000000447034836,3.725476371840841e-09,0.05000000074505806,0.05000000074505806,3.7254763718408414e-11,2.6343864464297942e-11,10000.0,10000.0,10000.0,10000.0,
v,1.3430025931370287e-05,7.69139071212754e-06,1.0583881356837626e-07,2.6161384620525315e-05,2.2252670040908683e-07,1.5738857051828017e-07,1194.6632117456086,1194.6632117456086,995.3374113727675,867.838115571582,1.003159152107294
s,0.014519303077652071,0.0012211884872485178,0.012246434609508456,0.01683003355418218,3.552205661430494e-05,2.5320528177756633e-05,1181.8686109804728,1163.610600318826,1216.245942253074,1604.3153487924794,1.0017329789278002
gamma,1.0,0.0,1.0,1.0,0.0,0.0,10000.0,10000.0,10000.0,10000.0,
zeta,0.0,0.0,0.0,0.0,0.0,0.0,10000.0,10000.0,10000.0,10000.0,
