,mean,sd,hdi_3%,hdi_97%,mcse_mean,mcse_sd,ess_mean,ess_sd,ess_bulk,ess_tail,r_hat
b,1.0,0.0,1.0,1.0,0.0,0.0,10000.0,10000.0,10000.0,10000.0,
p_error,0.05000000447034836,3.725476371840841e-09,0.05000000074505806,0.05000000074505806,3.7254763718408414e-11,2.6343864464297942e-11,10000.0,10000.0,10000.0,10000.0,
v,4.944450304779632e-06,3.856578712990427e-06,1.0745562394014097e-07,1.209511025016022e-05,9.139597363381895e-08,6.463730210158995e-08,1780.5340040886658,1780.5340040886658,1475.7725551138192,1689.0486080570354,1.0007575633510577
s,0.016244792724229316,0.001118167205340203,0.014382051595801363,0.018505726528769906,2.6233938306433187e-05,1.8596351516607847e-05,1816.713802008403,1808.2902369990268,1828.197624001893,1754.2154892368274,1.0013420576833039
gamma,1.0,0.0,1.0,1.0,0.0,0.0,10000.0,10000.0,10000.0,10000.0,
zeta,0.0,0.0,0.0,0.0,0.0,0.0,10000.0,10000.0,10000.0,10000.0,
