,mean,sd,hdi_3%,hdi_97%,mcse_mean,mcse_sd,ess_mean,ess_sd,ess_bulk,ess_tail,r_hat
b,1.0,0.0,1.0,1.0,0.0,0.0,10000.0,10000.0,10000.0,10000.0,
p_error,0.05000000447034836,3.725476371840841e-09,0.05000000074505806,0.05000000074505806,3.7254763718408414e-11,2.6343864464297942e-11,10000.0,10000.0,10000.0,10000.0,
v,5.648640905435739e-06,4.825628252947533e-06,1.0115733887707693e-07,1.4525765199684048e-05,1.0199897765208385e-07,7.21335692273012e-08,2238.2886244220535,2238.2886244220535,1840.11249104382,1818.978309697475,1.001219345624978
s,0.018273001393043647,0.0018012633106635762,0.015128579646909371,0.021778355075468624,3.98644066548169e-05,2.8192420178886263e-05,2041.6617732643163,2041.6617732643163,2053.2154415803984,1904.9476506958429,1.0010336596256293
gamma,1.0,0.0,1.0,1.0,0.0,0.0,10000.0,10000.0,10000.0,10000.0,
zeta,0.0,0.0,0.0,0.0,0.0,0.0,10000.0,10000.0,10000.0,10000.0,
