,mean,sd,hdi_3%,hdi_97%,mcse_mean,mcse_sd,ess_mean,ess_sd,ess_bulk,ess_tail,r_hat
b,1.0,0.0,1.0,1.0,0.0,0.0,10000.0,10000.0,10000.0,10000.0,
p_error,0.05000000447034836,3.725476371840841e-09,0.05000000074505806,0.05000000074505806,3.7254763718408414e-11,2.6343864464297942e-11,10000.0,10000.0,10000.0,10000.0,
v,2.2891939994879062e-05,7.511514133158719e-06,9.277644935424408e-06,3.7653181588304804e-05,3.1089154402048553e-07,2.1994344830746217e-07,583.7637967915265,583.7637967915265,583.8540217118035,860.8370733407321,1.000894764101177
s,0.013142111332791478,0.0010045609638159366,0.011286934362266602,0.014974583502052516,4.090716060172376e-05,2.9079658546664236e-05,603.0508364851701,597.2668450777073,612.9700907940061,1138.7126225787724,1.0009665562727856
gamma,1.0,0.0,1.0,1.0,0.0,0.0,10000.0,10000.0,10000.0,10000.0,
zeta,0.0,0.0,0.0,0.0,0.0,0.0,10000.0,10000.0,10000.0,10000.0,
