,mean,sd,hdi_3%,hdi_97%,mcse_mean,mcse_sd,ess_mean,ess_sd,ess_bulk,ess_tail,r_hat
b,1.0,0.0,1.0,1.0,0.0,0.0,10000.0,10000.0,10000.0,10000.0,
p_error,0.05000000447034836,3.725476371840841e-09,0.05000000074505806,0.05000000074505806,3.7254763718408414e-11,2.6343864464297942e-11,10000.0,10000.0,10000.0,10000.0,
v,5.556440832976531e-06,3.1849117583636417e-06,1.413423227427343e-07,1.0896483190665314e-05,1.1710431968722059e-07,8.283793145547036e-08,739.688688811975,739.688688811975,700.8751457444354,1002.5234002352646,1.004045673991257
s,0.009655485237351704,0.0006107634134055578,0.008469251519251753,0.010793448933095506,2.568662070999296e-05,1.818299475244493e-05,565.3691164915892,564.7212003291327,568.4405376474791,1283.9569532858197,1.0011004795055534
gamma,1.0,0.0,1.0,1.0,0.0,0.0,10000.0,10000.0,10000.0,10000.0,
zeta,0.0,0.0,0.0,0.0,0.0,0.0,10000.0,10000.0,10000.0,10000.0,
