,mean,sd,hdi_3%,hdi_97%,mcse_mean,mcse_sd,ess_mean,ess_sd,ess_bulk,ess_tail,r_hat
b,1.0,0.0,1.0,1.0,0.0,0.0,10000.0,10000.0,10000.0,10000.0,
p_error,0.05000000447034836,3.725476371840841e-09,0.05000000074505806,0.05000000074505806,3.7254763718408414e-11,2.6343864464297942e-11,10000.0,10000.0,10000.0,10000.0,
v,1.684271308953756e-06,1.4662422664770151e-06,1.0118343174362636e-07,4.4288301377896865e-06,3.704060814040495e-08,2.619654196992929e-08,1566.9504093093385,1566.9504093093385,1487.529380742224,1889.9887035935567,1.0007153873834447
s,0.012636766476891638,0.0006202079795591263,0.011528700849131511,0.013868009051316478,1.5540108608200518e-05,1.0995439460989336e-05,1592.8196312379905,1591.3977789703392,1592.2790147349765,1913.2947798023683,1.002569875412758
gamma,1.0,0.0,1.0,1.0,0.0,0.0,10000.0,10000.0,10000.0,10000.0,
zeta,0.0,0.0,0.0,0.0,0.0,0.0,10000.0,10000.0,10000.0,10000.0,
