,mean,sd,hdi_3%,hdi_97%,mcse_mean,mcse_sd,ess_mean,ess_sd,ess_bulk,ess_tail,r_hat
b,1.0,0.0,1.0,1.0,0.0,0.0,10000.0,10000.0,10000.0,10000.0,
p_error,0.05000000447034836,3.725476371840841e-09,0.05000000074505806,0.05000000074505806,3.7254763718408414e-11,2.6343864464297942e-11,10000.0,10000.0,10000.0,10000.0,
v,2.4610452150393333e-06,2.0567241265433596e-06,1.0172412975239193e-07,6.138855890205749e-06,6.60062701658011e-08,4.881214702282795e-08,970.9160937302482,888.2834710730634,994.1283408357783,892.2074674109009,1.003074972454524
s,0.011393423071574673,0.0007307146758704351,0.009941567941894611,0.012722351959914148,2.3797125313812237e-05,1.683231677356237e-05,942.8588127346646,942.8588127346646,967.6446444083414,998.095827838289,1.0015941533759534
gamma,1.0,0.0,1.0,1.0,0.0,0.0,10000.0,10000.0,10000.0,10000.0,
zeta,0.0,0.0,0.0,0.0,0.0,0.0,10000.0,10000.0,10000.0,10000.0,
