,mean,sd,hdi_3%,hdi_97%,mcse_mean,mcse_sd,ess_mean,ess_sd,ess_bulk,ess_tail,r_hat
b,1.0,0.0,1.0,1.0,0.0,0.0,10000.0,10000.0,10000.0,10000.0,
p_error,0.05000000447034836,3.725476371840841e-09,0.05000000074505806,0.05000000074505806,3.7254763718408414e-11,2.6343864464297942e-11,10000.0,10000.0,10000.0,10000.0,
v,1.45270217586033e-06,1.2537747366871767e-06,1.0201889807224115e-07,3.838828798443945e-06,3.089990333664835e-08,2.1853403183844868e-08,1646.3599306213328,1646.3599306213328,1517.6669912201708,1826.2363583360486,1.0009322765206732
s,0.010291148841393412,0.000646435012610653,0.009035429380370759,0.011472492249721938,1.6913499910807664e-05,1.1962039227442709e-05,1460.7731274545251,1460.7731274545251,1449.248490429784,1958.682785474793,1.0018953520092655
gamma,1.0,0.0,1.0,1.0,0.0,0.0,10000.0,10000.0,10000.0,10000.0,
zeta,0.0,0.0,0.0,0.0,0.0,0.0,10000.0,10000.0,10000.0,10000.0,
