,mean,sd,hdi_3%,hdi_97%,mcse_mean,mcse_sd,ess_mean,ess_sd,ess_bulk,ess_tail,r_hat
b,1.0,0.0,1.0,1.0,0.0,0.0,10000.0,10000.0,10000.0,10000.0,
p_error,0.05000000447034836,3.725476371840841e-09,0.05000000074505806,0.05000000074505806,3.7254763718408414e-11,2.6343864464297942e-11,10000.0,10000.0,10000.0,10000.0,
v,3.6842093865819173e-06,3.5390009432423036e-06,1.0336225360387992e-07,1.0054893788127427e-05,7.582029658085654e-08,5.362022488605585e-08,2178.6647111522575,2178.6647111522575,1894.69966759228,2384.5259947616632,1.0001104312683424
s,0.02347406204468387,0.0022832050584316137,0.0192739357620408,0.027840515770968098,5.398075397323993e-05,3.8374125752158255e-05,1789.0066026162408,1770.622418233164,1792.7921417755022,1901.6088408690107,1.0026742729006417
gamma,1.0,0.0,1.0,1.0,0.0,0.0,10000.0,10000.0,10000.0,10000.0,
zeta,0.0,0.0,0.0,0.0,0.0,0.0,10000.0,10000.0,10000.0,10000.0,
