,mean,sd,hdi_3%,hdi_97%,mcse_mean,mcse_sd,ess_mean,ess_sd,ess_bulk,ess_tail,r_hat
b,1.0,0.0,1.0,1.0,0.0,0.0,10000.0,10000.0,10000.0,10000.0,
p_error,0.05000000447034836,3.725476371840841e-09,0.05000000074505806,0.05000000074505806,3.7254763718408414e-11,2.6343864464297942e-11,10000.0,10000.0,10000.0,10000.0,
v,8.724012519593104e-06,8.193310716697207e-06,1.0359026213125826e-07,2.4222158041305018e-05,1.761185660693072e-07,1.245514191517995e-07,2164.255691800859,2164.255691800859,1680.9638279008116,1612.4915265698173,1.0007933872183956
s,0.030872985777335157,0.0032572624938453044,0.024781557081198127,0.036733007528334506,7.714072519902804e-05,5.5001362678818405e-05,1782.9455588354551,1754.1756240673315,1844.53059728193,2025.1208596461297,1.0016752717570663
gamma,1.0,0.0,1.0,1.0,0.0,0.0,10000.0,10000.0,10000.0,10000.0,
zeta,0.0,0.0,0.0,0.0,0.0,0.0,10000.0,10000.0,10000.0,10000.0,
