,mean,sd,hdi_3%,hdi_97%,mcse_mean,mcse_sd,ess_mean,ess_sd,ess_bulk,ess_tail,r_hat
b,1.0,0.0,1.0,1.0,0.0,0.0,10000.0,10000.0,10000.0,10000.0,
p_error,0.05000000447034836,3.725476371840841e-09,0.05000000074505806,0.05000000074505806,3.7254763718408414e-11,2.6343864464297942e-11,10000.0,10000.0,10000.0,10000.0,
v,7.3871064104921974e-06,4.557640433039307e-06,1.0473900231945619e-07,1.5121376722810702e-05,1.291998029676787e-07,9.137947835609243e-08,1244.3897234127935,1244.3897234127935,1067.4857692338699,1497.6845642115823,1.001885162277995
s,0.011428808710403178,0.0009267976850430835,0.00973879635309803,0.013166944301942589,2.402644566494443e-05,1.6992593973078495e-05,1487.9585170972018,1487.9585170972018,1486.6587022858282,1860.1567736886757,1.0024101646562724
gamma,1.0,0.0,1.0,1.0,0.0,0.0,10000.0,10000.0,10000.0,10000.0,
zeta,0.0,0.0,0.0,0.0,0.0,0.0,10000.0,10000.0,10000.0,10000.0,
