,mean,sd,hdi_3%,hdi_97%,mcse_mean,mcse_sd,ess_mean,ess_sd,ess_bulk,ess_tail,r_hat
b,1.0,0.0,1.0,1.0,0.0,0.0,10000.0,10000.0,10000.0,10000.0,
p_error,0.05000000447034836,3.725476371840841e-09,0.05000000074505806,0.05000000074505806,3.7254763718408414e-11,2.6343864464297942e-11,10000.0,10000.0,10000.0,10000.0,
v,4.572496248894191e-06,3.932199110364935e-06,1.0077114027902378e-07,1.202766100182515e-05,8.54992950118414e-08,6.04654698346577e-08,2115.1731928353774,2115.1731928353774,1790.1569438060567,1765.361779480322,1.0025914182685356
s,0.015850426115568035,0.0011800245677724564,0.01372950792424149,0.018153987587985167,2.6353707295338095e-05,1.865967846233522e-05,2004.9274528244164,2000.1864030387655,2007.177887386635,1848.314055785189,1.0018037590410518
gamma,1.0,0.0,1.0,1.0,0.0,0.0,10000.0,10000.0,10000.0,10000.0,
zeta,0.0,0.0,0.0,0.0,0.0,0.0,10000.0,10000.0,10000.0,10000.0,
