,mean,sd,hdi_3%,hdi_97%,mcse_mean,mcse_sd,ess_mean,ess_sd,ess_bulk,ess_tail,r_hat
b,1.0,0.0,1.0,1.0,0.0,0.0,10000.0,10000.0,10000.0,10000.0,
p_error,0.05000000447034836,3.725476371840841e-09,0.05000000074505806,0.05000000074505806,3.7254763718408414e-11,2.6343864464297942e-11,10000.0,10000.0,10000.0,10000.0,
v,1.575693346581451e-05,7.412770604448358e-06,2.1621981434019916e-06,2.865865886146897e-05,1.8326136103587002e-07,1.2960845875582822e-07,1636.1356439236013,1636.1356439236013,1511.5359762538517,1259.298235106802,1.0000394760710307
s,0.012719072203427328,0.0011200933107584933,0.010768927048002221,0.014953774177749811,2.7782227497179284e-05,1.9748902439373027e-05,1625.4524922986918,1608.9774976877256,1612.1188683733599,1699.797384023948,1.0019762391234133
gamma,1.0,0.0,1.0,1.0,0.0,0.0,10000.0,10000.0,10000.0,10000.0,
zeta,0.0,0.0,0.0,0.0,0.0,0.0,10000.0,10000.0,10000.0,10000.0,
