,mean,sd,hdi_3%,hdi_97%,mcse_mean,mcse_sd,ess_mean,ess_sd,ess_bulk,ess_tail,r_hat
b,1.0,0.0,1.0,1.0,0.0,0.0,10000.0,10000.0,10000.0,10000.0,
p_error,0.05000000447034836,3.725476371840841e-09,0.05000000074505806,0.05000000074505806,3.7254763718408414e-11,2.6343864464297942e-11,10000.0,10000.0,10000.0,10000.0,
v,1.3736455603041795e-05,4.131049778422133e-06,3.375793630674559e-06,1.9972277400213593e-05,5.602795755391818e-07,3.9832265688754683e-07,54.36398380638627,54.36398380638627,79.19062749682811,60.26781761430552,1.0178207779836663
s,0.0062709237274077324,0.003096908872902252,0.004166461911186295,0.009097901344912427,0.0005059830684847576,0.0003606072448421625,37.4614759144278,37.4614759144278,69.70458549240006,42.0682605362098,1.0206791044693662
gamma,1.0,0.0,1.0,1.0,0.0,0.0,10000.0,10000.0,10000.0,10000.0,
zeta,0.0,0.0,0.0,0.0,0.0,0.0,10000.0,10000.0,10000.0,10000.0,
