,mean,sd,hdi_3%,hdi_97%,mcse_mean,mcse_sd,ess_mean,ess_sd,ess_bulk,ess_tail,r_hat
b,1.0,0.0,1.0,1.0,0.0,0.0,10000.0,10000.0,10000.0,10000.0,
p_error,0.05000000447034836,3.725476371840841e-09,0.05000000074505806,0.05000000074505806,3.7254763718408414e-11,2.6343864464297942e-11,10000.0,10000.0,10000.0,10000.0,
v,3.012029125017825e-05,4.570919872287707e-06,2.111825017162155e-05,3.803778015741832e-05,2.274328793856819e-07,1.609355990067301e-07,403.92498450875127,403.92498450875127,426.73135276563755,689.3709671760168,1.0076155919604066
s,0.008359078264149267,0.0009144673426542189,0.006525757971097032,0.009980859089497526,4.395180183995478e-05,3.174469478443832e-05,432.89546200243615,415.50315400237,441.3715860211811,790.4971270452825,1.0051889880653295
gamma,1.0,0.0,1.0,1.0,0.0,0.0,10000.0,10000.0,10000.0,10000.0,
zeta,0.0,0.0,0.0,0.0,0.0,0.0,10000.0,10000.0,10000.0,10000.0,
