,mean,sd,hdi_3%,hdi_97%,mcse_mean,mcse_sd,ess_mean,ess_sd,ess_bulk,ess_tail,r_hat
b,1.0,0.0,1.0,1.0,0.0,0.0,10000.0,10000.0,10000.0,10000.0,
p_error,0.05000000447034836,3.725476371840841e-09,0.05000000074505806,0.05000000074505806,3.7254763718408414e-11,2.6343864464297942e-11,10000.0,10000.0,10000.0,10000.0,
v,6.160310812923682e-06,5.839066259365074e-06,1.0345157088623766e-07,1.7080129644305354e-05,1.198228224707178e-07,8.473793898904628e-08,2374.694335359507,2374.694335359507,1617.971876047521,1943.8717222371747,1.0031875981205134
s,0.03021594011009692,0.0023383160698052137,0.026007353351901245,0.03464687219524491,5.378664879984495e-05,3.823406525080868e-05,1889.9810781003994,1870.7292066862801,1936.8905399921416,2151.4498660803342,1.0007867130921029
gamma,1.0,0.0,1.0,1.0,0.0,0.0,10000.0,10000.0,10000.0,10000.0,
zeta,0.0,0.0,0.0,0.0,0.0,0.0,10000.0,10000.0,10000.0,10000.0,
