,mean,sd,hdi_3%,hdi_97%,mcse_mean,mcse_sd,ess_mean,ess_sd,ess_bulk,ess_tail,r_hat
b,1.0,0.0,1.0,1.0,0.0,0.0,10000.0,10000.0,10000.0,10000.0,
p_error,0.05000000447034836,3.725476371840841e-09,0.05000000074505806,0.05000000074505806,3.7254763718408414e-11,2.6343864464297942e-11,10000.0,10000.0,10000.0,10000.0,
v,3.343007307127393e-05,2.6688844576777912e-05,1.0814906371746882e-07,8.108087579163683e-05,5.94147508686795e-07,4.2018647621465465e-07,2017.7668572074024,2017.7668572074024,1727.1977175345542,1968.0148555026435,1.0028453627402552
s,0.04737462924343306,0.001986167584380907,0.043813176740740284,0.04999277594713885,4.647053125712032e-05,3.3083530753951654e-05,1826.7390150124493,1802.6800010658117,1592.8217711609216,1567.2190430142027,1.0021436445505474
gamma,1.0,0.0,1.0,1.0,0.0,0.0,10000.0,10000.0,10000.0,10000.0,
zeta,0.0,0.0,0.0,0.0,0.0,0.0,10000.0,10000.0,10000.0,10000.0,
