,mean,sd,hdi_3%,hdi_97%,mcse_mean,mcse_sd,ess_mean,ess_sd,ess_bulk,ess_tail,r_hat
b,1.0,0.0,1.0,1.0,0.0,0.0,10000.0,10000.0,10000.0,10000.0,
p_error,0.05000000447034836,3.725476371840841e-09,0.05000000074505806,0.05000000074505806,3.7254763718408414e-11,2.6343864464297942e-11,10000.0,10000.0,10000.0,10000.0,
v,1.2189376504464763e-05,1.104678010610078e-05,1.0002966474214809e-07,3.287184004171511e-05,2.2305313959120055e-07,1.577411466850653e-07,2452.758205170577,2452.758205170577,1928.8561062407782,1423.3591010485443,1.003175621442449
s,0.039097708866311004,0.003283282893635299,0.033143556769589834,0.04549349345452014,7.438362418248591e-05,5.360563522616368e-05,1948.327402140921,1876.2934592525578,2027.357480987776,1877.969467065572,1.0008472638535602
gamma,1.0,0.0,1.0,1.0,0.0,0.0,10000.0,10000.0,10000.0,10000.0,
zeta,0.0,0.0,0.0,0.0,0.0,0.0,10000.0,10000.0,10000.0,10000.0,
