,mean,sd,hdi_3%,hdi_97%,mcse_mean,mcse_sd,ess_mean,ess_sd,ess_bulk,ess_tail,r_hat
b,1.0,0.0,1.0,1.0,0.0,0.0,10000.0,10000.0,10000.0,10000.0,
p_error,0.05000000447034836,3.725476371840841e-09,0.05000000074505806,0.05000000074505806,3.7254763718408414e-11,2.6343864464297942e-11,10000.0,10000.0,10000.0,10000.0,
v,8.741610259313936e-06,8.38135225410378e-06,1.023742912425872e-07,2.3423936048163638e-05,1.7431846359606786e-07,1.2327732258063018e-07,2311.7528858435594,2311.7528858435594,2061.1042673254656,2303.843214357274,1.0010199503399242
s,0.037297948509174984,0.003754670024317988,0.030173390123354127,0.044483982595508315,8.729456025948676e-05,6.379374318314441e-05,1849.9891773011436,1732.621225231865,1899.8984939897703,1646.785339368342,1.0008801160074778
gamma,1.0,0.0,1.0,1.0,0.0,0.0,10000.0,10000.0,10000.0,10000.0,
zeta,0.0,0.0,0.0,0.0,0.0,0.0,10000.0,10000.0,10000.0,10000.0,
