,mean,sd,hdi_3%,hdi_97%,mcse_mean,mcse_sd,ess_mean,ess_sd,ess_bulk,ess_tail,r_hat
b,1.0,0.0,1.0,1.0,0.0,0.0,10000.0,10000.0,10000.0,10000.0,
p_error,0.05000000447034836,3.725476371840841e-09,0.05000000074505806,0.05000000074505806,3.7254763718408414e-11,2.6343864464297942e-11,10000.0,10000.0,10000.0,10000.0,
v,9.143721610720067e-06,4.470741299080528e-06,8.648288668519637e-07,1.685881814416593e-05,1.801275569711572e-07,1.2742977069921538e-07,616.02560279227,616.02560279227,617.4233400684105,1030.5885160872133,1.0025635222779674
s,0.009014593656307773,0.0007925547938819725,0.007608740161231676,0.010460071419179139,3.1384379698587096e-05,2.2202265341616848e-05,637.7221412457428,637.7221412457428,638.9306578073127,1055.280054277058,1.0009621132222286
gamma,1.0,0.0,1.0,1.0,0.0,0.0,10000.0,10000.0,10000.0,10000.0,
zeta,0.0,0.0,0.0,0.0,0.0,0.0,10000.0,10000.0,10000.0,10000.0,
