,mean,sd,hdi_3%,hdi_97%,mcse_mean,mcse_sd,ess_mean,ess_sd,ess_bulk,ess_tail,r_hat
b,1.0,0.0,1.0,1.0,0.0,0.0,10000.0,10000.0,10000.0,10000.0,
p_error,0.05000000447034836,3.725476371840841e-09,0.05000000074505806,0.05000000074505806,3.7254763718408414e-11,2.6343864464297942e-11,10000.0,10000.0,10000.0,10000.0,
v,7.350311612881365e-06,3.667284528515228e-06,2.5965540419172394e-07,1.3206614249508932e-05,1.6936405702130137e-07,1.2109809658433245e-07,468.86381365550517,459.1311760837884,470.8073404808304,765.2505591851783,1.0066032442507202
s,0.008597176760439806,0.0007266060456884028,0.007297344229021842,0.009945111689645347,3.349415751263154e-05,2.3698639905276305e-05,470.6086413408072,470.6086413408072,473.3635185239039,747.0429857419045,1.0061717607637377
gamma,1.0,0.0,1.0,1.0,0.0,0.0,10000.0,10000.0,10000.0,10000.0,
zeta,0.0,0.0,0.0,0.0,0.0,0.0,10000.0,10000.0,10000.0,10000.0,
