,mean,sd,hdi_3%,hdi_97%,mcse_mean,mcse_sd,ess_mean,ess_sd,ess_bulk,ess_tail,r_hat
b,1.0,0.0,1.0,1.0,0.0,0.0,10000.0,10000.0,10000.0,10000.0,
p_error,0.05000000447034836,3.725476371840841e-09,0.05000000074505806,0.05000000074505806,3.7254763718408414e-11,2.6343864464297942e-11,10000.0,10000.0,10000.0,10000.0,
v,2.6311501942583342e-05,5.238667060428083e-06,1.6731173740406034e-05,3.633420839914241e-05,1.6658128733338278e-07,1.1782551368182077e-07,988.9837782921924,988.9837782921924,996.1143930270454,1477.5332223236865,1.000235184218623
s,0.009779345399076884,0.0007065030855742479,0.008453275835598547,0.011051260789490817,2.1657602936891603e-05,1.5369125948885322e-05,1064.1610312577552,1057.1570534656016,1077.734815513991,1238.2569023860813,1.0008997273507019
gamma,1.0,0.0,1.0,1.0,0.0,0.0,10000.0,10000.0,10000.0,10000.0,
zeta,0.0,0.0,0.0,0.0,0.0,0.0,10000.0,10000.0,10000.0,10000.0,
