,mean,sd,hdi_3%,hdi_97%,mcse_mean,mcse_sd,ess_mean,ess_sd,ess_bulk,ess_tail,r_hat
b,1.0,0.0,1.0,1.0,0.0,0.0,10000.0,10000.0,10000.0,10000.0,
p_error,0.05000000447034836,3.725476371840841e-09,0.05000000074505806,0.05000000074505806,3.7254763718408414e-11,2.6343864464297942e-11,10000.0,10000.0,10000.0,10000.0,
v,2.6271795525650366e-05,5.141177711261673e-06,1.672659318888071e-05,3.592929275654454e-05,1.6311178468724915e-07,1.153713272169084e-07,993.4695328596397,993.4695328596397,996.0531326003086,1452.8014862212037,1.00238378585836
s,0.00971655361578761,0.000699450106159762,0.00840969862078254,0.010983076243084767,2.2270132465897418e-05,1.5765415880485928e-05,986.4336532771343,984.7590327035755,993.2491106190955,1464.2774092089046,1.0006551596487752
gamma,1.0,0.0,1.0,1.0,0.0,0.0,10000.0,10000.0,10000.0,10000.0,
zeta,0.0,0.0,0.0,0.0,0.0,0.0,10000.0,10000.0,10000.0,10000.0,
