,mean,sd,hdi_3%,hdi_97%,mcse_mean,mcse_sd,ess_mean,ess_sd,ess_bulk,ess_tail,r_hat
b,1.0,0.0,1.0,1.0,0.0,0.0,10000.0,10000.0,10000.0,10000.0,
p_error,0.05000000447034836,3.725476371840841e-09,0.05000000074505806,0.05000000074505806,3.7254763718408414e-11,2.6343864464297942e-11,10000.0,10000.0,10000.0,10000.0,
v,1.0391731110825619e-05,2.6512165756055614e-06,5.47596683629337e-06,1.5485185257911186e-05,1.0716719838458632e-07,7.637144175706831e-08,612.0214704573992,603.1408101264993,609.8678740070897,857.3655046572102,1.0053199008699252
s,0.0071787271624959206,0.00046715836808000134,0.006229638157971742,0.007991528037490956,1.9092541588596516e-05,1.3507048197841083e-05,598.6883052440604,598.6883052440604,598.2671014707802,977.6271095903716,1.0026808485815308
gamma,1.0,0.0,1.0,1.0,0.0,0.0,10000.0,10000.0,10000.0,10000.0,
zeta,0.0,0.0,0.0,0.0,0.0,0.0,10000.0,10000.0,10000.0,10000.0,
