,mean,sd,hdi_3%,hdi_97%,mcse_mean,mcse_sd,ess_mean,ess_sd,ess_bulk,ess_tail,r_hat
b,1.0,0.0,1.0,1.0,0.0,0.0,10000.0,10000.0,10000.0,10000.0,
p_error,0.05000000447034836,3.725476371840841e-09,0.05000000074505806,0.05000000074505806,3.7254763718408414e-11,2.6343864464297942e-11,10000.0,10000.0,10000.0,10000.0,
v,7.3577780494127706e-06,1.5553046685322536e-06,4.418937042170007e-06,1.021474025084481e-05,7.497597468399895e-08,5.3673117293143605e-08,430.3152235479722,420.42680264664614,426.1696548794965,567.0331987265608,1.0074290318259462
s,0.004792710489571803,0.00034177651780619925,0.004163733849717141,0.0054337904678524234,1.602959262192095e-05,1.1341913619413657e-05,454.6105088656406,454.6105088656406,453.8725913544809,1020.8959056274317,1.0074800099547745
gamma,1.0,0.0,1.0,1.0,0.0,0.0,10000.0,10000.0,10000.0,10000.0,
zeta,0.0,0.0,0.0,0.0,0.0,0.0,10000.0,10000.0,10000.0,10000.0,
