,mean,sd,hdi_3%,hdi_97%,mcse_mean,mcse_sd,ess_mean,ess_sd,ess_bulk,ess_tail,r_hat
b,1.0,0.0,1.0,1.0,0.0,0.0,10000.0,10000.0,10000.0,10000.0,
p_error,0.05000000447034836,3.725476371840841e-09,0.05000000074505806,0.05000000074505806,3.7254763718408414e-11,2.6343864464297942e-11,10000.0,10000.0,10000.0,10000.0,
v,7.486983617633548e-06,1.5097063097145138e-06,4.656708543723246e-06,1.032153331201146e-05,7.438656053771243e-08,5.326689109046191e-08,411.9039754350452,402.22645888468554,408.4456741843974,679.1180120530883,1.004147821057026
s,0.004758101737227604,0.0003348981620112553,0.004176797170721833,0.0054450453451053375,1.6727650520263932e-05,1.1836852791034465e-05,400.8257696406083,400.8257696406083,396.8320671216437,805.2475460922119,1.0028961157236962
gamma,1.0,0.0,1.0,1.0,0.0,0.0,10000.0,10000.0,10000.0,10000.0,
zeta,0.0,0.0,0.0,0.0,0.0,0.0,10000.0,10000.0,10000.0,10000.0,
