,mean,sd,hdi_3%,hdi_97%,mcse_mean,mcse_sd,ess_mean,ess_sd,ess_bulk,ess_tail,r_hat
b,1.0,0.0,1.0,1.0,0.0,0.0,10000.0,10000.0,10000.0,10000.0,
p_error,0.05000000447034836,3.725476371840841e-09,0.05000000074505806,0.05000000074505806,3.7254763718408414e-11,2.6343864464297942e-11,10000.0,10000.0,10000.0,10000.0,
v,2.227737649592027e-05,5.159843411281036e-06,1.2909731161816474e-05,3.228979015836574e-05,2.1120326109400587e-07,1.4941629841623447e-07,596.8590794643533,596.8590794643533,597.7645206619062,1028.9163220575335,1.0168687189275585
s,0.009929185483652238,0.0008166978314640324,0.008410007435210715,0.01145079793775648,3.4866829213255726e-05,2.4687800044773993e-05,548.6531739500963,547.7606396280557,550.3414450470264,903.7511966860501,1.021477080857472
gamma,1.0,0.0,1.0,1.0,0.0,0.0,10000.0,10000.0,10000.0,10000.0,
zeta,0.0,0.0,0.0,0.0,0.0,0.0,10000.0,10000.0,10000.0,10000.0,
