,mean,sd,hdi_3%,hdi_97%,mcse_mean,mcse_sd,ess_mean,ess_sd,ess_bulk,ess_tail,r_hat
b,1.0,0.0,1.0,1.0,0.0,0.0,10000.0,10000.0,10000.0,10000.0,
p_error,0.05000000447034836,3.725476371840841e-09,0.05000000074505806,0.05000000074505806,3.7254763718408414e-11,2.6343864464297942e-11,10000.0,10000.0,10000.0,10000.0,
v,2.480079884951513e-06,2.2526084157388393e-06,1.0000026051531606e-07,6.733659937975525e-06,4.7783214446398725e-08,3.379227027186253e-08,2222.392079387139,2222.392079387139,1717.8936184425747,1532.9999616131452,1.0013335946316118
s,0.014293899238087104,0.001052786403177776,0.012369519317826927,0.01630076135271714,2.491938257956993e-05,1.7714857766798417e-05,1784.8674899261443,1766.520326961845,1791.4812119014996,1845.2878938662811,1.0013274955271103
gamma,1.0,0.0,1.0,1.0,0.0,0.0,10000.0,10000.0,10000.0,10000.0,
zeta,0.0,0.0,0.0,0.0,0.0,0.0,10000.0,10000.0,10000.0,10000.0,
