,mean,sd,hdi_3%,hdi_97%,mcse_mean,mcse_sd,ess_mean,ess_sd,ess_bulk,ess_tail,r_hat
b,1.0,0.0,1.0,1.0,0.0,0.0,10000.0,10000.0,10000.0,10000.0,
p_error,0.05000000447034836,3.725476371840841e-09,0.05000000074505806,0.05000000074505806,3.7254763718408414e-11,2.6343864464297942e-11,10000.0,10000.0,10000.0,10000.0,
v,9.973913429760751e-06,2.245478491036989e-06,5.449503499898851e-06,1.3867836626523688e-05,7.91460383628504e-08,5.608332825741998e-08,804.9324508913576,802.1142319578737,805.1559728896567,1232.466048082783,1.0003986310912103
s,0.006609328858370744,0.0005945772412513351,0.0056026687459442516,0.007613917179421404,1.9498075304594753e-05,1.3791548026991362e-05,929.8932098767958,929.8932098767958,946.8370494492973,1234.5166205651683,1.0044814104127375
gamma,1.0,0.0,1.0,1.0,0.0,0.0,10000.0,10000.0,10000.0,10000.0,
zeta,0.0,0.0,0.0,0.0,0.0,0.0,10000.0,10000.0,10000.0,10000.0,
