,mean,sd,hdi_3%,hdi_97%,mcse_mean,mcse_sd,ess_mean,ess_sd,ess_bulk,ess_tail,r_hat
b,1.0,0.0,1.0,1.0,0.0,0.0,10000.0,10000.0,10000.0,10000.0,
p_error,0.05000000447034836,3.725476371840841e-09,0.05000000074505806,0.05000000074505806,3.7254763718408414e-11,2.6343864464297942e-11,10000.0,10000.0,10000.0,10000.0,
v,1.3461858942767758e-05,6.717872420713983e-06,9.72457469360553e-07,2.519259285178432e-05,1.8509454865636663e-07,1.3091060085278714e-07,1317.2743863159956,1317.2743863159956,1259.6839875831686,1475.7114687763906,1.002124215871912
s,0.014442716376713238,0.0008735888825561784,0.012803779088668945,0.016088580902495934,2.426235344874584e-05,1.7159935857389565e-05,1296.4278340704357,1296.4278340704357,1292.6717320208218,1300.6564794446788,1.0007796685888417
gamma,1.0,0.0,1.0,1.0,0.0,0.0,10000.0,10000.0,10000.0,10000.0,
zeta,0.0,0.0,0.0,0.0,0.0,0.0,10000.0,10000.0,10000.0,10000.0,
