,mean,sd,hdi_3%,hdi_97%,mcse_mean,mcse_sd,ess_mean,ess_sd,ess_bulk,ess_tail,r_hat
b,1.0,0.0,1.0,1.0,0.0,0.0,10000.0,10000.0,10000.0,10000.0,
p_error,0.05000000447034836,3.725476371840841e-09,0.05000000074505806,0.05000000074505806,3.7254763718408414e-11,2.6343864464297942e-11,10000.0,10000.0,10000.0,10000.0,
v,1.3556862780456152e-05,6.7230742758239e-06,1.3844695454830803e-06,2.5272231656811082e-05,1.8350013550452592e-07,1.2978239385423054e-07,1342.3415709778214,1342.3415709778214,1269.995906703244,1511.979284692402,1.0002644280166086
s,0.014408520067979404,0.0008506323341831733,0.012771162506928788,0.015996541303654965,2.2281402019763073e-05,1.5758484476181612e-05,1457.4670492404066,1457.4670492404066,1451.5493416382787,1809.1376339918716,1.0014989916944292
gamma,1.0,0.0,1.0,1.0,0.0,0.0,10000.0,10000.0,10000.0,10000.0,
zeta,0.0,0.0,0.0,0.0,0.0,0.0,10000.0,10000.0,10000.0,10000.0,
