,mean,sd,hdi_3%,hdi_97%,mcse_mean,mcse_sd,ess_mean,ess_sd,ess_bulk,ess_tail,r_hat
b,1.0,0.0,1.0,1.0,0.0,0.0,10000.0,10000.0,10000.0,10000.0,
p_error,0.05000000447034836,3.725476371840841e-09,0.05000000074505806,0.05000000074505806,3.7254763718408414e-11,2.6343864464297942e-11,10000.0,10000.0,10000.0,10000.0,
v,1.3629618141347354e-05,4.051298574760779e-06,5.4522053281826245e-06,2.0606644441744583e-05,1.548550743412931e-07,1.0954576868021286e-07,684.443526708096,684.443526708096,693.503544640034,1221.4585295481643,1.0036575584120804
s,0.009872966753572453,0.0007914899532937951,0.008482026938341623,0.011355641438468232,3.03076924789419e-05,2.1557919433298882e-05,682.0010906327522,674.5635696859143,686.0087639736247,1127.8082522639256,1.0062671700045938
gamma,1.0,0.0,1.0,1.0,0.0,0.0,10000.0,10000.0,10000.0,10000.0,
zeta,0.0,0.0,0.0,0.0,0.0,0.0,10000.0,10000.0,10000.0,10000.0,
