,mean,sd,hdi_3%,hdi_97%,mcse_mean,mcse_sd,ess_mean,ess_sd,ess_bulk,ess_tail,r_hat
b,1.0,0.0,1.0,1.0,0.0,0.0,10000.0,10000.0,10000.0,10000.0,
p_error,0.05000000447034836,3.725476371840841e-09,0.05000000074505806,0.05000000074505806,3.7254763718408414e-11,2.6343864464297942e-11,10000.0,10000.0,10000.0,10000.0,
v,1.4593016893545105e-05,3.8248718932463375e-06,7.359497294267357e-06,2.1794264346337336e-05,1.3897280535460382e-07,9.830647585680371e-08,757.4851773660063,757.4851773660063,757.7734290147592,1214.4203743474968,1.0025359655350596
s,0.009467870434090137,0.0007784526227528453,0.007981383841800357,0.010850549124935018,2.757325785547115e-05,1.9560479596714667e-05,797.0548485507211,792.4925598729931,804.1601631926529,1202.6802208366582,1.0030467936414573
gamma,1.0,0.0,1.0,1.0,0.0,0.0,10000.0,10000.0,10000.0,10000.0,
zeta,0.0,0.0,0.0,0.0,0.0,0.0,10000.0,10000.0,10000.0,10000.0,
