,mean,sd,hdi_3%,hdi_97%,mcse_mean,mcse_sd,ess_mean,ess_sd,ess_bulk,ess_tail,r_hat
b,1.0,0.0,1.0,1.0,0.0,0.0,10000.0,10000.0,10000.0,10000.0,
p_error,0.05000000447034836,3.725476371840841e-09,0.05000000074505806,0.05000000074505806,3.7254763718408414e-11,2.6343864464297942e-11,10000.0,10000.0,10000.0,10000.0,
v,2.3785010430423744e-06,1.959313286751455e-06,1.0097940948158545e-07,5.964334301168837e-06,4.580008233600712e-08,3.239071154044994e-08,1830.1018063349102,1830.1018063349102,1584.060528114658,1938.5315276147817,1.0008462669707676
s,0.01320623615341063,0.0007056662738591361,0.011955801949161014,0.014588446107802288,1.566374927246634e-05,1.1077535414696802e-05,2029.5851540427786,2029.5851540427786,1999.2303342330165,1967.9426336385122,1.002460740518835
gamma,1.0,0.0,1.0,1.0,0.0,0.0,10000.0,10000.0,10000.0,10000.0,
zeta,0.0,0.0,0.0,0.0,0.0,0.0,10000.0,10000.0,10000.0,10000.0,
