,mean,sd,hdi_3%,hdi_97%,mcse_mean,mcse_sd,ess_mean,ess_sd,ess_bulk,ess_tail,r_hat
b,1.0,0.0,1.0,1.0,0.0,0.0,10000.0,10000.0,10000.0,10000.0,
p_error,0.05000000447034836,3.725476371840841e-09,0.05000000074505806,0.05000000074505806,3.7254763718408414e-11,2.6343864464297942e-11,10000.0,10000.0,10000.0,10000.0,
v,2.3943364199189704e-06,1.96884751535366e-06,1.0172693657137645e-07,6.088872374888729e-06,4.626726622742122e-08,3.272116864464576e-08,1810.8250147379458,1810.8250147379458,1466.5254771568498,1663.038532839694,1.0007794675519874
s,0.013218134987605955,0.0007086607883245251,0.011930033194292802,0.014554657177319493,1.5442946738787615e-05,1.0921325183251016e-05,2105.79678744002,2105.79678744002,2092.1522306511683,2404.8680623517716,1.00204668281106
gamma,1.0,0.0,1.0,1.0,0.0,0.0,10000.0,10000.0,10000.0,10000.0,
zeta,0.0,0.0,0.0,0.0,0.0,0.0,10000.0,10000.0,10000.0,10000.0,
