,mean,sd,hdi_3%,hdi_97%,mcse_mean,mcse_sd,ess_mean,ess_sd,ess_bulk,ess_tail,r_hat
b,1.0,0.0,1.0,1.0,0.0,0.0,10000.0,10000.0,10000.0,10000.0,
p_error,0.05000000447034836,3.725476371840841e-09,0.05000000074505806,0.05000000074505806,3.7254763718408414e-11,2.6343864464297942e-11,10000.0,10000.0,10000.0,10000.0,
v,2.3614695398680016e-06,1.9382954616123304e-06,1.0013959869782967e-07,5.9225550199552705e-06,4.4889483875318326e-08,3.1746625304847326e-08,1864.4499679620565,1864.4499679620565,1648.5535198894556,1828.7112894322124,1.0023123359014794
s,0.012384226035534818,0.0006102162843370652,0.011275988858388765,0.013556435401267825,1.544838613160097e-05,1.092570123378432e-05,1560.2757334716457,1560.2757334716457,1552.0935065298709,1879.1353364884012,1.003040538986063
gamma,1.0,0.0,1.0,1.0,0.0,0.0,10000.0,10000.0,10000.0,10000.0,
zeta,0.0,0.0,0.0,0.0,0.0,0.0,10000.0,10000.0,10000.0,10000.0,
