,mean,sd,hdi_3%,hdi_97%,mcse_mean,mcse_sd,ess_mean,ess_sd,ess_bulk,ess_tail,r_hat
b,1.0,0.0,1.0,1.0,0.0,0.0,10000.0,10000.0,10000.0,10000.0,
p_error,0.05000000447034836,3.725476371840841e-09,0.05000000074505806,0.05000000074505806,3.7254763718408414e-11,2.6343864464297942e-11,10000.0,10000.0,10000.0,10000.0,
v,1.8720792009481944e-05,6.654478905810341e-06,6.421113730137831e-06,3.151072649926993e-05,2.2912241925418383e-07,1.6207006983620634e-07,843.5152388133645,843.5152388133645,843.9211893429052,919.1023559009822,1.0031124411513044
s,0.012000725924184042,0.000929880796157674,0.01021155586900812,0.013699556547480726,3.132796849547455e-05,2.231557210634684e-05,881.0287705406558,868.7608429742544,885.759965127327,1188.6212005461987,1.0013940887561814
gamma,1.0,0.0,1.0,1.0,0.0,0.0,10000.0,10000.0,10000.0,10000.0,
zeta,0.0,0.0,0.0,0.0,0.0,0.0,10000.0,10000.0,10000.0,10000.0,
