,mean,sd,hdi_3%,hdi_97%,mcse_mean,mcse_sd,ess_mean,ess_sd,ess_bulk,ess_tail,r_hat
b,1.0,0.0,1.0,1.0,0.0,0.0,10000.0,10000.0,10000.0,10000.0,
p_error,0.05000000447034836,3.725476371840841e-09,0.05000000074505806,0.05000000074505806,3.7254763718408414e-11,2.6343864464297942e-11,10000.0,10000.0,10000.0,10000.0,
v,5.99196280103846e-06,5.764371264993767e-06,1.0087720461565115e-07,1.6236325009327196e-05,1.264410709617381e-07,8.941988849911605e-08,2078.392458146387,2078.392458146387,1905.350077139185,1942.3619489567477,1.0029190211628567
s,0.026960965737827133,0.004717847081351182,0.021158300835405305,0.03715507508957779,0.0001460624406295042,0.00010437025973210131,1043.3033784758866,1022.2382054076409,1289.6817102071134,1621.7567946049896,1.002185958751847
gamma,1.0,0.0,1.0,1.0,0.0,0.0,10000.0,10000.0,10000.0,10000.0,
zeta,0.0,0.0,0.0,0.0,0.0,0.0,10000.0,10000.0,10000.0,10000.0,
