,mean,sd,hdi_3%,hdi_97%,mcse_mean,mcse_sd,ess_mean,ess_sd,ess_bulk,ess_tail,r_hat
b,1.0,0.0,1.0,1.0,0.0,0.0,10000.0,10000.0,10000.0,10000.0,
p_error,0.05000000447034836,3.725476371840841e-09,0.05000000074505806,0.05000000074505806,3.7254763718408414e-11,2.6343864464297942e-11,10000.0,10000.0,10000.0,10000.0,
v,7.698749587017648e-05,3.8813460219415985e-05,2.394299544307204e-07,0.00014111250550372545,9.477365712349247e-07,6.702675295818229e-07,1677.2177297036924,1677.2177297036924,1527.5908401155516,1019.6848367165444,1.0010753406050992
s,0.04512706048972731,0.0032473522760588006,0.03940266668329152,0.04999483048755723,7.772722436016952e-05,5.561970942841045e-05,1745.47040304559,1704.9827856985803,1543.056047887091,1782.6327265147045,1.0023118673534137
gamma,1.0,0.0,1.0,1.0,0.0,0.0,10000.0,10000.0,10000.0,10000.0,
zeta,0.0,0.0,0.0,0.0,0.0,0.0,10000.0,10000.0,10000.0,10000.0,
