,mean,sd,hdi_3%,hdi_97%,mcse_mean,mcse_sd,ess_mean,ess_sd,ess_bulk,ess_tail,r_hat
b,1.0,0.0,1.0,1.0,0.0,0.0,10000.0,10000.0,10000.0,10000.0,
p_error,0.05000000447034836,3.725476371840841e-09,0.05000000074505806,0.05000000074505806,3.7254763718408414e-11,2.6343864464297942e-11,10000.0,10000.0,10000.0,10000.0,
v,2.6335129027966708e-05,1.4380372162693596e-05,2.0605409628254002e-07,4.96052156108929e-05,4.6899371067764973e-07,3.3173156795721704e-07,940.1696206252195,940.1696206252195,909.0042039235519,1266.808765408999,1.0008795296257045
s,0.021569716882489338,0.002021224955288045,0.018101886376449456,0.02553932161949385,6.207050429550322e-05,4.399384252226727e-05,1060.3732313549967,1055.9795412209587,1068.262501680438,1601.5108699327773,1.0002705954974915
gamma,1.0,0.0,1.0,1.0,0.0,0.0,10000.0,10000.0,10000.0,10000.0,
zeta,0.0,0.0,0.0,0.0,0.0,0.0,10000.0,10000.0,10000.0,10000.0,
