,mean,sd,hdi_3%,hdi_97%,mcse_mean,mcse_sd,ess_mean,ess_sd,ess_bulk,ess_tail,r_hat
b,1.0,0.0,1.0,1.0,0.0,0.0,10000.0,10000.0,10000.0,10000.0,
p_error,0.05000000447034836,3.725476371840841e-09,0.05000000074505806,0.05000000074505806,3.7254763718408414e-11,2.6343864464297942e-11,10000.0,10000.0,10000.0,10000.0,
v,1.4153359174213461e-05,3.495887128095607e-06,7.853534549587502e-06,2.0809001749172022e-05,9.480863870490898e-08,6.705421798232839e-08,1359.6245019555056,1359.6245019555056,1349.2106900883573,1777.0342988984064,1.0045284330619686
s,0.00790504127509816,0.0007692555109161876,0.0065422291144866,0.009334470279869667,2.1095898143852127e-05,1.492032594224822e-05,1329.6740483352305,1329.6740483352305,1340.8612052578508,1854.6641126405677,1.0037353794988932
gamma,1.0,0.0,1.0,1.0,0.0,0.0,10000.0,10000.0,10000.0,10000.0,
zeta,0.0,0.0,0.0,0.0,0.0,0.0,10000.0,10000.0,10000.0,10000.0,
