,mean,sd,hdi_3%,hdi_97%,mcse_mean,mcse_sd,ess_mean,ess_sd,ess_bulk,ess_tail,r_hat
b,1.0,0.0,1.0,1.0,0.0,0.0,10000.0,10000.0,10000.0,10000.0,
p_error,0.05000000447034836,3.725476371840841e-09,0.05000000074505806,0.05000000074505806,3.7254763718408414e-11,2.6343864464297942e-11,10000.0,10000.0,10000.0,10000.0,
v,1.2887088486398458e-05,5.226927108020211e-06,2.5458041922427226e-06,2.20677588945016e-05,1.7435616954268872e-07,1.2332846403005307e-07,898.707257111726,898.707257111726,893.7189360832441,1495.1571626632285,1.0060357630300063
s,0.012358292311933613,0.0007409549863358093,0.010977913290779255,0.013786613838547639,2.450177178144462e-05,1.7496492991876427e-05,914.5104432919235,897.2926021016101,931.5583219005963,1259.0813943781475,1.0046980158847474
gamma,1.0,0.0,1.0,1.0,0.0,0.0,10000.0,10000.0,10000.0,10000.0,
zeta,0.0,0.0,0.0,0.0,0.0,0.0,10000.0,10000.0,10000.0,10000.0,
