,mean,sd,hdi_3%,hdi_97%,mcse_mean,mcse_sd,ess_mean,ess_sd,ess_bulk,ess_tail,r_hat
b,1.0,0.0,1.0,1.0,0.0,0.0,10000.0,10000.0,10000.0,10000.0,
p_error,0.05000000447034836,3.725476371840841e-09,0.05000000074505806,0.05000000074505806,3.7254763718408414e-11,2.6343864464297942e-11,10000.0,10000.0,10000.0,10000.0,
v,1.3204857044377938e-05,5.406583803393713e-06,2.847272033326949e-06,2.318142623295168e-05,1.722124546451326e-07,1.2180864725334027e-07,985.6364685840107,985.6364685840107,980.7151854281417,1067.1688680437587,1.0044576842104471
s,0.012352298254094111,0.0007399925095227721,0.011043656615136935,0.013757168157793084,2.328467451767713e-05,1.657232742148998e-05,1009.9835589971035,997.4972452346478,1024.901445982413,1276.6853519719582,1.0058972523922671
gamma,1.0,0.0,1.0,1.0,0.0,0.0,10000.0,10000.0,10000.0,10000.0,
zeta,0.0,0.0,0.0,0.0,0.0,0.0,10000.0,10000.0,10000.0,10000.0,
