,mean,sd,hdi_3%,hdi_97%,mcse_mean,mcse_sd,ess_mean,ess_sd,ess_bulk,ess_tail,r_hat
b,1.0,0.0,1.0,1.0,0.0,0.0,10000.0,10000.0,10000.0,10000.0,
p_error,0.05000000447034836,3.725476371840841e-09,0.05000000074505806,0.05000000074505806,3.7254763718408414e-11,2.6343864464297942e-11,10000.0,10000.0,10000.0,10000.0,
v,4.037327802908854e-05,6.306204683420594e-06,2.8292520001403746e-05,5.217934072942565e-05,1.7362825080016776e-07,1.2280086921792224e-07,1319.1535345421735,1319.1535345421735,1321.0943022606468,1643.0470141649876,1.0013341407405905
s,0.010855738563439216,0.0008333005866277523,0.009318595343878452,0.012494579053222458,2.359132766775468e-05,1.6756557440111964e-05,1247.666773864279,1237.1108639806096,1267.1806630090655,1511.9159554152948,1.0013432141771985
gamma,1.0,0.0,1.0,1.0,0.0,0.0,10000.0,10000.0,10000.0,10000.0,
zeta,0.0,0.0,0.0,0.0,0.0,0.0,10000.0,10000.0,10000.0,10000.0,
