,mean,sd,hdi_3%,hdi_97%,mcse_mean,mcse_sd,ess_mean,ess_sd,ess_bulk,ess_tail,r_hat
b,1.0,0.0,1.0,1.0,0.0,0.0,10000.0,10000.0,10000.0,10000.0,
p_error,0.05000000447034836,3.725476371840841e-09,0.05000000074505806,0.05000000074505806,3.7254763718408414e-11,2.6343864464297942e-11,10000.0,10000.0,10000.0,10000.0,
v,2.7262018553909607e-05,9.5206981619593e-06,7.920025830171285e-06,4.3571884446002344e-05,3.270651339798395e-07,2.313496252265078e-07,847.3622149298739,847.3622149298739,847.9628571690481,1555.3291753667688,1.0037551137943246
s,0.017052734696033342,0.0014295829324297619,0.014382619348569005,0.019687031597206698,4.8784112841292814e-05,3.450730003150839e-05,858.7403820181144,858.7403820181144,863.6958808239956,1298.9479238155222,1.0077353102778925
gamma,1.0,0.0,1.0,1.0,0.0,0.0,10000.0,10000.0,10000.0,10000.0,
zeta,0.0,0.0,0.0,0.0,0.0,0.0,10000.0,10000.0,10000.0,10000.0,
