,mean,sd,hdi_3%,hdi_97%,mcse_mean,mcse_sd,ess_mean,ess_sd,ess_bulk,ess_tail,r_hat
b,1.0,0.0,1.0,1.0,0.0,0.0,10000.0,10000.0,10000.0,10000.0,
p_error,0.05000000447034836,3.725476371840841e-09,0.05000000074505806,0.05000000074505806,3.7254763718408414e-11,2.6343864464297942e-11,10000.0,10000.0,10000.0,10000.0,
v,2.5159865012315873e-05,9.084883734209446e-06,7.81169364074796e-06,4.175887878631612e-05,2.927351856918474e-07,2.0705775143051254e-07,963.1388361885001,963.1388361885001,966.726338069124,1739.5555211201122,1.0065994745561275
s,0.017070711615151255,0.001381889766821387,0.014607231574048134,0.01970791685513912,4.538548041494213e-05,3.2201175537678427e-05,927.0708544318364,921.4004233258433,936.5962033123454,1360.5883251282864,1.0102683257691736
gamma,1.0,0.0,1.0,1.0,0.0,0.0,10000.0,10000.0,10000.0,10000.0,
zeta,0.0,0.0,0.0,0.0,0.0,0.0,10000.0,10000.0,10000.0,10000.0,
