,mean,sd,hdi_3%,hdi_97%,mcse_mean,mcse_sd,ess_mean,ess_sd,ess_bulk,ess_tail,r_hat
b,1.0,0.0,1.0,1.0,0.0,0.0,10000.0,10000.0,10000.0,10000.0,
p_error,0.05000000447034836,3.725476371840841e-09,0.05000000074505806,0.05000000074505806,3.7254763718408414e-11,2.6343864464297942e-11,10000.0,10000.0,10000.0,10000.0,
v,2.7114670552627986e-05,1.0573805802708466e-05,8.043948029789953e-06,4.771408430931195e-05,3.3751321080389425e-07,2.3872883811255966e-07,981.4792150977518,981.4792150977518,966.8657491389151,1037.8150796529474,1.0028850925618253
s,0.017487553695068582,0.0014179770481078315,0.014816943770952645,0.020100913151109248,4.53564348835729e-05,3.2299590974575195e-05,977.3735483012268,964.2223542107525,988.534787095578,1252.35725393156,1.0003078882528824
gamma,1.0,0.0,1.0,1.0,0.0,0.0,10000.0,10000.0,10000.0,10000.0,
zeta,0.0,0.0,0.0,0.0,0.0,0.0,10000.0,10000.0,10000.0,10000.0,
