,mean,sd,hdi_3%,hdi_97%,mcse_mean,mcse_sd,ess_mean,ess_sd,ess_bulk,ess_tail,r_hat
b,1.0,0.0,1.0,1.0,0.0,0.0,10000.0,10000.0,10000.0,10000.0,
p_error,0.05000000447034836,3.725476371840841e-09,0.05000000074505806,0.05000000074505806,3.7254763718408414e-11,2.6343864464297942e-11,10000.0,10000.0,10000.0,10000.0,
v,1.3377271006223992e-05,8.072745891632049e-06,1.2147648067401632e-07,2.754122796927508e-05,2.5615270045318113e-07,1.8118052765093224e-07,993.2182412001175,993.2182412001175,936.109827427974,1481.3735702598399,1.0025068487330469
s,0.017591886822012317,0.001382940517358193,0.015053777813724294,0.02035209161174695,4.120426989060248e-05,2.914336580623746e-05,1126.477587002476,1126.477587002476,1120.680406112418,1454.205119392773,1.0020505233061408
gamma,1.0,0.0,1.0,1.0,0.0,0.0,10000.0,10000.0,10000.0,10000.0,
zeta,0.0,0.0,0.0,0.0,0.0,0.0,10000.0,10000.0,10000.0,10000.0,
