,mean,sd,hdi_3%,hdi_97%,mcse_mean,mcse_sd,ess_mean,ess_sd,ess_bulk,ess_tail,r_hat
b,1.0,0.0,1.0,1.0,0.0,0.0,10000.0,10000.0,10000.0,10000.0,
p_error,0.05000000447034836,3.725476371840841e-09,0.05000000074505806,0.05000000074505806,3.7254763718408414e-11,2.6343864464297942e-11,10000.0,10000.0,10000.0,10000.0,
v,4.311597599876496e-05,8.531775898520106e-06,2.823174004693992e-05,5.880007642625447e-05,3.100334531430037e-07,2.193112468095749e-07,757.2892012344562,757.2892012344562,753.6637238498789,1187.3652840583109,1.0064675274815331
s,0.013917466028387119,0.0011146092077344541,0.011896681284631278,0.01607892977006236,4.0637824606082734e-05,2.874642955798685e-05,752.2883731364636,752.2883731364636,744.4965876753262,1020.8075559164,1.0065400022948974
gamma,1.0,0.0,1.0,1.0,0.0,0.0,10000.0,10000.0,10000.0,10000.0,
zeta,0.0,0.0,0.0,0.0,0.0,0.0,10000.0,10000.0,10000.0,10000.0,
