,mean,sd,hdi_3%,hdi_97%,mcse_mean,mcse_sd,ess_mean,ess_sd,ess_bulk,ess_tail,r_hat
b,1.0,0.0,1.0,1.0,0.0,0.0,10000.0,10000.0,10000.0,10000.0,
p_error,0.05000000447034836,3.725476371840841e-09,0.05000000074505806,0.05000000074505806,3.7254763718408414e-11,2.6343864464297942e-11,10000.0,10000.0,10000.0,10000.0,
v,3.0518823014556046e-06,2.486496722170896e-06,1.0399264579449866e-07,7.689282834942523e-06,6.269673873356016e-08,4.434151283640384e-08,1572.8448340579132,1572.8448340579132,1350.916102312758,1972.7188418001915,1.0030323353646267
s,0.013234041467353984,0.0009461832850442668,0.011540505728565669,0.015151425586928058,2.264415153618005e-05,1.6014508655640597e-05,1745.9766778760697,1745.9766778760697,1715.9216675404475,1966.5907843513594,1.0029558432806314
gamma,1.0,0.0,1.0,1.0,0.0,0.0,10000.0,10000.0,10000.0,10000.0,
zeta,0.0,0.0,0.0,0.0,0.0,0.0,10000.0,10000.0,10000.0,10000.0,
