,mean,sd,hdi_3%,hdi_97%,mcse_mean,mcse_sd,ess_mean,ess_sd,ess_bulk,ess_tail,r_hat
b,1.0,0.0,1.0,1.0,0.0,0.0,10000.0,10000.0,10000.0,10000.0,
p_error,0.05000000447034836,3.725476371840841e-09,0.05000000074505806,0.05000000074505806,3.7254763718408414e-11,2.6343864464297942e-11,10000.0,10000.0,10000.0,10000.0,
v,1.6930029002300366e-06,1.4278545941039667e-06,1.04986400145189e-07,4.409287183266866e-06,3.317721839550707e-08,2.3463531332720908e-08,1852.2006112700178,1852.2006112700178,1660.7794435178107,1912.3403109017092,1.0011411766433478
s,0.011186889346171326,0.0007837019541021453,0.0097487486869153,0.012631921903254005,1.8349214799667914e-05,1.2976929321546731e-05,1824.1766403119836,1824.1766403119836,1794.3318367720894,1664.574224936386,1.0020363402651329
gamma,1.0,0.0,1.0,1.0,0.0,0.0,10000.0,10000.0,10000.0,10000.0,
zeta,0.0,0.0,0.0,0.0,0.0,0.0,10000.0,10000.0,10000.0,10000.0,
