,mean,sd,hdi_3%,hdi_97%,mcse_mean,mcse_sd,ess_mean,ess_sd,ess_bulk,ess_tail,r_hat
b,1.0,0.0,1.0,1.0,0.0,0.0,10000.0,10000.0,10000.0,10000.0,
p_error,0.05000000447034836,3.725476371840841e-09,0.05000000074505806,0.05000000074505806,3.7254763718408414e-11,2.6343864464297942e-11,10000.0,10000.0,10000.0,10000.0,
v,1.685659948912916e-06,1.452684848471533e-06,1.0071625566252057e-07,4.419976088426624e-06,3.313686269441954e-08,2.343485724811018e-08,1921.8524301874324,1921.8524301874324,1711.3011331511134,2297.990347175209,1.0020399943994716
s,0.011206349915087241,0.0007788231778521955,0.009705429061621525,0.012606106986430285,1.9078237084101814e-05,1.3514496497939062e-05,1666.4843997085943,1661.1182233442319,1672.6350243937977,1675.444843234096,1.001314897393953
gamma,1.0,0.0,1.0,1.0,0.0,0.0,10000.0,10000.0,10000.0,10000.0,
zeta,0.0,0.0,0.0,0.0,0.0,0.0,10000.0,10000.0,10000.0,10000.0,
