,mean,sd,hdi_3%,hdi_97%,mcse_mean,mcse_sd,ess_mean,ess_sd,ess_bulk,ess_tail,r_hat
b,1.0,0.0,1.0,1.0,0.0,0.0,10000.0,10000.0,10000.0,10000.0,
p_error,0.05000000447034836,3.725476371840841e-09,0.05000000074505806,0.05000000074505806,3.7254763718408414e-11,2.6343864464297942e-11,10000.0,10000.0,10000.0,10000.0,
v,2.3909030828043165e-06,2.0359033003254376e-06,1.0335684979020089e-07,6.370838245029548e-06,4.7239305828721225e-08,3.340848016756843e-08,1857.407857886157,1857.407857886157,1661.5718326045298,1869.8723936419453,1.0016260465816151
s,0.012055084761817773,0.0009484893089669556,0.010197241806412138,0.013732011949138352,2.2248570515019234e-05,1.5734640495296725e-05,1817.4423972830925,1817.4423972830925,1812.4043235036122,1627.661027805595,1.001028031806978
gamma,1.0,0.0,1.0,1.0,0.0,0.0,10000.0,10000.0,10000.0,10000.0,
zeta,0.0,0.0,0.0,0.0,0.0,0.0,10000.0,10000.0,10000.0,10000.0,
