,mean,sd,hdi_3%,hdi_97%,mcse_mean,mcse_sd,ess_mean,ess_sd,ess_bulk,ess_tail,r_hat
b,1.0,0.0,1.0,1.0,0.0,0.0,10000.0,10000.0,10000.0,10000.0,
p_error,0.05000000447034836,3.725476371840841e-09,0.05000000074505806,0.05000000074505806,3.7254763718408414e-11,2.6343864464297942e-11,10000.0,10000.0,10000.0,10000.0,
v,1.3089876262832081e-05,5.686268254842571e-06,2.032817774203961e-06,2.2964069319068913e-05,2.385461801549952e-07,1.6876428080351787e-07,568.2111543845549,568.2111543845549,571.0506157665124,798.0952325325463,1.0045048409943689
s,0.013003739969328612,0.0009191177245980372,0.011332513317059461,0.014742278272174182,3.653030722357015e-05,2.5895779558457536e-05,633.046530875813,630.4582966343414,638.116362686333,1380.5532282782763,1.0039073107967753
gamma,1.0,0.0,1.0,1.0,0.0,0.0,10000.0,10000.0,10000.0,10000.0,
zeta,0.0,0.0,0.0,0.0,0.0,0.0,10000.0,10000.0,10000.0,10000.0,
