,mean,sd,hdi_3%,hdi_97%,mcse_mean,mcse_sd,ess_mean,ess_sd,ess_bulk,ess_tail,r_hat
b,1.0,0.0,1.0,1.0,0.0,0.0,10000.0,10000.0,10000.0,10000.0,
p_error,0.05000000447034836,3.725476371840841e-09,0.05000000074505806,0.05000000074505806,3.7254763718408414e-11,2.6343864464297942e-11,10000.0,10000.0,10000.0,10000.0,
v,9.601074264499476e-06,3.3084403290986417e-06,3.2718318211650476e-06,1.5529432386244112e-05,1.436827373445061e-07,1.0263417606548103e-07,530.1971949098835,520.1397011892238,533.566525058184,941.8859102019904,1.0030249487439855
s,0.007786726651627927,0.0005572231724274301,0.006703975463344168,0.008803074194701024,2.3208497550852907e-05,1.6419196539231877e-05,576.4535049631858,576.4535049631858,571.1800248998812,996.3780522044884,1.002624272835306
gamma,1.0,0.0,1.0,1.0,0.0,0.0,10000.0,10000.0,10000.0,10000.0,
zeta,0.0,0.0,0.0,0.0,0.0,0.0,10000.0,10000.0,10000.0,10000.0,
