,mean,sd,hdi_3%,hdi_97%,mcse_mean,mcse_sd,ess_mean,ess_sd,ess_bulk,ess_tail,r_hat
b,1.0,0.0,1.0,1.0,0.0,0.0,10000.0,10000.0,10000.0,10000.0,
p_error,0.05000000447034836,3.725476371840841e-09,0.05000000074505806,0.05000000074505806,3.7254763718408414e-11,2.6343864464297942e-11,10000.0,10000.0,10000.0,10000.0,
v,7.530860264266204e-06,3.1672653152004785e-06,1.417875306477475e-06,1.3348206669348935e-05,1.3955167278070246e-07,9.873386190308844e-08,515.1085948236994,515.1085948236994,497.7634346632587,645.5914609200149,1.0024431412826227
s,0.008131651919848111,0.0005880116415552489,0.00705772127716515,0.00922452695841943,2.532165853131062e-05,1.793821989161325e-05,539.2467706400996,537.8417384776013,544.3378706039214,1102.2726009261391,1.0065063450171194
gamma,1.0,0.0,1.0,1.0,0.0,0.0,10000.0,10000.0,10000.0,10000.0,
zeta,0.0,0.0,0.0,0.0,0.0,0.0,10000.0,10000.0,10000.0,10000.0,
