,mean,sd,hdi_3%,hdi_97%,mcse_mean,mcse_sd,ess_mean,ess_sd,ess_bulk,ess_tail,r_hat
b,1.0,0.0,1.0,1.0,0.0,0.0,10000.0,10000.0,10000.0,10000.0,
p_error,0.05000000447034836,3.725476371840841e-09,0.05000000074505806,0.05000000074505806,3.7254763718408414e-11,2.6343864464297942e-11,10000.0,10000.0,10000.0,10000.0,
v,9.084786523073041e-07,7.305114519251277e-07,1.0191626282262986e-07,2.278227005926877e-06,1.759169908040994e-08,1.244131429763442e-08,1724.4018583369962,1724.4018583369962,1655.4165899837592,2022.08860857052,1.001360244764645
s,0.007326347888823332,0.0003536204339115021,0.0066416119697753915,0.007960872071920002,9.003677474970507e-06,6.367765592472432e-06,1542.5343586652618,1542.5343586652618,1537.6489647560322,1693.2105956186865,1.0015726085355174
gamma,1.0,0.0,1.0,1.0,0.0,0.0,10000.0,10000.0,10000.0,10000.0,
zeta,0.0,0.0,0.0,0.0,0.0,0.0,10000.0,10000.0,10000.0,10000.0,
