,mean,sd,hdi_3%,hdi_97%,mcse_mean,mcse_sd,ess_mean,ess_sd,ess_bulk,ess_tail,r_hat
b,1.0,0.0,1.0,1.0,0.0,0.0,10000.0,10000.0,10000.0,10000.0,
p_error,0.05000000447034836,3.725476371840841e-09,0.05000000074505806,0.05000000074505806,3.7254763718408414e-11,2.6343864464297942e-11,10000.0,10000.0,10000.0,10000.0,
v,2.0418115364667848e-05,4.702827449771383e-06,1.1271871784614514e-05,2.8876155712091776e-05,1.9043678537762506e-07,1.3733053597306066e-07,609.8406998856492,586.9292527010766,603.0468510493843,881.7044140807914,1.0010123290183786
s,0.00931452341892697,0.0008461481633072974,0.007799971126497212,0.01093249306503659,3.414047963490887e-05,2.415243667055098e-05,614.2619241539076,614.2619241539076,616.4403624880921,929.4847308660736,1.0014913604380045
gamma,1.0,0.0,1.0,1.0,0.0,0.0,10000.0,10000.0,10000.0,10000.0,
zeta,0.0,0.0,0.0,0.0,0.0,0.0,10000.0,10000.0,10000.0,10000.0,
