,mean,sd,hdi_3%,hdi_97%,mcse_mean,mcse_sd,ess_mean,ess_sd,ess_bulk,ess_tail,r_hat
b,1.0,0.0,1.0,1.0,0.0,0.0,10000.0,10000.0,10000.0,10000.0,
p_error,0.05000000447034836,3.725476371840841e-09,0.05000000074505806,0.05000000074505806,3.7254763718408414e-11,2.6343864464297942e-11,10000.0,10000.0,10000.0,10000.0,
v,2.8641919820486328e-06,2.152190354408688e-06,1.0042476406460932e-07,6.598069828073813e-06,5.701305730107455e-08,4.0322573825771986e-08,1424.9928995592481,1424.9928995592481,1327.9870621248974,1646.4423582116028,1.002627982883284
s,0.01047054059806365,0.0005696228245140871,0.009420639010434422,0.011541594494443882,1.4195133529437613e-05,1.0039293830576644e-05,1610.2592461923005,1610.2592461923005,1600.3448615741734,1925.3174684779942,1.0011414327817874
gamma,1.0,0.0,1.0,1.0,0.0,0.0,10000.0,10000.0,10000.0,10000.0,
zeta,0.0,0.0,0.0,0.0,0.0,0.0,10000.0,10000.0,10000.0,10000.0,
