,mean,sd,hdi_3%,hdi_97%,mcse_mean,mcse_sd,ess_mean,ess_sd,ess_bulk,ess_tail,r_hat
b,1.0,0.0,1.0,1.0,0.0,0.0,10000.0,10000.0,10000.0,10000.0,
p_error,0.05000000447034836,3.725476371840841e-09,0.05000000074505806,0.05000000074505806,3.7254763718408414e-11,2.6343864464297942e-11,10000.0,10000.0,10000.0,10000.0,
v,2.5561728592059007e-06,2.0911748459967237e-06,1.0114277289789119e-07,6.20289070764881e-06,5.174453096526577e-08,3.659544480316097e-08,1633.2466770095511,1633.2466770095511,1582.6768154444235,1939.9416538139726,1.0001790635238337
s,0.011929842303859906,0.0009597971912135339,0.01011571647797589,0.013784297485822739,2.6919197069396667e-05,1.9115499630450337e-05,1271.2610637961511,1261.126305347259,1265.7634770057298,1190.7170991954233,1.001507293044881
gamma,1.0,0.0,1.0,1.0,0.0,0.0,10000.0,10000.0,10000.0,10000.0,
zeta,0.0,0.0,0.0,0.0,0.0,0.0,10000.0,10000.0,10000.0,10000.0,
