,mean,sd,hdi_3%,hdi_97%,mcse_mean,mcse_sd,ess_mean,ess_sd,ess_bulk,ess_tail,r_hat
b,1.0,0.0,1.0,1.0,0.0,0.0,10000.0,10000.0,10000.0,10000.0,
p_error,0.05000000447034836,3.725476371840841e-09,0.05000000074505806,0.05000000074505806,3.7254763718408414e-11,2.6343864464297942e-11,10000.0,10000.0,10000.0,10000.0,
v,2.5706479646719194e-05,1.785538615897882e-05,1.5923196249051202e-07,5.6665534858639814e-05,4.0426663282349127e-07,2.8590242862805747e-07,1950.7548702069435,1950.7548702069435,1772.4806401974704,2030.5716791449793,1.0007065587423263
s,0.03587942160203496,0.0030640693850936553,0.03016377990001843,0.041501824017964366,7.266822426023125e-05,5.1748772336269266e-05,1777.9031342388125,1753.5235219673425,1806.040245719315,1921.5800094620167,1.0003787178203314
gamma,1.0,0.0,1.0,1.0,0.0,0.0,10000.0,10000.0,10000.0,10000.0,
zeta,0.0,0.0,0.0,0.0,0.0,0.0,10000.0,10000.0,10000.0,10000.0,
