,mean,sd,hdi_3%,hdi_97%,mcse_mean,mcse_sd,ess_mean,ess_sd,ess_bulk,ess_tail,r_hat
b,1.0,0.0,1.0,1.0,0.0,0.0,10000.0,10000.0,10000.0,10000.0,
p_error,0.05000000447034836,3.725476371840841e-09,0.05000000074505806,0.05000000074505806,3.7254763718408414e-11,2.6343864464297942e-11,10000.0,10000.0,10000.0,10000.0,
v,2.4806091483890707e-05,1.7147182679743867e-05,1.3021430035846784e-07,5.4842135554460446e-05,3.80113371917535e-07,2.6881927580211676e-07,2034.9758225215367,2034.9758225215367,1834.207977669268,1922.48769548851,1.0012067425673448
s,0.035485960248907364,0.002975955792434596,0.02999303683681246,0.040712977892717814,7.473362004503259e-05,5.327412506725238e-05,1585.6995817755085,1560.819388818385,1622.4369778444334,1781.6321893691643,1.000795909729039
gamma,1.0,0.0,1.0,1.0,0.0,0.0,10000.0,10000.0,10000.0,10000.0,
zeta,0.0,0.0,0.0,0.0,0.0,0.0,10000.0,10000.0,10000.0,10000.0,
