,mean,sd,hdi_3%,hdi_97%,mcse_mean,mcse_sd,ess_mean,ess_sd,ess_bulk,ess_tail,r_hat
b,1.0,0.0,1.0,1.0,0.0,0.0,10000.0,10000.0,10000.0,10000.0,
p_error,0.05000000447034836,3.725476371840841e-09,0.05000000074505806,0.05000000074505806,3.7254763718408414e-11,2.6343864464297942e-11,10000.0,10000.0,10000.0,10000.0,
v,8.236561731886966e-05,2.8628387711470867e-05,2.4376484902866634e-05,0.00013234741677525352,6.500479392493216e-07,4.5972244535299645e-07,1939.5590608138443,1939.5590608138443,1928.1297224869063,1977.0900889344607,1.0025797438322566
s,0.03603733450818513,0.004112441144843331,0.028750747799103877,0.04429885470152228,9.655436625704205e-05,6.905350363762183e-05,1814.0763265333117,1773.9476403423748,1823.315585706943,1870.5224649894137,1.0013567592709178
gamma,1.0,0.0,1.0,1.0,0.0,0.0,10000.0,10000.0,10000.0,10000.0,
zeta,0.0,0.0,0.0,0.0,0.0,0.0,10000.0,10000.0,10000.0,10000.0,
