,mean,sd,hdi_3%,hdi_97%,mcse_mean,mcse_sd,ess_mean,ess_sd,ess_bulk,ess_tail,r_hat
b,1.0,0.0,1.0,1.0,0.0,0.0,10000.0,10000.0,10000.0,10000.0,
p_error,0.05000000447034836,3.725476371840841e-09,0.05000000074505806,0.05000000074505806,3.7254763718408414e-11,2.6343864464297942e-11,10000.0,10000.0,10000.0,10000.0,
v,8.465936938129365e-06,7.2825376151577225e-06,1.000229296312265e-07,2.2077438952040198e-05,1.6853519536009918e-07,1.1919100011494196e-07,1867.1716959862902,1867.1716959862902,1537.8238831374456,1555.036529198878,1.0015526786559068
s,0.026712644333328966,0.0020420174404816565,0.02311018908083428,0.030675567792985216,5.148792271718004e-05,3.672566215065438e-05,1572.9254988828109,1546.370278637695,1643.6669878609323,1798.565309467211,1.0013903692369115
gamma,1.0,0.0,1.0,1.0,0.0,0.0,10000.0,10000.0,10000.0,10000.0,
zeta,0.0,0.0,0.0,0.0,0.0,0.0,10000.0,10000.0,10000.0,10000.0,
