,mean,sd,hdi_3%,hdi_97%,mcse_mean,mcse_sd,ess_mean,ess_sd,ess_bulk,ess_tail,r_hat
b,1.0,0.0,1.0,1.0,0.0,0.0,10000.0,10000.0,10000.0,10000.0,
p_error,0.05000000447034836,3.725476371840841e-09,0.05000000074505806,0.05000000074505806,3.7254763718408414e-11,2.6343864464297942e-11,10000.0,10000.0,10000.0,10000.0,
v,6.41202829130406e-06,4.381469550333444e-06,1.0222824468239196e-07,1.4373519331721024e-05,1.3047471174745257e-07,9.228342621907167e-08,1127.6826628327456,1127.6826628327456,1111.0791638251346,1377.8504631359233,1.000573330345293
s,0.011939972954401024,0.0010461309137968643,0.009894077938949523,0.013812992172684512,3.199685121835916e-05,2.263136670304344e-05,1068.9504836612414,1068.9504836612414,1072.3719591834454,1273.015962600692,1.0018829579379593
gamma,1.0,0.0,1.0,1.0,0.0,0.0,10000.0,10000.0,10000.0,10000.0,
zeta,0.0,0.0,0.0,0.0,0.0,0.0,10000.0,10000.0,10000.0,10000.0,
