,mean,sd,hdi_3%,hdi_97%,mcse_mean,mcse_sd,ess_mean,ess_sd,ess_bulk,ess_tail,r_hat
b,1.0,0.0,1.0,1.0,0.0,0.0,10000.0,10000.0,10000.0,10000.0,
p_error,0.05000000447034836,3.725476371840841e-09,0.05000000074505806,0.05000000074505806,3.7254763718408414e-11,2.6343864464297942e-11,10000.0,10000.0,10000.0,10000.0,
v,6.315041257967835e-06,4.275983812549467e-06,1.0707985802084684e-07,1.3796458263655726e-05,1.2716022578240683e-07,8.993906096300813e-08,1130.7576228363475,1130.7576228363475,1059.6543151382114,1292.051006133101,1.0013542067081993
s,0.011938535841643158,0.0010428245302228805,0.010103911795504555,0.013943861955448849,3.18320676382472e-05,2.2514790797572297e-05,1073.2299383068219,1073.2299383068219,1076.4933683448103,1388.1098155321408,1.0031983303063734
gamma,1.0,0.0,1.0,1.0,0.0,0.0,10000.0,10000.0,10000.0,10000.0,
zeta,0.0,0.0,0.0,0.0,0.0,0.0,10000.0,10000.0,10000.0,10000.0,
