,mean,sd,hdi_3%,hdi_97%,mcse_mean,mcse_sd,ess_mean,ess_sd,ess_bulk,ess_tail,r_hat
b,1.0,0.0,1.0,1.0,0.0,0.0,10000.0,10000.0,10000.0,10000.0,
p_error,0.05000000447034836,3.725476371840841e-09,0.05000000074505806,0.05000000074505806,3.7254763718408414e-11,2.6343864464297942e-11,10000.0,10000.0,10000.0,10000.0,
v,6.608564712264202e-06,3.244857660407893e-06,1.0884415933937423e-07,1.185114959335224e-05,1.0631390524345545e-07,7.519883287463562e-08,931.5606999336262,931.5606999336262,879.2598624587266,1234.6278122905371,1.003301253276291
s,0.009121223030436176,0.0007357331417692007,0.007753536878680085,0.010531825065757457,2.3392667252785257e-05,1.654599329369831e-05,989.1932696063946,989.1932696063946,942.960319273339,1597.6762087130817,1.0067776340865602
gamma,1.0,0.0,1.0,1.0,0.0,0.0,10000.0,10000.0,10000.0,10000.0,
zeta,0.0,0.0,0.0,0.0,0.0,0.0,10000.0,10000.0,10000.0,10000.0,
