,mean,sd,hdi_3%,hdi_97%,mcse_mean,mcse_sd,ess_mean,ess_sd,ess_bulk,ess_tail,r_hat
b,1.0,0.0,1.0,1.0,0.0,0.0,10000.0,10000.0,10000.0,10000.0,
p_error,0.05000000447034836,3.725476371840841e-09,0.05000000074505806,0.05000000074505806,3.7254763718408414e-11,2.6343864464297942e-11,10000.0,10000.0,10000.0,10000.0,
v,5.705859097753328e-06,5.245311730711165e-06,1.0034305211578382e-07,1.5308051436758664e-05,1.1364987348326944e-07,8.037360242768802e-08,2130.123060088467,2130.123060088467,1751.5526358412314,1823.0905054120892,1.00269589336835
s,0.017943315923317958,0.003293725807530697,0.011164439245254176,0.023247707592825333,7.32204329616574e-05,5.178212916904247e-05,2023.533041219339,2023.533041219339,1987.3136418403717,2323.06779488297,1.0021520108712745
gamma,1.0,0.0,1.0,1.0,0.0,0.0,10000.0,10000.0,10000.0,10000.0,
zeta,0.0,0.0,0.0,0.0,0.0,0.0,10000.0,10000.0,10000.0,10000.0,
