,mean,sd,hdi_3%,hdi_97%,mcse_mean,mcse_sd,ess_mean,ess_sd,ess_bulk,ess_tail,r_hat
b,1.0,0.0,1.0,1.0,0.0,0.0,10000.0,10000.0,10000.0,10000.0,
p_error,0.05000000447034836,3.725476371840841e-09,0.05000000074505806,0.05000000074505806,3.7254763718408414e-11,2.6343864464297942e-11,10000.0,10000.0,10000.0,10000.0,
v,5.701031619535721e-06,5.345197319823596e-06,1.054645395844834e-07,1.5670790219717313e-05,1.157802607990852e-07,8.188021350117985e-08,2131.3679798243297,2131.3679798243297,1851.4341791483628,2084.9093141647995,1.0017071059653981
s,0.018071454391357423,0.003292038384288393,0.011274265665345297,0.023338107401217188,7.235982212118011e-05,5.117333263707463e-05,2069.8305823682804,2069.8305823682804,2065.6803953160806,2051.8189005206073,1.0023306363917897
gamma,1.0,0.0,1.0,1.0,0.0,0.0,10000.0,10000.0,10000.0,10000.0,
zeta,0.0,0.0,0.0,0.0,0.0,0.0,10000.0,10000.0,10000.0,10000.0,
