,mean,sd,hdi_3%,hdi_97%,mcse_mean,mcse_sd,ess_mean,ess_sd,ess_bulk,ess_tail,r_hat
b,1.0,0.0,1.0,1.0,0.0,0.0,10000.0,10000.0,10000.0,10000.0,
p_error,0.05000000447034836,3.725476371840841e-09,0.05000000074505806,0.05000000074505806,3.7254763718408414e-11,2.6343864464297942e-11,10000.0,10000.0,10000.0,10000.0,
v,1.5266235414314818e-05,5.072972711530369e-06,5.699069973090807e-06,2.4487319322952674e-05,1.8855191462045517e-07,1.3338009479422353e-07,723.8743014957258,723.8743014957258,727.4929167622699,1224.7684841470348,1.0039072264938274
s,0.010609778977872802,0.0008606949536289815,0.009049827074521568,0.012226267394266483,3.1466964879304425e-05,2.2294072586753496e-05,748.1502105108316,745.8122927914442,754.1505279777168,1239.7477982575886,1.004964199892929
gamma,1.0,0.0,1.0,1.0,0.0,0.0,10000.0,10000.0,10000.0,10000.0,
zeta,0.0,0.0,0.0,0.0,0.0,0.0,10000.0,10000.0,10000.0,10000.0,
