,mean,sd,hdi_3%,hdi_97%,mcse_mean,mcse_sd,ess_mean,ess_sd,ess_bulk,ess_tail,r_hat
b,1.0,0.0,1.0,1.0,0.0,0.0,10000.0,10000.0,10000.0,10000.0,
p_error,0.05000000447034836,3.725476371840841e-09,0.05000000074505806,0.05000000074505806,3.7254763718408414e-11,2.6343864464297942e-11,10000.0,10000.0,10000.0,10000.0,
v,2.630268441387481e-05,7.596885932701759e-06,1.1403113128027627e-05,3.9942850338282865e-05,2.6041388068558564e-07,1.842035670728727e-07,851.0262421196759,851.0262421196759,856.1606362560544,1337.008784215328,1.0037899520171714
s,0.013433030670278494,0.0010649960572042274,0.01152663915664367,0.015509355657286962,3.9345972213934606e-05,2.7852008780844145e-05,732.6481175068146,731.6432718963877,744.8439555293221,1195.9959169841643,1.005484592280113
gamma,1.0,0.0,1.0,1.0,0.0,0.0,10000.0,10000.0,10000.0,10000.0,
zeta,0.0,0.0,0.0,0.0,0.0,0.0,10000.0,10000.0,10000.0,10000.0,
