,mean,sd,hdi_3%,hdi_97%,mcse_mean,mcse_sd,ess_mean,ess_sd,ess_bulk,ess_tail,r_hat
b,1.0,0.0,1.0,1.0,0.0,0.0,10000.0,10000.0,10000.0,10000.0,
p_error,0.05000000447034836,3.725476371840841e-09,0.05000000074505806,0.05000000074505806,3.7254763718408414e-11,2.6343864464297942e-11,10000.0,10000.0,10000.0,10000.0,
v,1.7265161800814437e-05,1.588173454077973e-05,1.0104609667261147e-07,4.7262671408296685e-05,3.564760587597172e-07,2.5210368745423573e-07,1984.8839961758113,1984.8839961758113,1651.083057149113,1979.5662642217108,1.0011850333774706
s,0.0363315015543117,0.0035071765986409388,0.030047303345667402,0.042987382123825454,8.303686449015055e-05,5.974364507011401e-05,1783.911832153813,1723.6490693101384,1881.4049725898685,1953.5704264200344,1.0011124248784151
gamma,1.0,0.0,1.0,1.0,0.0,0.0,10000.0,10000.0,10000.0,10000.0,
zeta,0.0,0.0,0.0,0.0,0.0,0.0,10000.0,10000.0,10000.0,10000.0,
