,mean,sd,hdi_3%,hdi_97%,mcse_mean,mcse_sd,ess_mean,ess_sd,ess_bulk,ess_tail,r_hat
b,1.0,0.0,1.0,1.0,0.0,0.0,10000.0,10000.0,10000.0,10000.0,
p_error,0.05000000447034836,3.725476371840841e-09,0.05000000074505806,0.05000000074505806,3.7254763718408414e-11,2.6343864464297942e-11,10000.0,10000.0,10000.0,10000.0,
v,1.3198891626791188e-05,1.036727877662635e-05,1.0917414219950246e-07,3.210494417937463e-05,2.582635874526125e-07,1.8265299883543474e-07,1611.3993905130849,1611.3993905130849,1382.4961392926064,1703.8267408516786,1.0008283995349538
s,0.0208004662254339,0.0014496331943411507,0.018058643789290816,0.02345582722443139,3.839801143729719e-05,2.734449015799664e-05,1425.2753789999506,1405.8107085227086,1461.277313821333,1595.7392516969314,1.004947237255299
gamma,1.0,0.0,1.0,1.0,0.0,0.0,10000.0,10000.0,10000.0,10000.0,
zeta,0.0,0.0,0.0,0.0,0.0,0.0,10000.0,10000.0,10000.0,10000.0,
