,mean,sd,hdi_3%,hdi_97%,mcse_mean,mcse_sd,ess_mean,ess_sd,ess_bulk,ess_tail,r_hat
b,1.0,0.0,1.0,1.0,0.0,0.0,10000.0,10000.0,10000.0,10000.0,
p_error,0.05000000447034836,3.725476371840841e-09,0.05000000074505806,0.05000000074505806,3.7254763718408414e-11,2.6343864464297942e-11,10000.0,10000.0,10000.0,10000.0,
v,6.087017854759376e-06,5.3968058372884076e-06,1.0128194730425549e-07,1.608736508417075e-05,1.2199561043204394e-07,8.62767834077009e-08,1956.974552152793,1956.974552152793,1779.0720960923984,1864.5312048644946,1.0003627396519572
s,0.020866253060881586,0.0014935897181829608,0.018105227127986078,0.023607084431109347,3.529036970617911e-05,2.50357426373301e-05,1791.2252983084209,1780.1394299028518,1804.124318496034,1945.0514516708197,1.0005272128197857
gamma,1.0,0.0,1.0,1.0,0.0,0.0,10000.0,10000.0,10000.0,10000.0,
zeta,0.0,0.0,0.0,0.0,0.0,0.0,10000.0,10000.0,10000.0,10000.0,
