,mean,sd,hdi_3%,hdi_97%,mcse_mean,mcse_sd,ess_mean,ess_sd,ess_bulk,ess_tail,r_hat
b,1.0,0.0,1.0,1.0,0.0,0.0,10000.0,10000.0,10000.0,10000.0,
p_error,0.05000000447034836,3.725476371840841e-09,0.05000000074505806,0.05000000074505806,3.7254763718408414e-11,2.6343864464297942e-11,10000.0,10000.0,10000.0,10000.0,
v,6.504248543608893e-06,6.745934870150741e-06,1.0470944825716345e-07,1.857278425155391e-05,1.4102684660610497e-07,1.0281030799769457e-07,2288.1300125281546,2153.2707633536484,1849.4999867871938,1576.440129089036,1.0010235114764265
s,0.0257560860145213,0.0020169134900503575,0.021987059256615656,0.029494639381294884,4.7187153446043483e-05,3.338799317383223e-05,1826.9513500002536,1825.1675686341478,1848.6183639530511,2015.6253385889154,1.0002741693050536
gamma,1.0,0.0,1.0,1.0,0.0,0.0,10000.0,10000.0,10000.0,10000.0,
zeta,0.0,0.0,0.0,0.0,0.0,0.0,10000.0,10000.0,10000.0,10000.0,
