,mean,sd,hdi_3%,hdi_97%,mcse_mean,mcse_sd,ess_mean,ess_sd,ess_bulk,ess_tail,r_hat
b,1.0,0.0,1.0,1.0,0.0,0.0,10000.0,10000.0,10000.0,10000.0,
p_error,0.05000000447034836,3.725476371840841e-09,0.05000000074505806,0.05000000074505806,3.7254763718408414e-11,2.6343864464297942e-11,10000.0,10000.0,10000.0,10000.0,
v,6.374739131220715e-06,6.401541809233421e-06,1.1572747853429596e-07,1.828812069355614e-05,1.2570863762999096e-07,8.889942970550779e-08,2593.217436279387,2593.217436279387,1908.4654571778758,1833.8004988438377,1.000355637034576
s,0.025822718232452274,0.002025797530199687,0.022213815484009823,0.02957936207789271,4.896710689859986e-05,3.482803625462175e-05,1711.5247490905047,1692.208386434998,1746.0529357660187,1781.047876718799,1.001129092271857
gamma,1.0,0.0,1.0,1.0,0.0,0.0,10000.0,10000.0,10000.0,10000.0,
zeta,0.0,0.0,0.0,0.0,0.0,0.0,10000.0,10000.0,10000.0,10000.0,
