,mean,sd,hdi_3%,hdi_97%,mcse_mean,mcse_sd,ess_mean,ess_sd,ess_bulk,ess_tail,r_hat
b,1.0,0.0,1.0,1.0,0.0,0.0,10000.0,10000.0,10000.0,10000.0,
p_error,0.05000000447034836,3.725476371840841e-09,0.05000000074505806,0.05000000074505806,3.7254763718408414e-11,2.6343864464297942e-11,10000.0,10000.0,10000.0,10000.0,
v,3.540430635763419e-06,3.414444525282096e-06,1.0425985188985826e-07,9.764996516384568e-06,7.321524452140137e-08,5.177794030798574e-08,2174.888955723966,2174.888955723966,1815.6141460390409,2339.3450037177754,1.0010344814399217
s,0.023710810323479325,0.0020508885820656113,0.019770866551954983,0.02744403918933376,4.95890684607064e-05,3.5163343537057364e-05,1710.4572899374689,1701.463890236865,1717.8796074642912,1935.8482314496232,1.0022418768079766
gamma,1.0,0.0,1.0,1.0,0.0,0.0,10000.0,10000.0,10000.0,10000.0,
zeta,0.0,0.0,0.0,0.0,0.0,0.0,10000.0,10000.0,10000.0,10000.0,
