,mean,sd,hdi_3%,hdi_97%,mcse_mean,mcse_sd,ess_mean,ess_sd,ess_bulk,ess_tail,r_hat
b,1.0,0.0,1.0,1.0,0.0,0.0,10000.0,10000.0,10000.0,10000.0,
p_error,0.05000000447034836,3.725476371840841e-09,0.05000000074505806,0.05000000074505806,3.7254763718408414e-11,2.6343864464297942e-11,10000.0,10000.0,10000.0,10000.0,
v,3.5070307667133128e-06,3.403388647368977e-06,1.0163759882445625e-07,9.351918063418307e-06,6.994207543161935e-08,4.9462609180047086e-08,2367.8056974840206,2367.8056974840206,2012.835284174838,2368.6081308184234,1.0002828848323975
s,0.023705175878336877,0.0020242596149471956,0.020018662940123694,0.027571410938791074,4.772361599868844e-05,3.404277199863638e-05,1799.1432196769174,1768.4625830190903,1839.4225105485132,1769.5275282374928,1.0017767203452541
gamma,1.0,0.0,1.0,1.0,0.0,0.0,10000.0,10000.0,10000.0,10000.0,
zeta,0.0,0.0,0.0,0.0,0.0,0.0,10000.0,10000.0,10000.0,10000.0,
