,mean,sd,hdi_3%,hdi_97%,mcse_mean,mcse_sd,ess_mean,ess_sd,ess_bulk,ess_tail,r_hat
b,1.0,0.0,1.0,1.0,0.0,0.0,10000.0,10000.0,10000.0,10000.0,
p_error,0.05000000447034836,3.725476371840841e-09,0.05000000074505806,0.05000000074505806,3.7254763718408414e-11,2.6343864464297942e-11,10000.0,10000.0,10000.0,10000.0,
v,1.0450170347691939e-05,7.028836833317356e-06,1.067974879045794e-07,2.314645946363448e-05,2.05185364682439e-07,1.4512403957462417e-07,1173.4758668961365,1173.4758668961365,977.5719315496018,1527.4067498851025,1.0021317557516594
s,0.01895760232206557,0.0012071691285628512,0.016627119395974756,0.021104756520237987,3.321630045716019e-05,2.3492659932398782e-05,1320.7898431001588,1320.7898431001588,1310.392319019085,1696.8783480963018,1.00226910033859
gamma,1.0,0.0,1.0,1.0,0.0,0.0,10000.0,10000.0,10000.0,10000.0,
zeta,0.0,0.0,0.0,0.0,0.0,0.0,10000.0,10000.0,10000.0,10000.0,
