,mean,sd,hdi_3%,hdi_97%,mcse_mean,mcse_sd,ess_mean,ess_sd,ess_bulk,ess_tail,r_hat
b,1.0,0.0,1.0,1.0,0.0,0.0,10000.0,10000.0,10000.0,10000.0,
p_error,0.05000000447034836,3.725476371840841e-09,0.05000000074505806,0.05000000074505806,3.7254763718408414e-11,2.6343864464297942e-11,10000.0,10000.0,10000.0,10000.0,
v,1.5952271282735657e-06,1.2424936403816053e-06,1.0088386933309903e-07,3.777960555097724e-06,3.195284122552629e-08,2.259843039084717e-08,1512.061258610095,1512.061258610095,1353.1047972612848,1543.229456246282,1.0023787953089425
s,0.007077030208570777,0.00044376639420397904,0.006284160054171929,0.007937945482128313,1.1563225453692073e-05,8.178054874792297e-06,1472.8239391490551,1472.8239391490551,1473.2386275555557,1840.509183366523,1.00145526338396
gamma,1.0,0.0,1.0,1.0,0.0,0.0,10000.0,10000.0,10000.0,10000.0,
zeta,0.0,0.0,0.0,0.0,0.0,0.0,10000.0,10000.0,10000.0,10000.0,
