,mean,sd,hdi_3%,hdi_97%,mcse_mean,mcse_sd,ess_mean,ess_sd,ess_bulk,ess_tail,r_hat
b,1.0,0.0,1.0,1.0,0.0,0.0,10000.0,10000.0,10000.0,10000.0,
p_error,0.05000000447034836,3.725476371840841e-09,0.05000000074505806,0.05000000074505806,3.7254763718408414e-11,2.6343864464297942e-11,10000.0,10000.0,10000.0,10000.0,
v,1.5774655856755263e-06,1.2179781180374955e-06,1.0004993768615333e-07,3.7236333034130696e-06,3.260969182945048e-08,2.3063356897558446e-08,1395.0365381042482,1395.0365381042482,1321.3756060269056,1951.249677027071,1.0021888945343325
s,0.007069723189957614,0.000441908495112428,0.006250052824897029,0.007887087629102552,1.2221864792844108e-05,8.644092262765445e-06,1307.3436172808442,1307.3436172808442,1297.0480091605755,1286.2565310257212,1.0021770215830128
gamma,1.0,0.0,1.0,1.0,0.0,0.0,10000.0,10000.0,10000.0,10000.0,
zeta,0.0,0.0,0.0,0.0,0.0,0.0,10000.0,10000.0,10000.0,10000.0,
