,mean,sd,hdi_3%,hdi_97%,mcse_mean,mcse_sd,ess_mean,ess_sd,ess_bulk,ess_tail,r_hat
b,1.0,0.0,1.0,1.0,0.0,0.0,10000.0,10000.0,10000.0,10000.0,
p_error,0.05000000447034836,3.725476371840841e-09,0.05000000074505806,0.05000000074505806,3.7254763718408414e-11,2.6343864464297942e-11,10000.0,10000.0,10000.0,10000.0,
v,8.55646880358486e-07,6.864701376947822e-07,1.000486440852146e-07,2.177318266391198e-06,1.5431863978710937e-08,1.0913584430910154e-08,1978.8210699961608,1978.8210699961608,1747.0456264335326,1872.3369761187412,1.001118877765288
s,0.0070457936847431,0.0004138282793154585,0.0062572360811849895,0.007829022871835897,1.038078176467911e-05,7.353125625947792e-06,1589.2060457354185,1584.259457105644,1580.1778413551651,1951.5069396027206,1.0027916001913226
gamma,1.0,0.0,1.0,1.0,0.0,0.0,10000.0,10000.0,10000.0,10000.0,
zeta,0.0,0.0,0.0,0.0,0.0,0.0,10000.0,10000.0,10000.0,10000.0,
