,mean,sd,hdi_3%,hdi_97%,mcse_mean,mcse_sd,ess_mean,ess_sd,ess_bulk,ess_tail,r_hat
b,1.0,0.0,1.0,1.0,0.0,0.0,10000.0,10000.0,10000.0,10000.0,
p_error,0.05000000447034836,3.725476371840841e-09,0.05000000074505806,0.05000000074505806,3.7254763718408414e-11,2.6343864464297942e-11,10000.0,10000.0,10000.0,10000.0,
v,9.85923164636385e-06,1.6796342228472509e-06,6.891978792620955e-06,1.3007344271821742e-05,7.532838742109457e-08,5.3447672932679954e-08,497.1782128067641,494.3728820893536,497.88869140072114,896.108852373662,1.0089285150510139
s,0.004979309125620456,0.00040143392977856927,0.004193889002427866,0.005719882330849031,1.8630743135647297e-05,1.3182209942418676e-05,464.2669809598332,464.2669809598332,465.8855774645547,867.7919351431034,1.0106293061717255
gamma,1.0,0.0,1.0,1.0,0.0,0.0,10000.0,10000.0,10000.0,10000.0,
zeta,0.0,0.0,0.0,0.0,0.0,0.0,10000.0,10000.0,10000.0,10000.0,
