,mean,sd,hdi_3%,hdi_97%,mcse_mean,mcse_sd,ess_mean,ess_sd,ess_bulk,ess_tail,r_hat
b,1.0,0.0,1.0,1.0,0.0,0.0,10000.0,10000.0,10000.0,10000.0,
p_error,0.05000000447034836,3.725476371840841e-09,0.05000000074505806,0.05000000074505806,3.7254763718408414e-11,2.6343864464297942e-11,10000.0,10000.0,10000.0,10000.0,
v,9.410612151351292e-06,1.503301741522639e-06,6.352604583137729e-06,1.2048011636868927e-05,6.408112222303869e-08,4.5336232073719915e-08,550.3412978401639,550.3412978401639,551.9157588431445,914.7252341923539,1.0058831553361938
s,0.004761109383384593,0.00041091899023035623,0.00401270078390629,0.0055459018460213534,1.7184621393433132e-05,1.2187005825906403e-05,571.7846442039037,569.0283165192203,572.4280451489377,928.6994952616424,1.005953039985443
gamma,1.0,0.0,1.0,1.0,0.0,0.0,10000.0,10000.0,10000.0,10000.0,
zeta,0.0,0.0,0.0,0.0,0.0,0.0,10000.0,10000.0,10000.0,10000.0,
