,mean,sd,hdi_3%,hdi_97%,mcse_mean,mcse_sd,ess_mean,ess_sd,ess_bulk,ess_tail,r_hat
b,1.0,0.0,1.0,1.0,0.0,0.0,10000.0,10000.0,10000.0,10000.0,
p_error,0.05000000447034836,3.725476371840841e-09,0.05000000074505806,0.05000000074505806,3.7254763718408414e-11,2.6343864464297942e-11,10000.0,10000.0,10000.0,10000.0,
v,9.474186469107082e-06,1.5372638240335537e-06,6.272009734608193e-06,1.205364350781861e-05,6.993855316410339e-08,4.948391149974111e-08,483.1294672073688,483.1294672073688,483.43070157702016,999.1482709975787,1.0041731256083888
s,0.004753675951428907,0.0004122737273127197,0.003955838674915521,0.005489871761134862,1.9169382875254005e-05,1.3569830424526361e-05,462.5461344764703,462.1054879407824,464.36102774063494,953.4933767115989,1.0058452462499432
gamma,1.0,0.0,1.0,1.0,0.0,0.0,10000.0,10000.0,10000.0,10000.0,
zeta,0.0,0.0,0.0,0.0,0.0,0.0,10000.0,10000.0,10000.0,10000.0,
