,mean,sd,hdi_3%,hdi_97%,mcse_mean,mcse_sd,ess_mean,ess_sd,ess_bulk,ess_tail,r_hat
b,1.0,0.0,1.0,1.0,0.0,0.0,10000.0,10000.0,10000.0,10000.0,
p_error,0.05000000447034836,3.725476371840841e-09,0.05000000074505806,0.05000000074505806,3.7254763718408414e-11,2.6343864464297942e-11,10000.0,10000.0,10000.0,10000.0,
v,7.96159656217273e-06,1.0516367445098845e-06,5.984210807689263e-06,9.939674665589777e-06,4.941206700268021e-08,3.4962130133169786e-08,452.9658499407696,452.9658499407696,463.47205559814614,672.8798175535858,1.0040215860263657
s,0.003654057567257217,0.00031847399346064627,0.0030304202096906796,0.004217524470728497,1.5018627975288697e-05,1.0640868256193977e-05,449.6632843576738,448.4656277868548,452.2651446129063,671.9254502727861,1.0050075656732664
gamma,1.0,0.0,1.0,1.0,0.0,0.0,10000.0,10000.0,10000.0,10000.0,
zeta,0.0,0.0,0.0,0.0,0.0,0.0,10000.0,10000.0,10000.0,10000.0,
