,mean,sd,hdi_3%,hdi_97%,mcse_mean,mcse_sd,ess_mean,ess_sd,ess_bulk,ess_tail,r_hat
b,1.0,0.0,1.0,1.0,0.0,0.0,10000.0,10000.0,10000.0,10000.0,
p_error,0.05000000447034836,3.725476371840841e-09,0.05000000074505806,0.05000000074505806,3.7254763718408414e-11,2.6343864464297942e-11,10000.0,10000.0,10000.0,10000.0,
v,7.993293608877077e-06,1.0256528995236223e-06,6.218057187583585e-06,1.0096162402226132e-05,5.433695547697846e-08,3.9017727391245565e-08,356.29540553539505,346.0825083705087,352.10418553172445,735.7639189578078,1.0047671252249917
s,0.003653964643653387,0.00031077821465360235,0.0030925793159489383,0.004232947453062947,1.570947260418776e-05,1.1116563709998946e-05,391.3613418728483,391.3613418728483,381.44672271135676,1061.2309374391173,1.006448284409013
gamma,1.0,0.0,1.0,1.0,0.0,0.0,10000.0,10000.0,10000.0,10000.0,
zeta,0.0,0.0,0.0,0.0,0.0,0.0,10000.0,10000.0,10000.0,10000.0,
