,mean,sd,hdi_3%,hdi_97%,mcse_mean,mcse_sd,ess_mean,ess_sd,ess_bulk,ess_tail,r_hat
b,1.0,0.0,1.0,1.0,0.0,0.0,10000.0,10000.0,10000.0,10000.0,
p_error,0.05000000447034836,3.725476371840841e-09,0.05000000074505806,0.05000000074505806,3.7254763718408414e-11,2.6343864464297942e-11,10000.0,10000.0,10000.0,10000.0,
v,1.614917202529506e-05,1.7540134884951446e-06,1.3034647538663856e-05,1.9474483289679767e-05,6.344732735782385e-08,4.488116822946251e-08,764.2565900002895,764.2565900002895,770.5234853636722,1161.1161975550574,1.0017952589207848
s,0.004796944638736428,0.00041448579719446786,0.0040594611788542165,0.00557166340016832,1.5817045949821057e-05,1.1193219847279107e-05,686.702383122653,686.1966997371674,687.4801724376783,900.1832628891582,1.0033001750204817
gamma,1.0,0.0,1.0,1.0,0.0,0.0,10000.0,10000.0,10000.0,10000.0,
zeta,0.0,0.0,0.0,0.0,0.0,0.0,10000.0,10000.0,10000.0,10000.0,
