,mean,sd,hdi_3%,hdi_97%,mcse_mean,mcse_sd,ess_mean,ess_sd,ess_bulk,ess_tail,r_hat
b,1.0,0.0,1.0,1.0,0.0,0.0,10000.0,10000.0,10000.0,10000.0,
p_error,0.05000000447034836,3.725476371840841e-09,0.05000000074505806,0.05000000074505806,3.7254763718408414e-11,2.6343864464297942e-11,10000.0,10000.0,10000.0,10000.0,
v,1.6131317635819775e-05,1.717434866771726e-06,1.285585398097119e-05,1.9247914690808275e-05,6.373634111876056e-08,4.508651533570713e-08,726.0830425473629,726.0830425473629,726.3455854108234,1092.523950799067,1.0028454285539612
s,0.004766822605129363,0.00040581176796665664,0.004028771874863054,0.0055449867269418696,1.4668938711272438e-05,1.0386002743036521e-05,765.3355476384693,763.9310975321621,769.4059799451534,1281.832617963746,1.0026928120809635
gamma,1.0,0.0,1.0,1.0,0.0,0.0,10000.0,10000.0,10000.0,10000.0,
zeta,0.0,0.0,0.0,0.0,0.0,0.0,10000.0,10000.0,10000.0,10000.0,
