,mean,sd,hdi_3%,hdi_97%,mcse_mean,mcse_sd,ess_mean,ess_sd,ess_bulk,ess_tail,r_hat
b,1.0,0.0,1.0,1.0,0.0,0.0,10000.0,10000.0,10000.0,10000.0,
p_error,0.05000000447034836,3.725476371840841e-09,0.05000000074505806,0.05000000074505806,3.7254763718408414e-11,2.6343864464297942e-11,10000.0,10000.0,10000.0,10000.0,
v,1.4621801468959675e-05,7.822950584516494e-06,1.0006728528901776e-07,2.7514246398348788e-05,2.45403041079516e-07,1.7357598355959452e-07,1016.2049201595792,1016.2049201595792,863.9375247688987,667.138173955369,1.0004195593391982
s,0.014881376000650209,0.0011238240240155455,0.012695887502797267,0.016968761251858897,3.344749826573808e-05,2.3680921489197736e-05,1128.9360560243435,1126.6638485380402,1127.8363426231629,1695.8011309618573,1.0022078451782672
gamma,1.0,0.0,1.0,1.0,0.0,0.0,10000.0,10000.0,10000.0,10000.0,
zeta,0.0,0.0,0.0,0.0,0.0,0.0,10000.0,10000.0,10000.0,10000.0,
