,mean,sd,hdi_3%,hdi_97%,mcse_mean,mcse_sd,ess_mean,ess_sd,ess_bulk,ess_tail,r_hat
b,1.0,0.0,1.0,1.0,0.0,0.0,10000.0,10000.0,10000.0,10000.0,
p_error,0.05000000447034836,3.725476371840841e-09,0.05000000074505806,0.05000000074505806,3.7254763718408414e-11,2.6343864464297942e-11,10000.0,10000.0,10000.0,10000.0,
v,2.372422866005343e-05,8.207584804440799e-06,7.895221179994668e-06,3.840568137747669e-05,2.9041468598875645e-07,2.0542922938381325e-07,798.718251552381,798.718251552381,812.2317615933603,962.8074084064742,1.0013557129972483
s,0.015419089764670971,0.0013809556493337295,0.013190331619246591,0.018408016049275108,5.0245316691808185e-05,3.566792681605224e-05,755.384877692042,750.0869959871545,787.2937962080272,1081.0688735974838,1.002915742894208
gamma,1.0,0.0,1.0,1.0,0.0,0.0,10000.0,10000.0,10000.0,10000.0,
zeta,0.0,0.0,0.0,0.0,0.0,0.0,10000.0,10000.0,10000.0,10000.0,
