,mean,sd,hdi_3%,hdi_97%,mcse_mean,mcse_sd,ess_mean,ess_sd,ess_bulk,ess_tail,r_hat
b,1.0,0.0,1.0,1.0,0.0,0.0,10000.0,10000.0,10000.0,10000.0,
p_error,0.05000000447034836,3.725476371840841e-09,0.05000000074505806,0.05000000074505806,3.7254763718408414e-11,2.6343864464297942e-11,10000.0,10000.0,10000.0,10000.0,
v,1.1397762978958328e-05,8.960031390479812e-06,1.0859027708956587e-07,2.807186111352379e-05,2.092964078171859e-07,1.4801846819278682e-07,1832.7174427683774,1832.7174427683774,1417.5371437627568,1380.638866587076,1.0044489275335526
s,0.027168529654504652,0.0019967914688455036,0.02362250076509381,0.030982805245362594,4.731935273863254e-05,3.350751242731524e-05,1780.6880085273692,1776.2075501685674,1783.6742943639395,2099.3734763468487,1.003070623085185
gamma,1.0,0.0,1.0,1.0,0.0,0.0,10000.0,10000.0,10000.0,10000.0,
zeta,0.0,0.0,0.0,0.0,0.0,0.0,10000.0,10000.0,10000.0,10000.0,
