,mean,sd,hdi_3%,hdi_97%,mcse_mean,mcse_sd,ess_mean,ess_sd,ess_bulk,ess_tail,r_hat
b,1.0,0.0,1.0,1.0,0.0,0.0,10000.0,10000.0,10000.0,10000.0,
p_error,0.05000000447034836,3.725476371840841e-09,0.05000000074505806,0.05000000074505806,3.7254763718408414e-11,2.6343864464297942e-11,10000.0,10000.0,10000.0,10000.0,
v,4.168258990967238e-05,4.1715287114205775e-06,3.391587483508695e-05,4.931621538032475e-05,1.3297117326420474e-07,9.405269706615813e-08,984.1821241458388,984.1821241458388,1018.8155018925524,1232.2777886144836,1.0044337533310586
s,0.006959420124671151,0.0007434401226223173,0.005675858220119503,0.008359296375231218,2.6124857784886743e-05,1.9128211067522903e-05,809.8118389733023,755.8725977722972,931.831302418818,784.688123840698,1.0065349848995786
gamma,1.0,0.0,1.0,1.0,0.0,0.0,10000.0,10000.0,10000.0,10000.0,
zeta,0.0,0.0,0.0,0.0,0.0,0.0,10000.0,10000.0,10000.0,10000.0,
