,mean,sd,hdi_3%,hdi_97%,mcse_mean,mcse_sd,ess_mean,ess_sd,ess_bulk,ess_tail,r_hat
b,1.0,0.0,1.0,1.0,0.0,0.0,10000.0,10000.0,10000.0,10000.0,
p_error,0.05000000447034836,3.725476371840841e-09,0.05000000074505806,0.05000000074505806,3.7254763718408414e-11,2.6343864464297942e-11,10000.0,10000.0,10000.0,10000.0,
v,2.4499176404020972e-05,7.255339694784692e-06,1.0432951224132315e-05,3.7423442212248384e-05,2.7884177546690855e-07,1.9725591615899316e-07,677.0173882883521,677.0173882883521,729.6116903671015,813.658193199888,1.002143538125386
s,0.015117491269441495,0.0011892965364438323,0.012843294880876483,0.017293218640324324,4.6032428335390285e-05,3.269354694814838e-05,667.5019469609639,662.2302101211679,680.3341133542594,1267.1682790715897,1.0017765111634949
gamma,1.0,0.0,1.0,1.0,0.0,0.0,10000.0,10000.0,10000.0,10000.0,
zeta,0.0,0.0,0.0,0.0,0.0,0.0,10000.0,10000.0,10000.0,10000.0,
