,mean,sd,hdi_3%,hdi_97%,mcse_mean,mcse_sd,ess_mean,ess_sd,ess_bulk,ess_tail,r_hat
b,1.0,0.0,1.0,1.0,0.0,0.0,10000.0,10000.0,10000.0,10000.0,
p_error,0.05000000447034836,3.725476371840841e-09,0.05000000074505806,0.05000000074505806,3.7254763718408414e-11,2.6343864464297942e-11,10000.0,10000.0,10000.0,10000.0,
v,1.5974869565882604e-05,7.926259027656502e-06,1.024812823037086e-06,2.9155578097759365e-05,2.656709278423773e-07,1.879193046011515e-07,890.1197897015705,890.1197897015705,883.3483833577072,1228.275885537756,1.0075960748898847
s,0.018042784747886433,0.0013137319895681811,0.015745576485567122,0.02062844186828967,4.412716583681468e-05,3.132139529911088e-05,886.3423092108711,880.2160477707622,895.0756730949565,1506.2795828741464,1.0058189527867676
gamma,1.0,0.0,1.0,1.0,0.0,0.0,10000.0,10000.0,10000.0,10000.0,
zeta,0.0,0.0,0.0,0.0,0.0,0.0,10000.0,10000.0,10000.0,10000.0,
