,mean,sd,hdi_3%,hdi_97%,mcse_mean,mcse_sd,ess_mean,ess_sd,ess_bulk,ess_tail,r_hat
b,1.0,0.0,1.0,1.0,0.0,0.0,10000.0,10000.0,10000.0,10000.0,
p_error,0.05000000447034836,3.725476371840841e-09,0.05000000074505806,0.05000000074505806,3.7254763718408414e-11,2.6343864464297942e-11,10000.0,10000.0,10000.0,10000.0,
v,4.248000923074014e-05,1.0987711301456207e-05,2.150311119066686e-05,6.223334928194284e-05,3.1993847974963224e-07,2.2628663658750335e-07,1179.4554085069678,1179.4554085069678,1198.1556393235005,1510.065668718128,1.0055133070843505
s,0.01880890106609286,0.002062914524893333,0.014995864649731514,0.02254426514517938,5.981099508834793e-05,4.230313392136927e-05,1189.598510143387,1189.598510143387,1205.0418884100018,1607.3706284577063,1.002616807826085
gamma,1.0,0.0,1.0,1.0,0.0,0.0,10000.0,10000.0,10000.0,10000.0,
zeta,0.0,0.0,0.0,0.0,0.0,0.0,10000.0,10000.0,10000.0,10000.0,
