,mean,sd,hdi_3%,hdi_97%,mcse_mean,mcse_sd,ess_mean,ess_sd,ess_bulk,ess_tail,r_hat
b,1.0,0.0,1.0,1.0,0.0,0.0,10000.0,10000.0,10000.0,10000.0,
p_error,0.05000000447034836,3.725476371840841e-09,0.05000000074505806,0.05000000074505806,3.7254763718408414e-11,2.6343864464297942e-11,10000.0,10000.0,10000.0,10000.0,
v,3.056246907270536e-05,7.385257624918734e-06,1.6204267052713804e-05,4.412576012531123e-05,2.3952963186472727e-07,1.6942502004563325e-07,950.6328230716906,950.6328230716906,951.3982373024995,1501.0325439717988,1.0027784542753369
s,0.013490236175814869,0.0010017765234291598,0.011752845738737179,0.015482216149928502,3.551054178767531e-05,2.5265663156531075e-05,795.842454035386,786.6336097833591,809.9181318841005,1154.606235531223,1.0018958020170219
gamma,1.0,0.0,1.0,1.0,0.0,0.0,10000.0,10000.0,10000.0,10000.0,
zeta,0.0,0.0,0.0,0.0,0.0,0.0,10000.0,10000.0,10000.0,10000.0,
