,mean,sd,hdi_3%,hdi_97%,mcse_mean,mcse_sd,ess_mean,ess_sd,ess_bulk,ess_tail,r_hat
b,1.0,0.0,1.0,1.0,0.0,0.0,10000.0,10000.0,10000.0,10000.0,
p_error,0.05000000447034836,3.725476371840841e-09,0.05000000074505806,0.05000000074505806,3.7254763718408414e-11,2.6343864464297942e-11,10000.0,10000.0,10000.0,10000.0,
v,7.869415568378676e-06,2.2206038824352757e-06,3.892040646929398e-06,1.2394269382349547e-05,7.97988310702913e-08,5.6873789974649875e-08,774.3710889400505,762.8165667450874,777.6217330002478,941.9730602700856,1.0030499587100121
s,0.006051262242618041,0.00040761382115356754,0.005316167997998538,0.006835689853752783,1.4495788618646732e-05,1.0253853746934678e-05,790.7043136093139,790.7043136093139,789.9588915885458,1170.5143139725585,1.0032247118640953
gamma,1.0,0.0,1.0,1.0,0.0,0.0,10000.0,10000.0,10000.0,10000.0,
zeta,0.0,0.0,0.0,0.0,0.0,0.0,10000.0,10000.0,10000.0,10000.0,
