,mean,sd,hdi_3%,hdi_97%,mcse_mean,mcse_sd,ess_mean,ess_sd,ess_bulk,ess_tail,r_hat
b,1.0,0.0,1.0,1.0,0.0,0.0,10000.0,10000.0,10000.0,10000.0,
p_error,0.05000000447034836,3.725476371840841e-09,0.05000000074505806,0.05000000074505806,3.7254763718408414e-11,2.6343864464297942e-11,10000.0,10000.0,10000.0,10000.0,
v,5.7197057652214035e-06,1.8794105188526337e-06,2.372385964781323e-06,9.344962569171143e-06,6.62775334565575e-08,4.6882303025422407e-08,804.1010536993973,804.1010536993973,798.0032839795447,1022.5772115236141,1.0055155097035373
s,0.0054345458679252705,0.00036072076462908355,0.0047579775745298465,0.006111055770256999,1.2649379501509557e-05,8.947672006149997e-06,813.2121171887362,813.2121171887362,810.6908947917917,1135.0026551989681,1.0038264491021676
gamma,1.0,0.0,1.0,1.0,0.0,0.0,10000.0,10000.0,10000.0,10000.0,
zeta,0.0,0.0,0.0,0.0,0.0,0.0,10000.0,10000.0,10000.0,10000.0,
