,mean,sd,hdi_3%,hdi_97%,mcse_mean,mcse_sd,ess_mean,ess_sd,ess_bulk,ess_tail,r_hat
b,1.0,0.0,1.0,1.0,0.0,0.0,10000.0,10000.0,10000.0,10000.0,
p_error,0.05000000447034836,3.725476371840841e-09,0.05000000074505806,0.05000000074505806,3.7254763718408414e-11,2.6343864464297942e-11,10000.0,10000.0,10000.0,10000.0,
v,7.802342392522869e-06,1.4746278258030574e-06,5.086782748179522e-06,1.045712710667415e-05,6.681159393196167e-08,4.7859227845168146e-08,487.14829124854435,475.26618813007326,481.34635419342703,447.6081077243859,1.0024942299774218
s,0.004583506769642907,0.0003829946739817419,0.003917049564361272,0.005358001980576072,1.6909093660580797e-05,1.1963338854488594e-05,513.0324193496942,513.0324193496942,504.3588806910219,630.4681831532281,1.0042358396368478
gamma,1.0,0.0,1.0,1.0,0.0,0.0,10000.0,10000.0,10000.0,10000.0,
zeta,0.0,0.0,0.0,0.0,0.0,0.0,10000.0,10000.0,10000.0,10000.0,
