,mean,sd,hdi_3%,hdi_97%,mcse_mean,mcse_sd,ess_mean,ess_sd,ess_bulk,ess_tail,r_hat
b,1.0,0.0,1.0,1.0,0.0,0.0,10000.0,10000.0,10000.0,10000.0,
p_error,0.05000000447034836,3.725476371840841e-09,0.05000000074505806,0.05000000074505806,3.7254763718408414e-11,2.6343864464297942e-11,10000.0,10000.0,10000.0,10000.0,
v,1.2947903439680874e-05,3.424751581503142e-06,6.376583354794104e-06,1.9351661549667973e-05,1.5414513223942314e-07,1.0906153577265227e-07,493.62656139552666,493.62656139552666,493.6731044211589,1056.7610843236646,1.0047256060657799
s,0.008129572699675899,0.0006680517655621507,0.006826404991254673,0.009302905223830597,2.996191977403866e-05,2.1198718786676093e-05,497.14257628985524,497.14257628985524,497.8325571005715,877.4957066607774,1.0042635304754561
gamma,1.0,0.0,1.0,1.0,0.0,0.0,10000.0,10000.0,10000.0,10000.0,
zeta,0.0,0.0,0.0,0.0,0.0,0.0,10000.0,10000.0,10000.0,10000.0,
