,mean,sd,hdi_3%,hdi_97%,mcse_mean,mcse_sd,ess_mean,ess_sd,ess_bulk,ess_tail,r_hat
b,1.0,0.0,1.0,1.0,0.0,0.0,10000.0,10000.0,10000.0,10000.0,
p_error,0.05000000447034836,3.725476371840841e-09,0.05000000074505806,0.05000000074505806,3.7254763718408414e-11,2.6343864464297942e-11,10000.0,10000.0,10000.0,10000.0,
v,9.861330300834183e-07,8.327947849648431e-07,1.0012749437499573e-07,2.5382212949115392e-06,1.856786457315304e-08,1.3131367050643215e-08,2011.6483904172176,2011.6483904172176,1765.4248208043293,1748.0893927048658,1.001229922096631
s,0.010754468803114918,0.0005218093710309043,0.009781602496149637,0.011759368490298,1.1694497732434104e-05,8.27047036783936e-06,1990.9511320941433,1990.9511320941433,1971.426788906804,1961.09027000358,1.0020428967533732
gamma,1.0,0.0,1.0,1.0,0.0,0.0,10000.0,10000.0,10000.0,10000.0,
zeta,0.0,0.0,0.0,0.0,0.0,0.0,10000.0,10000.0,10000.0,10000.0,
