,mean,sd,hdi_3%,hdi_97%,mcse_mean,mcse_sd,ess_mean,ess_sd,ess_bulk,ess_tail,r_hat
b,1.0,0.0,1.0,1.0,0.0,0.0,10000.0,10000.0,10000.0,10000.0,
p_error,0.05000000447034836,3.725476371840841e-09,0.05000000074505806,0.05000000074505806,3.7254763718408414e-11,2.6343864464297942e-11,10000.0,10000.0,10000.0,10000.0,
v,6.450666104000893e-07,5.247146855683487e-07,1.0070607645147989e-07,1.6146301377460447e-06,1.1244325492923697e-08,7.95200399049113e-09,2177.6075871563185,2177.6075871563185,1888.576969521974,2226.1175502368105,1.000832691559955
s,0.010552957125606355,0.0007183775913444012,0.009193515017096799,0.011886363813847698,1.6917010398052774e-05,1.1964068106040855e-05,1803.2598826168105,1803.2598826168105,1799.4411883625046,1916.0301197739952,1.0016588268465052
gamma,1.0,0.0,1.0,1.0,0.0,0.0,10000.0,10000.0,10000.0,10000.0,
zeta,0.0,0.0,0.0,0.0,0.0,0.0,10000.0,10000.0,10000.0,10000.0,
