,mean,sd,hdi_3%,hdi_97%,mcse_mean,mcse_sd,ess_mean,ess_sd,ess_bulk,ess_tail,r_hat
b,1.0,0.0,1.0,1.0,0.0,0.0,10000.0,10000.0,10000.0,10000.0,
p_error,0.05000000447034836,3.725476371840841e-09,0.05000000074505806,0.05000000074505806,3.7254763718408414e-11,2.6343864464297942e-11,10000.0,10000.0,10000.0,10000.0,
v,1.232144073951996e-05,2.841979088012622e-06,7.241036765198091e-06,1.7548958520769933e-05,1.2413103808757015e-07,8.782278464798369e-08,524.1806454172031,524.1806454172031,529.2257778951807,1049.1255298312508,1.0042566132121011
s,0.007724568864171245,0.0005916416060086211,0.006632358544767074,0.008786546706065079,2.571786488935642e-05,1.8195308192617264e-05,529.2338253135599,529.2338253135599,530.088710970358,985.2849873890891,1.0028637337850748
gamma,1.0,0.0,1.0,1.0,0.0,0.0,10000.0,10000.0,10000.0,10000.0,
zeta,0.0,0.0,0.0,0.0,0.0,0.0,10000.0,10000.0,10000.0,10000.0,
