,mean,sd,hdi_3%,hdi_97%,mcse_mean,mcse_sd,ess_mean,ess_sd,ess_bulk,ess_tail,r_hat
b,1.0,0.0,1.0,1.0,0.0,0.0,10000.0,10000.0,10000.0,10000.0,
p_error,0.05000000447034836,3.725476371840841e-09,0.05000000074505806,0.05000000074505806,3.7254763718408414e-11,2.6343864464297942e-11,10000.0,10000.0,10000.0,10000.0,
v,1.7243175286164653e-05,1.9084223375221474e-06,1.381287522086892e-05,2.09124147682192e-05,7.130934392380695e-08,5.0443868371037604e-08,716.2359254579643,716.2359254579643,724.87727602675,1214.0493598857447,1.0011060518936472
s,0.005400119853818371,0.0005631878802712093,0.004137567106746791,0.0063262291688238725,2.069582009283888e-05,1.4760030959097772e-05,740.5277194399413,728.5342487398573,722.9997164173247,1061.2089698910122,1.0022155871514287
gamma,1.0,0.0,1.0,1.0,0.0,0.0,10000.0,10000.0,10000.0,10000.0,
zeta,0.0,0.0,0.0,0.0,0.0,0.0,10000.0,10000.0,10000.0,10000.0,
