,mean,sd,hdi_3%,hdi_97%,mcse_mean,mcse_sd,ess_mean,ess_sd,ess_bulk,ess_tail,r_hat
b,1.0,0.0,1.0,1.0,0.0,0.0,10000.0,10000.0,10000.0,10000.0,
p_error,0.05000000447034836,3.725476371840841e-09,0.05000000074505806,0.05000000074505806,3.7254763718408414e-11,2.6343864464297942e-11,10000.0,10000.0,10000.0,10000.0,
v,7.041074195554263e-06,4.58787125634284e-06,1.0694757263436874e-07,1.4308808243746608e-05,1.4421619424142444e-07,1.0200565279810782e-07,1012.0323225827852,1012.0323225827852,979.4161096711516,1256.475593270163,1.001796650871861
s,0.011507141098035148,0.002786273014540321,0.006587546035280396,0.015491441096733543,9.64810461468063e-05,6.824627511609276e-05,833.9947749414162,833.9947749414162,910.9605034915212,1390.1044981853229,1.003155918954503
gamma,1.0,0.0,1.0,1.0,0.0,0.0,10000.0,10000.0,10000.0,10000.0,
zeta,0.0,0.0,0.0,0.0,0.0,0.0,10000.0,10000.0,10000.0,10000.0,
