,mean,sd,hdi_3%,hdi_97%,mcse_mean,mcse_sd,ess_mean,ess_sd,ess_bulk,ess_tail,r_hat
b,1.0,0.0,1.0,1.0,0.0,0.0,10000.0,10000.0,10000.0,10000.0,
p_error,0.05000000447034836,3.725476371840841e-09,0.05000000074505806,0.05000000074505806,3.7254763718408414e-11,2.6343864464297942e-11,10000.0,10000.0,10000.0,10000.0,
v,1.3311301464186217e-05,1.1168759568724206e-05,1.0056339651778626e-07,3.3444285197402634e-05,2.364106123351379e-07,1.671893975299355e-07,2231.9062487671586,2231.9062487671586,1555.2531466031285,1111.247917518292,1.0031442146118306
s,0.032123344522915265,0.0029219790293979826,0.02705498465566349,0.037772168183028025,6.93138532101786e-05,4.915441262297951e-05,1777.1091579561423,1767.431284285163,1794.6282325675365,1912.7477680988388,1.0028888469987158
gamma,1.0,0.0,1.0,1.0,0.0,0.0,10000.0,10000.0,10000.0,10000.0,
zeta,0.0,0.0,0.0,0.0,0.0,0.0,10000.0,10000.0,10000.0,10000.0,
