,mean,sd,hdi_3%,hdi_97%,mcse_mean,mcse_sd,ess_mean,ess_sd,ess_bulk,ess_tail,r_hat
b,1.0,0.0,1.0,1.0,0.0,0.0,10000.0,10000.0,10000.0,10000.0,
p_error,0.05000000447034836,3.725476371840841e-09,0.05000000074505806,0.05000000074505806,3.7254763718408414e-11,2.6343864464297942e-11,10000.0,10000.0,10000.0,10000.0,
v,2.593698809408113e-05,3.887745234203282e-06,1.8683543211263305e-05,3.3074425813650584e-05,1.1598228184848693e-07,8.203315621094519e-08,1123.601467156293,1123.601467156293,1115.3140702251465,1663.1890616601304,1.0025041998226696
s,0.007930108694484635,0.0006137753857818799,0.006810779420540657,0.00909415451905298,1.8793475934443722e-05,1.3351523571897502e-05,1066.6076925338034,1057.2239485211544,1079.2326486942882,1485.87189743024,1.0015850256950134
gamma,1.0,0.0,1.0,1.0,0.0,0.0,10000.0,10000.0,10000.0,10000.0,
zeta,0.0,0.0,0.0,0.0,0.0,0.0,10000.0,10000.0,10000.0,10000.0,
