,mean,sd,hdi_3%,hdi_97%,mcse_mean,mcse_sd,ess_mean,ess_sd,ess_bulk,ess_tail,r_hat
b,1.0,0.0,1.0,1.0,0.0,0.0,10000.0,10000.0,10000.0,10000.0,
p_error,0.05000000447034836,3.725476371840841e-09,0.05000000074505806,0.05000000074505806,3.7254763718408414e-11,2.6343864464297942e-11,10000.0,10000.0,10000.0,10000.0,
v,6.348050225970509e-06,6.07216567204244e-06,1.0085775676703606e-07,1.7301033739138747e-05,1.2963541659320696e-07,9.167827077134196e-08,2194.0164994266406,2194.0164994266406,1887.6641265886572,2214.192969457352,1.0001810145771592
s,0.01899167779579836,0.001450349784484903,0.0163581218723367,0.02170204599284369,3.229031425752904e-05,2.2981483057350734e-05,2017.4415734777772,1991.9875152878883,2057.617160003315,1904.526953307718,1.0015195249915754
gamma,1.0,0.0,1.0,1.0,0.0,0.0,10000.0,10000.0,10000.0,10000.0,
zeta,0.0,0.0,0.0,0.0,0.0,0.0,10000.0,10000.0,10000.0,10000.0,
