,mean,sd,hdi_3%,hdi_97%,mcse_mean,mcse_sd,ess_mean,ess_sd,ess_bulk,ess_tail,r_hat
b,1.0,0.0,1.0,1.0,0.0,0.0,10000.0,10000.0,10000.0,10000.0,
p_error,0.05000000447034836,3.725476371840841e-09,0.05000000074505806,0.05000000074505806,3.7254763718408414e-11,2.6343864464297942e-11,10000.0,10000.0,10000.0,10000.0,
v,1.3631070838986836e-05,1.2114894457683347e-05,1.0263841910579949e-07,3.600196653478758e-05,2.508706359853087e-07,1.7741451877118967e-07,2332.059401376862,2332.059401376862,1980.051264403324,2040.1233596365037,1.0002931691234116
s,0.027912202628455236,0.0022163875803962708,0.024236281018453782,0.03239624238702637,5.1133040154296886e-05,3.633622233738885e-05,1878.8330287237357,1860.8785782326593,1910.8006495687787,1989.0047274940111,1.0011861173402192
gamma,1.0,0.0,1.0,1.0,0.0,0.0,10000.0,10000.0,10000.0,10000.0,
zeta,0.0,0.0,0.0,0.0,0.0,0.0,10000.0,10000.0,10000.0,10000.0,
