,mean,sd,hdi_3%,hdi_97%,mcse_mean,mcse_sd,ess_mean,ess_sd,ess_bulk,ess_tail,r_hat
b,1.0,0.0,1.0,1.0,0.0,0.0,10000.0,10000.0,10000.0,10000.0,
p_error,0.05000000447034836,3.725476371840841e-09,0.05000000074505806,0.05000000074505806,3.7254763718408414e-11,2.6343864464297942e-11,10000.0,10000.0,10000.0,10000.0,
v,1.9655942642068475e-05,2.9695158765606677e-06,1.4212598502849879e-05,2.5654314075054693e-05,1.0645399826452651e-07,7.530257750923112e-08,778.12137939379,778.12137939379,793.3554137070788,1005.0868052370982,1.0001901198076097
s,0.005757179660944668,0.0006795588928494824,0.004442450527665524,0.006991705417626641,2.204754476030011e-05,1.568363459124086e-05,950.0221570028723,939.2919215754116,958.6533414769782,1126.912194036945,1.0010382924543295
gamma,1.0,0.0,1.0,1.0,0.0,0.0,10000.0,10000.0,10000.0,10000.0,
zeta,0.0,0.0,0.0,0.0,0.0,0.0,10000.0,10000.0,10000.0,10000.0,
