,mean,sd,hdi_3%,hdi_97%,mcse_mean,mcse_sd,ess_mean,ess_sd,ess_bulk,ess_tail,r_hat
b,1.0,0.0,1.0,1.0,0.0,0.0,10000.0,10000.0,10000.0,10000.0,
p_error,0.05000000447034836,3.725476371840841e-09,0.05000000074505806,0.05000000074505806,3.7254763718408414e-11,2.6343864464297942e-11,10000.0,10000.0,10000.0,10000.0,
v,2.8591898079905498e-05,9.414192089554896e-06,1.1842700115580208e-05,4.8231754464053494e-05,2.8692167645085364e-07,2.0293925469183635e-07,1076.5628562107968,1076.5628562107968,1064.870473984435,1181.53042279087,1.0012690699132454
s,0.015139167121567673,0.0016480286636320145,0.012342319507135664,0.018572915747617616,5.2064047978773123e-05,3.733032096769884e-05,1001.9675555761573,975.0704326067746,1037.9682131186162,1303.558368934377,1.0023512026379116
gamma,1.0,0.0,1.0,1.0,0.0,0.0,10000.0,10000.0,10000.0,10000.0,
zeta,0.0,0.0,0.0,0.0,0.0,0.0,10000.0,10000.0,10000.0,10000.0,
