,mean,sd,hdi_3%,hdi_97%,mcse_mean,mcse_sd,ess_mean,ess_sd,ess_bulk,ess_tail,r_hat
b,1.0,0.0,1.0,1.0,0.0,0.0,10000.0,10000.0,10000.0,10000.0,
p_error,0.05000000447034836,3.725476371840841e-09,0.05000000074505806,0.05000000074505806,3.7254763718408414e-11,2.6343864464297942e-11,10000.0,10000.0,10000.0,10000.0,
v,1.2348610757126414e-05,9.395398427335318e-06,1.0500189509790342e-07,2.9525961405910292e-05,2.4490305988122164e-07,1.7539379256882114e-07,1471.7768954398575,1435.3192725164981,1389.7796709859604,1348.844222406079,1.0014808071540195
s,0.02581480736780701,0.002840859330665607,0.020542245369103183,0.0317022318036919,7.30154132848409e-05,5.1639644674782116e-05,1513.8064924599598,1513.8064924599598,1507.3509138237262,1503.098418107128,1.003180325785331
gamma,1.0,0.0,1.0,1.0,0.0,0.0,10000.0,10000.0,10000.0,10000.0,
zeta,0.0,0.0,0.0,0.0,0.0,0.0,10000.0,10000.0,10000.0,10000.0,
