,mean,sd,hdi_3%,hdi_97%,mcse_mean,mcse_sd,ess_mean,ess_sd,ess_bulk,ess_tail,r_hat
b,1.0,0.0,1.0,1.0,0.0,0.0,10000.0,10000.0,10000.0,10000.0,
p_error,0.05000000447034836,3.725476371840841e-09,0.05000000074505806,0.05000000074505806,3.7254763718408414e-11,2.6343864464297942e-11,10000.0,10000.0,10000.0,10000.0,
v,2.0776244035716906e-05,1.1658452081404664e-05,1.431312902684858e-07,3.973495280764398e-05,3.876409827577331e-07,2.741920012863752e-07,904.5288268408057,904.5288268408057,803.6595215310786,755.547309025895,1.003870623696311
s,0.021443421948956893,0.001654383461570551,0.018281342965525124,0.024498357995605933,5.151918111182207e-05,3.6439871306042474e-05,1031.1799427727644,1031.1799427727644,1030.2967992612832,1127.560791457441,1.0025411774910562
gamma,1.0,0.0,1.0,1.0,0.0,0.0,10000.0,10000.0,10000.0,10000.0,
zeta,0.0,0.0,0.0,0.0,0.0,0.0,10000.0,10000.0,10000.0,10000.0,
