,mean,sd,hdi_3%,hdi_97%,mcse_mean,mcse_sd,ess_mean,ess_sd,ess_bulk,ess_tail,r_hat
b,1.0,0.0,1.0,1.0,0.0,0.0,10000.0,10000.0,10000.0,10000.0,
p_error,0.05000000447034836,3.725476371840841e-09,0.05000000074505806,0.05000000074505806,3.7254763718408414e-11,2.6343864464297942e-11,10000.0,10000.0,10000.0,10000.0,
v,2.173132532960846e-05,1.1806054255730239e-05,3.4932327374491124e-07,4.130946338324182e-05,3.7293201220158387e-07,2.6377953803914945e-07,1002.190358925812,1002.190358925812,965.1518326877851,1316.5275441360534,1.0021344284349498
s,0.0214481855054618,0.0016583469692035301,0.018350863741018138,0.02460097455281776,4.893334326817257e-05,3.460988955367941e-05,1148.5265120989063,1148.5265120989063,1142.9306766263028,1407.2498971800078,1.0014495492526525
gamma,1.0,0.0,1.0,1.0,0.0,0.0,10000.0,10000.0,10000.0,10000.0,
zeta,0.0,0.0,0.0,0.0,0.0,0.0,10000.0,10000.0,10000.0,10000.0,
