,mean,sd,hdi_3%,hdi_97%,mcse_mean,mcse_sd,ess_mean,ess_sd,ess_bulk,ess_tail,r_hat
b,1.0,0.0,1.0,1.0,0.0,0.0,10000.0,10000.0,10000.0,10000.0,
p_error,0.05000000447034836,3.725476371840841e-09,0.05000000074505806,0.05000000074505806,3.7254763718408414e-11,2.6343864464297942e-11,10000.0,10000.0,10000.0,10000.0,
v,1.950001206944528e-05,6.136066352236663e-06,7.715156918067539e-06,3.0499863092403693e-05,2.4213093818224303e-07,1.7129024610676529e-07,642.213639261969,642.213639261969,647.2243389051335,871.6226087974933,1.0009658477361938
s,0.01173724343358397,0.0010178786130146673,0.009967127932223156,0.01375627580260427,4.008151663590391e-05,2.845735584275785e-05,644.9167934935252,640.278296051962,649.0662219449406,960.775237690077,1.0009348216380594
gamma,1.0,0.0,1.0,1.0,0.0,0.0,10000.0,10000.0,10000.0,10000.0,
zeta,0.0,0.0,0.0,0.0,0.0,0.0,10000.0,10000.0,10000.0,10000.0,
