,mean,sd,hdi_3%,hdi_97%,mcse_mean,mcse_sd,ess_mean,ess_sd,ess_bulk,ess_tail,r_hat
b,1.0,0.0,1.0,1.0,0.0,0.0,10000.0,10000.0,10000.0,10000.0,
p_error,0.05000000447034836,3.725476371840841e-09,0.05000000074505806,0.05000000074505806,3.7254763718408414e-11,2.6343864464297942e-11,10000.0,10000.0,10000.0,10000.0,
v,1.7668159580421872e-05,6.413546763374576e-06,5.964384662325201e-06,2.981570963205266e-05,2.7100363774517214e-07,1.9172839175672518e-07,560.0751324468729,560.0751324468729,568.1882194491787,736.7379029608052,1.004873135152393
s,0.011895599773601365,0.0010865673820974074,0.009914175723199444,0.014049357290730724,4.4568795745216245e-05,3.178223797232755e-05,594.3626745853462,584.989009692865,605.9523267867894,803.6139088042625,1.0034047495353233
gamma,1.0,0.0,1.0,1.0,0.0,0.0,10000.0,10000.0,10000.0,10000.0,
zeta,0.0,0.0,0.0,0.0,0.0,0.0,10000.0,10000.0,10000.0,10000.0,
