,mean,sd,hdi_3%,hdi_97%,mcse_mean,mcse_sd,ess_mean,ess_sd,ess_bulk,ess_tail,r_hat
b,1.0,0.0,1.0,1.0,0.0,0.0,10000.0,10000.0,10000.0,10000.0,
p_error,0.05000000447034836,3.725476371840841e-09,0.05000000074505806,0.05000000074505806,3.7254763718408414e-11,2.6343864464297942e-11,10000.0,10000.0,10000.0,10000.0,
v,6.590937797678367e-06,4.72468657551042e-06,1.0384927468969771e-07,1.4747922153709832e-05,1.9332116145949331e-07,1.3980547437929121e-07,597.2927126391896,571.6248750493829,640.0276530224999,575.8584043337695,1.00125014952534
s,0.012688235262696697,0.0010611301469487756,0.010696531120429172,0.014611806815180742,4.1407189221316714e-05,2.9292317683718284e-05,656.7284100710108,656.7284100710108,674.9488071990111,1034.0048562840657,1.002112669806307
gamma,1.0,0.0,1.0,1.0,0.0,0.0,10000.0,10000.0,10000.0,10000.0,
zeta,0.0,0.0,0.0,0.0,0.0,0.0,10000.0,10000.0,10000.0,10000.0,
