,mean,sd,hdi_3%,hdi_97%,mcse_mean,mcse_sd,ess_mean,ess_sd,ess_bulk,ess_tail,r_hat
b,1.0,0.0,1.0,1.0,0.0,0.0,10000.0,10000.0,10000.0,10000.0,
p_error,0.05000000447034836,3.725476371840841e-09,0.05000000074505806,0.05000000074505806,3.7254763718408414e-11,2.6343864464297942e-11,10000.0,10000.0,10000.0,10000.0,
v,3.040271637051527e-05,6.157951765730097e-06,1.878611883458307e-05,4.194257664683045e-05,2.148840819856989e-07,1.519999891990747e-07,821.2286175488017,821.2286175488017,827.1462102954265,1299.366856017892,1.002790335395175
s,0.0128854336481762,0.0008712109797231335,0.011274613581931592,0.014506870469284868,3.0638864492011085e-05,2.1746697978363852e-05,808.5396991222708,803.055655189011,819.2405820582794,1266.3543488115654,1.0034951334879758
gamma,1.0,0.0,1.0,1.0,0.0,0.0,10000.0,10000.0,10000.0,10000.0,
zeta,0.0,0.0,0.0,0.0,0.0,0.0,10000.0,10000.0,10000.0,10000.0,
