,mean,sd,hdi_3%,hdi_97%,mcse_mean,mcse_sd,ess_mean,ess_sd,ess_bulk,ess_tail,r_hat
b,1.0,0.0,1.0,1.0,0.0,0.0,10000.0,10000.0,10000.0,10000.0,
p_error,0.05000000447034836,3.725476371840841e-09,0.05000000074505806,0.05000000074505806,3.7254763718408414e-11,2.6343864464297942e-11,10000.0,10000.0,10000.0,10000.0,
v,4.6046041668220604e-05,1.8289709654608092e-05,9.296037950091485e-06,7.709870980416132e-05,4.906270875637854e-07,3.469985803457268e-07,1389.6664684302941,1389.6664684302941,1372.1517624670987,1488.2398422642743,1.0012659056931492
s,0.024108275108947638,0.002338700860511989,0.019916331907359065,0.028555912771466702,6.365320397088926e-05,4.5019340615559565e-05,1349.9224301010088,1349.9224301010088,1358.2427310173973,1816.9654235124572,1.0026929092234231
gamma,1.0,0.0,1.0,1.0,0.0,0.0,10000.0,10000.0,10000.0,10000.0,
zeta,0.0,0.0,0.0,0.0,0.0,0.0,10000.0,10000.0,10000.0,10000.0,
