,mean,sd,hdi_3%,hdi_97%,mcse_mean,mcse_sd,ess_mean,ess_sd,ess_bulk,ess_tail,r_hat
b,1.0,0.0,1.0,1.0,0.0,0.0,10000.0,10000.0,10000.0,10000.0,
p_error,0.05000000447034836,3.725476371840841e-09,0.05000000074505806,0.05000000074505806,3.7254763718408414e-11,2.6343864464297942e-11,10000.0,10000.0,10000.0,10000.0,
v,1.1421352278038439e-05,1.3106167549312306e-05,1.0222682044674785e-07,3.35401543834164e-05,2.720790520507745e-07,1.9241313069530543e-07,2320.3912534084316,2320.3912534084316,2101.77548427298,2056.5487423142995,1.0005037231874705
s,0.04326740630936635,0.0038354885238999804,0.0369212032105617,0.04999545309334778,9.371478422321395e-05,6.716999456709684e-05,1675.0398985114996,1630.8579212055654,1558.83053978046,1741.8346347994095,1.000788517669235
gamma,1.0,0.0,1.0,1.0,0.0,0.0,10000.0,10000.0,10000.0,10000.0,
zeta,0.0,0.0,0.0,0.0,0.0,0.0,10000.0,10000.0,10000.0,10000.0,
