,mean,sd,hdi_3%,hdi_97%,mcse_mean,mcse_sd,ess_mean,ess_sd,ess_bulk,ess_tail,r_hat
b,1.0,0.0,1.0,1.0,0.0,0.0,10000.0,10000.0,10000.0,10000.0,
p_error,0.05000000447034836,3.725476371840841e-09,0.05000000074505806,0.05000000074505806,3.7254763718408414e-11,2.6343864464297942e-11,10000.0,10000.0,10000.0,10000.0,
v,9.401933258251117e-06,9.322105309017047e-06,1.1020622785844299e-07,2.7038657653114083e-05,2.012175283268741e-07,1.4230161810153176e-07,2146.32947383707,2146.32947383707,1869.2391115192179,2235.022362897234,1.0006369861358158
s,0.0393578038148216,0.00304924029685667,0.033517207240653796,0.04499505784890615,6.939825075743172e-05,4.969631707986643e-05,1930.5731123321723,1882.952929384631,2000.2618824467659,1690.8148428717645,1.00293196758472
gamma,1.0,0.0,1.0,1.0,0.0,0.0,10000.0,10000.0,10000.0,10000.0,
zeta,0.0,0.0,0.0,0.0,0.0,0.0,10000.0,10000.0,10000.0,10000.0,
