,mean,sd,hdi_3%,hdi_97%,mcse_mean,mcse_sd,ess_mean,ess_sd,ess_bulk,ess_tail,r_hat
b,1.0,0.0,1.0,1.0,0.0,0.0,10000.0,10000.0,10000.0,10000.0,
p_error,0.05000000447034836,3.725476371840841e-09,0.05000000074505806,0.05000000074505806,3.7254763718408414e-11,2.6343864464297942e-11,10000.0,10000.0,10000.0,10000.0,
v,9.401155859357257e-06,9.794616000239129e-06,1.1112149339209463e-07,2.7049419526261632e-05,2.2429316340844026e-07,1.6538193084605097e-07,1906.965147126086,1754.3375220859132,1810.051702330011,2340.218176077151,1.0004201829573642
s,0.03937963157035738,0.00312570703853058,0.0332229574380902,0.044949216376603957,7.579730480614202e-05,5.452467665421969e-05,1700.5484694181441,1643.7452231739908,1778.217190037177,1571.3792801049842,1.0020299503044576
gamma,1.0,0.0,1.0,1.0,0.0,0.0,10000.0,10000.0,10000.0,10000.0,
zeta,0.0,0.0,0.0,0.0,0.0,0.0,10000.0,10000.0,10000.0,10000.0,
