,mean,sd,hdi_3%,hdi_97%,mcse_mean,mcse_sd,ess_mean,ess_sd,ess_bulk,ess_tail,r_hat
b,1.0,0.0,1.0,1.0,0.0,0.0,10000.0,10000.0,10000.0,10000.0,
p_error,0.05000000447034836,3.725476371840841e-09,0.05000000074505806,0.05000000074505806,3.7254763718408414e-11,2.6343864464297942e-11,10000.0,10000.0,10000.0,10000.0,
v,5.636718232973145e-06,5.537286296018964e-06,1.0430061223609189e-07,1.54557425944455e-05,1.1339317843969388e-07,8.019089449564607e-08,2384.625036762912,2384.625036762912,2002.607248791203,2056.498416202695,1.0012227496676236
s,0.029827305289150622,0.002228697137839016,0.025504372474042074,0.033750041107490365,4.963370283196255e-05,3.5194577421955663e-05,2016.2703251775588,2005.6121026489727,2026.795846627429,2082.06771440875,1.0025343429467894
gamma,1.0,0.0,1.0,1.0,0.0,0.0,10000.0,10000.0,10000.0,10000.0,
zeta,0.0,0.0,0.0,0.0,0.0,0.0,10000.0,10000.0,10000.0,10000.0,
