,mean,sd,hdi_3%,hdi_97%,mcse_mean,mcse_sd,ess_mean,ess_sd,ess_bulk,ess_tail,r_hat
b,1.0,0.0,1.0,1.0,0.0,0.0,10000.0,10000.0,10000.0,10000.0,
p_error,0.05000000447034836,3.725476371840841e-09,0.05000000074505806,0.05000000074505806,3.7254763718408414e-11,2.6343864464297942e-11,10000.0,10000.0,10000.0,10000.0,
v,1.926025919254414e-06,1.2501565819995186e-06,1.0634077364366005e-07,4.199293268475511e-06,4.5339372882519425e-08,3.207208505861666e-08,760.2874222935063,760.2874222935063,755.3545289669506,1198.1132649946426,1.0042177915700283
s,0.006714803896104161,0.0003725174804044234,0.00604586337997717,0.00743117398703335,1.3428222026749512e-05,9.498787783852252e-06,769.5844553320408,769.5844553320408,762.4325361528493,1297.7561432376363,1.0039580718610788
gamma,1.0,0.0,1.0,1.0,0.0,0.0,10000.0,10000.0,10000.0,10000.0,
zeta,0.0,0.0,0.0,0.0,0.0,0.0,10000.0,10000.0,10000.0,10000.0,
