,mean,sd,hdi_3%,hdi_97%,mcse_mean,mcse_sd,ess_mean,ess_sd,ess_bulk,ess_tail,r_hat
b,1.0,0.0,1.0,1.0,0.0,0.0,10000.0,10000.0,10000.0,10000.0,
p_error,0.05000000447034836,3.725476371840841e-09,0.05000000074505806,0.05000000074505806,3.7254763718408414e-11,2.6343864464297942e-11,10000.0,10000.0,10000.0,10000.0,
v,9.114239059211433e-06,2.676806868617686e-06,4.295462643305427e-06,1.4403049604923204e-05,1.14173061212564e-07,8.077542253854986e-08,549.6760123742387,549.6760123742387,552.8133616057894,1233.8084936494217,1.0033074205638806
s,0.0075792513463906076,0.0005576214802645971,0.006482466191283293,0.008568862850796298,2.3241274582333884e-05,1.6459140611136422e-05,575.6507921443007,574.4813569841648,581.4773389254774,1161.7854558451922,1.0051130723914707
gamma,1.0,0.0,1.0,1.0,0.0,0.0,10000.0,10000.0,10000.0,10000.0,
zeta,0.0,0.0,0.0,0.0,0.0,0.0,10000.0,10000.0,10000.0,10000.0,
