,mean,sd,hdi_3%,hdi_97%,mcse_mean,mcse_sd,ess_mean,ess_sd,ess_bulk,ess_tail,r_hat
b,1.0,0.0,1.0,1.0,0.0,0.0,10000.0,10000.0,10000.0,10000.0,
p_error,0.05000000447034836,3.725476371840841e-09,0.05000000074505806,0.05000000074505806,3.7254763718408414e-11,2.6343864464297942e-11,10000.0,10000.0,10000.0,10000.0,
v,7.117253619176127e-05,3.9936585597461424e-05,1.2625096547247857e-07,0.0001374351322171916,9.222618782685351e-07,6.522390910852021e-07,1875.1384917188648,1875.1384917188648,1631.2530196496784,1558.6153466843737,1.0007306337086428
s,0.039430664267205554,0.0043498100373737985,0.031505732533161,0.04782923141977741,9.9287878440747e-05,7.057436447987343e-05,1919.3232330259461,1899.9842301390627,1908.4503917149468,2275.653791998547,1.0012132101540099
gamma,1.0,0.0,1.0,1.0,0.0,0.0,10000.0,10000.0,10000.0,10000.0,
zeta,0.0,0.0,0.0,0.0,0.0,0.0,10000.0,10000.0,10000.0,10000.0,
