,mean,sd,hdi_3%,hdi_97%,mcse_mean,mcse_sd,ess_mean,ess_sd,ess_bulk,ess_tail,r_hat
b,1.0,0.0,1.0,1.0,0.0,0.0,10000.0,10000.0,10000.0,10000.0,
p_error,0.05000000447034836,3.725476371840841e-09,0.05000000074505806,0.05000000074505806,3.7254763718408414e-11,2.6343864464297942e-11,10000.0,10000.0,10000.0,10000.0,
v,4.90491322040095e-05,2.870273630378893e-05,1.57482773628845e-07,9.731418663520743e-05,7.499925198169583e-07,5.304304402532368e-07,1464.6462310679842,1464.6462310679842,1386.6718406631821,1425.976363321323,1.0014977089231072
s,0.03630918046826805,0.00521760705206608,0.027673424537958853,0.0465543704292659,0.00016137818561434608,0.00011871306978987047,1045.3291955103703,966.4466820232609,1052.7460284803597,753.6169802459539,1.0011407359178013
gamma,1.0,0.0,1.0,1.0,0.0,0.0,10000.0,10000.0,10000.0,10000.0,
zeta,0.0,0.0,0.0,0.0,0.0,0.0,10000.0,10000.0,10000.0,10000.0,
