,mean,sd,hdi_3%,hdi_97%,mcse_mean,mcse_sd,ess_mean,ess_sd,ess_bulk,ess_tail,r_hat
b,1.0,0.0,1.0,1.0,0.0,0.0,10000.0,10000.0,10000.0,10000.0,
p_error,0.05000000447034836,3.725476371840841e-09,0.05000000074505806,0.05000000074505806,3.7254763718408414e-11,2.6343864464297942e-11,10000.0,10000.0,10000.0,10000.0,
v,4.928147295409906e-05,2.9263233367501082e-05,1.1341271343087472e-07,9.797790725280815e-05,7.54960089733833e-07,5.339410665206074e-07,1502.4382587097336,1502.4382587097336,1362.503375997997,1189.6785758374626,1.0004370282115194
s,0.03644577357266568,0.005256532841018718,0.027855967263267927,0.04645958293778214,0.00015132707422671487,0.0001091703204290278,1206.6060352048178,1159.7866357172834,1197.3076721597945,1068.4039667828058,1.0013111268704473
gamma,1.0,0.0,1.0,1.0,0.0,0.0,10000.0,10000.0,10000.0,10000.0,
zeta,0.0,0.0,0.0,0.0,0.0,0.0,10000.0,10000.0,10000.0,10000.0,
