,mean,sd,hdi_3%,hdi_97%,mcse_mean,mcse_sd,ess_mean,ess_sd,ess_bulk,ess_tail,r_hat
b,1.0,0.0,1.0,1.0,0.0,0.0,10000.0,10000.0,10000.0,10000.0,
p_error,0.05000000447034836,3.725476371840841e-09,0.05000000074505806,0.05000000074505806,3.7254763718408414e-11,2.6343864464297942e-11,10000.0,10000.0,10000.0,10000.0,
v,5.032387035739934e-05,2.5064086736266843e-05,4.255096684196996e-06,9.376318394313105e-05,6.105145364794558e-07,4.317736969579578e-07,1685.434003301578,1685.434003301578,1583.96376730039,1628.7859547051405,1.00058128667691
s,0.027837759434025736,0.0023809985826136956,0.023518808842313336,0.03227653846095585,6.252094049726293e-05,4.42178746198278e-05,1450.3314641087609,1450.3314641087609,1457.6550572845292,1813.240707257562,1.0022787806944318
gamma,1.0,0.0,1.0,1.0,0.0,0.0,10000.0,10000.0,10000.0,10000.0,
zeta,0.0,0.0,0.0,0.0,0.0,0.0,10000.0,10000.0,10000.0,10000.0,
