,mean,sd,hdi_3%,hdi_97%,mcse_mean,mcse_sd,ess_mean,ess_sd,ess_bulk,ess_tail,r_hat
b,1.0,0.0,1.0,1.0,0.0,0.0,10000.0,10000.0,10000.0,10000.0,
p_error,0.05000000447034836,3.725476371840841e-09,0.05000000074505806,0.05000000074505806,3.7254763718408414e-11,2.6343864464297942e-11,10000.0,10000.0,10000.0,10000.0,
v,1.711657856076512e-06,1.580032480716893e-06,1.0023293414609133e-07,4.68753254939508e-06,3.410313891983718e-08,2.41178381484009e-08,2146.5614290079775,2146.5614290079775,1753.7517985557422,2092.3243768399348,1.001251875006842
s,0.01991582703257164,0.001195596125807439,0.01773211731402741,0.0222625464043984,2.702593248984891e-05,1.916317481546428e-05,1957.0756930927648,1946.857793029359,1972.9177654010182,2115.2697638418126,1.0002581080245991
gamma,1.0,0.0,1.0,1.0,0.0,0.0,10000.0,10000.0,10000.0,10000.0,
zeta,0.0,0.0,0.0,0.0,0.0,0.0,10000.0,10000.0,10000.0,10000.0,
