,mean,sd,hdi_3%,hdi_97%,mcse_mean,mcse_sd,ess_mean,ess_sd,ess_bulk,ess_tail,r_hat
b,1.0,0.0,1.0,1.0,0.0,0.0,10000.0,10000.0,10000.0,10000.0,
p_error,0.05000000447034836,3.725476371840841e-09,0.05000000074505806,0.05000000074505806,3.7254763718408414e-11,2.6343864464297942e-11,10000.0,10000.0,10000.0,10000.0,
v,4.409582284233287e-06,4.249194257313131e-06,1.000005977882002e-07,1.2112886374358558e-05,9.398766173943476e-08,6.646879881818856e-08,2043.9557119239091,2043.9557119239091,1705.5882037205986,1676.8431440063546,1.0013599127958273
s,0.025381396937701015,0.0025516165404636647,0.021207851639563468,0.03062378325985424,5.9405028016190657e-05,4.2363627704560816e-05,1844.9491782375414,1814.488346204721,1883.1947074198497,2019.156789826825,1.0011445977517923
gamma,1.0,0.0,1.0,1.0,0.0,0.0,10000.0,10000.0,10000.0,10000.0,
zeta,0.0,0.0,0.0,0.0,0.0,0.0,10000.0,10000.0,10000.0,10000.0,
