,mean,sd,hdi_3%,hdi_97%,mcse_mean,mcse_sd,ess_mean,ess_sd,ess_bulk,ess_tail,r_hat
b,1.0,0.0,1.0,1.0,0.0,0.0,10000.0,10000.0,10000.0,10000.0,
p_error,0.05000000447034836,3.725476371840841e-09,0.05000000074505806,0.05000000074505806,3.7254763718408414e-11,2.6343864464297942e-11,10000.0,10000.0,10000.0,10000.0,
v,2.254572744257788e-06,1.883903264992579e-06,1.0000823559696559e-07,5.817952249847143e-06,5.220627354894876e-08,3.6923681626815e-08,1302.182361232138,1302.182361232138,1179.7835788471243,1728.0420383780142,1.0016471505568247
s,0.012866518156817153,0.0006371464352489872,0.011718926375485429,0.014094465717377502,1.748513370530921e-05,1.2366573443773598e-05,1327.8242626282877,1327.8242626282877,1313.7480524202783,1621.0903998057008,1.0021833990667064
gamma,1.0,0.0,1.0,1.0,0.0,0.0,10000.0,10000.0,10000.0,10000.0,
zeta,0.0,0.0,0.0,0.0,0.0,0.0,10000.0,10000.0,10000.0,10000.0,
