,mean,sd,hdi_3%,hdi_97%,mcse_mean,mcse_sd,ess_mean,ess_sd,ess_bulk,ess_tail,r_hat
b,1.0,0.0,1.0,1.0,0.0,0.0,10000.0,10000.0,10000.0,10000.0,
p_error,0.05000000447034836,3.725476371840841e-09,0.05000000074505806,0.05000000074505806,3.7254763718408414e-11,2.6343864464297942e-11,10000.0,10000.0,10000.0,10000.0,
v,1.436336973774999e-06,1.2430529728436513e-06,1.0030325881668518e-07,3.7498746762699087e-06,3.362730518480186e-08,2.4515578771973348e-08,1366.4543968141581,1286.0623300645168,1414.484409560741,1403.746255667782,1.0015765218543047
s,0.010336152549571792,0.0007443778122364951,0.008992486044274309,0.011749399524118957,2.122356978740306e-05,1.5010889836787027e-05,1230.127059098453,1230.127059098453,1234.7846789752703,1133.1018799122699,1.0042722304130676
gamma,1.0,0.0,1.0,1.0,0.0,0.0,10000.0,10000.0,10000.0,10000.0,
zeta,0.0,0.0,0.0,0.0,0.0,0.0,10000.0,10000.0,10000.0,10000.0,
