,mean,sd,hdi_3%,hdi_97%,mcse_mean,mcse_sd,ess_mean,ess_sd,ess_bulk,ess_tail,r_hat
b,1.0,0.0,1.0,1.0,0.0,0.0,10000.0,10000.0,10000.0,10000.0,
p_error,0.05000000447034836,3.725476371840841e-09,0.05000000074505806,0.05000000074505806,3.7254763718408414e-11,2.6343864464297942e-11,10000.0,10000.0,10000.0,10000.0,
v,8.02065435863148e-06,5.001486707567215e-06,1.1612520152641568e-07,1.6438104328138838e-05,1.536636665080953e-07,1.0868654952251639e-07,1059.3899650882117,1059.3899650882117,906.7044848690825,1020.3349879521257,1.0018648976048887
s,0.014020656439594536,0.0008965479691547163,0.012409040945254614,0.015718098077434982,2.6278033920526647e-05,1.863565721749609e-05,1164.0223642858878,1157.834562813638,1175.993275849802,1587.9219281748906,1.0008479767354972
gamma,1.0,0.0,1.0,1.0,0.0,0.0,10000.0,10000.0,10000.0,10000.0,
zeta,0.0,0.0,0.0,0.0,0.0,0.0,10000.0,10000.0,10000.0,10000.0,
