,mean,sd,hdi_3%,hdi_97%,mcse_mean,mcse_sd,ess_mean,ess_sd,ess_bulk,ess_tail,r_hat
b,1.0,0.0,1.0,1.0,0.0,0.0,10000.0,10000.0,10000.0,10000.0,
p_error,0.05000000447034836,3.725476371840841e-09,0.05000000074505806,0.05000000074505806,3.7254763718408414e-11,2.6343864464297942e-11,10000.0,10000.0,10000.0,10000.0,
v,4.836954340487094e-06,4.037520413004088e-06,1.0085455014639625e-07,1.2172512297827093e-05,8.683600528061258e-08,6.141061413436837e-08,2161.871067496674,2161.871067496674,1907.8986816423112,2019.1816744039481,1.0008487940313915
s,0.01631623622014594,0.0011030558957052395,0.014294989709767876,0.018306230282512832,2.4836967158751873e-05,1.7627258974927185e-05,1972.4132636921204,1958.5057489504086,2026.3566363316586,1880.1448384978855,1.000067388444849
gamma,1.0,0.0,1.0,1.0,0.0,0.0,10000.0,10000.0,10000.0,10000.0,
zeta,0.0,0.0,0.0,0.0,0.0,0.0,10000.0,10000.0,10000.0,10000.0,
