,mean,sd,hdi_3%,hdi_97%,mcse_mean,mcse_sd,ess_mean,ess_sd,ess_bulk,ess_tail,r_hat
b,1.0,0.0,1.0,1.0,0.0,0.0,10000.0,10000.0,10000.0,10000.0,
p_error,0.05000000447034836,3.725476371840841e-09,0.05000000074505806,0.05000000074505806,3.7254763718408414e-11,2.6343864464297942e-11,10000.0,10000.0,10000.0,10000.0,
v,7.045480316335295e-06,5.014445667107387e-06,1.0957984443603135e-07,1.5746191144917543e-05,2.2002343217593752e-07,1.5566750865657277e-07,519.4072291919128,519.4072291919128,532.7191824098092,861.905976507581,1.0031227746517264
s,0.013725486244995954,0.0010990310625665972,0.011791879984085344,0.015841094741807015,4.644149252439187e-05,3.285621241204913e-05,560.0252357926195,560.0252357926195,570.4660845903245,757.6821468623372,1.0015952170545472
gamma,1.0,0.0,1.0,1.0,0.0,0.0,10000.0,10000.0,10000.0,10000.0,
zeta,0.0,0.0,0.0,0.0,0.0,0.0,10000.0,10000.0,10000.0,10000.0,
