,mean,sd,hdi_3%,hdi_97%,mcse_mean,mcse_sd,ess_mean,ess_sd,ess_bulk,ess_tail,r_hat
b,1.0,0.0,1.0,1.0,0.0,0.0,10000.0,10000.0,10000.0,10000.0,
p_error,0.05000000447034836,3.725476371840841e-09,0.05000000074505806,0.05000000074505806,3.7254763718408414e-11,2.6343864464297942e-11,10000.0,10000.0,10000.0,10000.0,
v,2.48385513132849e-06,2.055265629676221e-06,1.000526999141892e-07,6.304980787682466e-06,6.162533406560019e-08,4.358712323439157e-08,1112.2882412049107,1112.2882412049107,1085.2213655493026,1296.8611807966467,1.0003289681029186
s,0.01107571308291894,0.0006318190690264904,0.009858893617194124,0.012281119385176408,1.856614834234916e-05,1.3131557186117491e-05,1158.0887061077353,1158.0887061077353,1160.2338379722023,1082.0685047410273,1.0023676917989979
gamma,1.0,0.0,1.0,1.0,0.0,0.0,10000.0,10000.0,10000.0,10000.0,
zeta,0.0,0.0,0.0,0.0,0.0,0.0,10000.0,10000.0,10000.0,10000.0,
