,mean,sd,hdi_3%,hdi_97%,mcse_mean,mcse_sd,ess_mean,ess_sd,ess_bulk,ess_tail,r_hat
b,1.0,0.0,1.0,1.0,0.0,0.0,10000.0,10000.0,10000.0,10000.0,
p_error,0.05000000447034836,3.725476371840841e-09,0.05000000074505806,0.05000000074505806,3.7254763718408414e-11,2.6343864464297942e-11,10000.0,10000.0,10000.0,10000.0,
v,1.8476438867705485e-06,1.5527311861916976e-06,1.0156525065707247e-07,4.802064576599185e-06,4.3956917303829287e-08,3.158416925417522e-08,1247.7802176200319,1209.0193191993765,1237.3817450688987,1538.5713765305654,1.001478642506751
s,0.011314133382278924,0.0006228130310839665,0.010137084696113007,0.012460023218941432,1.7200372263415584e-05,1.2165206531400283e-05,1311.1116873702997,1311.1116873702997,1318.0650377117922,1464.303951827212,1.0028602318938482
gamma,1.0,0.0,1.0,1.0,0.0,0.0,10000.0,10000.0,10000.0,10000.0,
zeta,0.0,0.0,0.0,0.0,0.0,0.0,10000.0,10000.0,10000.0,10000.0,
