,mean,sd,hdi_3%,hdi_97%,mcse_mean,mcse_sd,ess_mean,ess_sd,ess_bulk,ess_tail,r_hat
b,1.0,0.0,1.0,1.0,0.0,0.0,10000.0,10000.0,10000.0,10000.0,
p_error,0.05000000447034836,3.725476371840841e-09,0.05000000074505806,0.05000000074505806,3.7254763718408414e-11,2.6343864464297942e-11,10000.0,10000.0,10000.0,10000.0,
v,1.0306948777598915e-05,6.505368639647575e-06,1.6593095441916195e-07,2.138870873392603e-05,2.3618997302972935e-07,1.6707578511210176e-07,758.6140998307885,758.6140998307885,766.5271542511999,1114.193989002672,1.0032723004195445
s,0.01678746039771086,0.0012135862750789522,0.014664502551423769,0.01913872329499413,4.443675288528503e-05,3.143382482217978e-05,745.8589057912402,745.8589057912402,759.1995100250558,1386.483171117334,1.0079475933763293
gamma,1.0,0.0,1.0,1.0,0.0,0.0,10000.0,10000.0,10000.0,10000.0,
zeta,0.0,0.0,0.0,0.0,0.0,0.0,10000.0,10000.0,10000.0,10000.0,
