,Unnamed: 0,mean,sd,hdi_3%,hdi_97%,mcse_mean,mcse_sd,ess_mean,ess_sd,ess_bulk,ess_tail,r_hat
0,b,1.0,0.0,1.0,1.0,0.0,0.0,10000.0,10000.0,10000.0,10000.0,
1,p_error,0.050000004470348365,3.725476371840841e-09,0.05000000074505806,0.05000000074505806,3.7254763718408414e-11,2.6343864464297942e-11,10000.0,10000.0,10000.0,10000.0,
2,v,2.705095825690505e-06,1.4825973529561875e-06,1.0002637543179893e-07,5.1193306411434754e-06,5.327039961140338e-08,3.7682053402400425e-08,774.5947184099944,774.5947184099944,741.7899256100952,1078.8893893199158,1.0022274361198331
3,s,0.0058440238653077285,0.0003216356203366972,0.0052242949473154995,0.006413421132813019,1.1149821540908224e-05,7.886879494535607e-06,832.1324283898151,832.1324283898151,835.1953540707236,1511.4649850599342,1.0005805924220332
4,gamma,1.0,0.0,1.0,1.0,0.0,0.0,10000.0,10000.0,10000.0,10000.0,
5,zeta,0.0,0.0,0.0,0.0,0.0,0.0,10000.0,10000.0,10000.0,10000.0,
