,Unnamed: 0,mean,sd,hdi_3%,hdi_97%,mcse_mean,mcse_sd,ess_mean,ess_sd,ess_bulk,ess_tail,r_hat
0,b,1.0,0.0,1.0,1.0,0.0,0.0,10000.0,10000.0,10000.0,10000.0,
1,p_error,0.050000004470348365,3.725476371840841e-09,0.05000000074505806,0.05000000074505806,3.7254763718408414e-11,2.6343864464297942e-11,10000.0,10000.0,10000.0,10000.0,
2,v,3.1957575867979864e-06,2.5414434583478957e-06,1.0087713109407619e-07,7.715280463803764e-06,6.993369038967597e-08,4.946151201914023e-08,1320.6508373592821,1320.6508373592821,1323.347832965699,1496.2307945744171,1.0013975917320987
3,s,0.012242003741637458,0.0008068005571903731,0.0106989939492264,0.013714606748239938,2.3395436609445706e-05,1.6547130831329775e-05,1189.2415382458341,1189.2415382458341,1186.0873625417914,1461.3584463607474,1.0010465338897871
4,gamma,1.0,0.0,1.0,1.0,0.0,0.0,10000.0,10000.0,10000.0,10000.0,
5,zeta,0.0,0.0,0.0,0.0,0.0,0.0,10000.0,10000.0,10000.0,10000.0,
