,Unnamed: 0,mean,sd,hdi_3%,hdi_97%,mcse_mean,mcse_sd,ess_mean,ess_sd,ess_bulk,ess_tail,r_hat
0,b,1.0,0.0,1.0,1.0,0.0,0.0,10000.0,10000.0,10000.0,10000.0,
1,p_error,0.050000004470348365,3.725476371840841e-09,0.05000000074505806,0.05000000074505806,3.7254763718408414e-11,2.6343864464297942e-11,10000.0,10000.0,10000.0,10000.0,
2,v,1.2824225832086333e-05,3.4075321319908335e-06,6.124829704550124e-06,1.8816044520260096e-05,1.3639453409672177e-07,9.649060540718516e-08,624.1457049396448,624.1457049396448,628.2810956149632,1092.7885652907498,1.0011940864741598
3,s,0.008167036752505434,0.0006642540686080772,0.006950657290625918,0.009385169807490832,2.760669260621177e-05,1.9530722368181132e-05,578.9481724281568,578.9481724281568,578.0558111919586,1245.1832011286565,1.001567192290327
4,gamma,1.0,0.0,1.0,1.0,0.0,0.0,10000.0,10000.0,10000.0,10000.0,
5,zeta,0.0,0.0,0.0,0.0,0.0,0.0,10000.0,10000.0,10000.0,10000.0,
