,Unnamed: 0,mean,sd,hdi_3%,hdi_97%,mcse_mean,mcse_sd,ess_mean,ess_sd,ess_bulk,ess_tail,r_hat
0,b,1.0,0.0,1.0,1.0,0.0,0.0,10000.0,10000.0,10000.0,10000.0,
1,p_error,0.050000004470348365,3.725476371840841e-09,0.05000000074505806,0.05000000074505806,3.7254763718408414e-11,2.6343864464297942e-11,10000.0,10000.0,10000.0,10000.0,
2,v,5.7263831527256546e-05,2.364986037323753e-05,1.3375658880016122e-05,0.00010123217645357022,5.999766243207617e-07,4.2432720265213745e-07,1553.7763319921833,1553.7763319921833,1494.104645004841,1350.962183465937,1.001630666288006
3,s,0.03364299721269462,0.0034081758913765236,0.027836029747167854,0.04054257492540268,8.147447463593289e-05,5.828059151449597e-05,1749.850164197912,1710.4652044164209,1840.8709321145068,1814.4550187801528,1.0003656352799608
4,gamma,1.0,0.0,1.0,1.0,0.0,0.0,10000.0,10000.0,10000.0,10000.0,
5,zeta,0.0,0.0,0.0,0.0,0.0,0.0,10000.0,10000.0,10000.0,10000.0,
