,Unnamed: 0,mean,sd,hdi_3%,hdi_97%,mcse_mean,mcse_sd,ess_mean,ess_sd,ess_bulk,ess_tail,r_hat
0,b,1.0,0.0,1.0,1.0,0.0,0.0,10000.0,10000.0,10000.0,10000.0,
1,p_error,0.050000004470348365,3.725476371840841e-09,0.05000000074505806,0.05000000074505806,3.7254763718408414e-11,2.6343864464297942e-11,10000.0,10000.0,10000.0,10000.0,
2,v,6.810671276140883e-06,5.118038432939683e-06,1.0793621749081617e-07,1.5949509333750746e-05,1.2829455002125521e-07,9.07345775565962e-08,1591.4414669101504,1591.4414669101504,1406.2239285822104,1652.7795452976284,1.0012957233732058
3,s,0.017643110544838966,0.001147419871351983,0.015556059480897362,0.019794016700452947,3.0391045562386604e-05,2.1532464306669386e-05,1425.4547989077191,1420.383665906022,1426.198684845624,1649.6656802537973,1.001923209982537
4,gamma,1.0,0.0,1.0,1.0,0.0,0.0,10000.0,10000.0,10000.0,10000.0,
5,zeta,0.0,0.0,0.0,0.0,0.0,0.0,10000.0,10000.0,10000.0,10000.0,
