,Unnamed: 0,mean,sd,hdi_3%,hdi_97%,mcse_mean,mcse_sd,ess_mean,ess_sd,ess_bulk,ess_tail,r_hat
0,b,1.0,0.0,1.0,1.0,0.0,0.0,10000.0,10000.0,10000.0,10000.0,
1,p_error,0.050000004470348365,3.725476371840841e-09,0.05000000074505806,0.05000000074505806,3.7254763718408414e-11,2.6343864464297942e-11,10000.0,10000.0,10000.0,10000.0,
2,v,3.053103568731953e-05,4.439506837326604e-06,2.204835842095111e-05,3.813150267265121e-05,2.0476955392228372e-07,1.4488388122999711e-07,470.04419110688525,470.04419110688525,482.58251025404496,1012.4731893448242,1.011125103493978
3,s,0.008304590175385302,0.0009109853147201127,0.0066118931547914424,0.01004130450607373,4.106987819288997e-05,2.9255157012668346e-05,492.0122576491352,485.41162427798514,493.11554876467346,762.6456849755053,1.0098796853959129
4,gamma,1.0,0.0,1.0,1.0,0.0,0.0,10000.0,10000.0,10000.0,10000.0,
5,zeta,0.0,0.0,0.0,0.0,0.0,0.0,10000.0,10000.0,10000.0,10000.0,
