,Unnamed: 0,mean,sd,hdi_3%,hdi_97%,mcse_mean,mcse_sd,ess_mean,ess_sd,ess_bulk,ess_tail,r_hat
0,b,1.0,0.0,1.0,1.0,0.0,0.0,10000.0,10000.0,10000.0,10000.0,
1,p_error,0.050000004470348365,3.725476371840841e-09,0.05000000074505806,0.05000000074505806,3.7254763718408414e-11,2.6343864464297942e-11,10000.0,10000.0,10000.0,10000.0,
2,v,4.631506233733517e-06,3.537640070875672e-06,1.040213668883861e-07,1.1018305989413195e-05,9.831823867521873e-08,6.953716128324952e-08,1294.670074007146,1294.670074007146,1272.0826501772874,1823.8189930324454,1.0009125680604705
3,s,0.011686705502710384,0.0009601794345280873,0.009966746169480454,0.013592934772013223,2.6879948759445933e-05,1.9011340364523426e-05,1275.9919271003819,1275.9919271003819,1275.2059020485585,1544.05863072199,1.0016153496717193
4,gamma,1.0,0.0,1.0,1.0,0.0,0.0,10000.0,10000.0,10000.0,10000.0,
5,zeta,0.0,0.0,0.0,0.0,0.0,0.0,10000.0,10000.0,10000.0,10000.0,
