,Unnamed: 0,mean,sd,hdi_3%,hdi_97%,mcse_mean,mcse_sd,ess_mean,ess_sd,ess_bulk,ess_tail,r_hat
0,b,1.0,0.0,1.0,1.0,0.0,0.0,10000.0,10000.0,10000.0,10000.0,
1,p_error,0.050000004470348365,3.725476371840841e-09,0.05000000074505806,0.05000000074505806,3.7254763718408414e-11,2.6343864464297942e-11,10000.0,10000.0,10000.0,10000.0,
2,v,2.815580010347856e-06,1.912282512291718e-06,1.0302683566715222e-07,6.1954481982848425e-06,1.1663584216926215e-07,8.674408192532344e-08,268.80667434307117,243.57683345590303,302.18713452153617,379.6240074472281,1.0038514059653114
3,s,0.005804945060300559,0.0007036526325860994,0.00436193872276809,0.006913251484930214,4.079495470689676e-05,2.887471613360952e-05,297.51147637468137,297.51147637468137,334.55104686616767,470.3258400929634,1.0040686938545111
4,gamma,1.0,0.0,1.0,1.0,0.0,0.0,10000.0,10000.0,10000.0,10000.0,
5,zeta,0.0,0.0,0.0,0.0,0.0,0.0,10000.0,10000.0,10000.0,10000.0,
