,Unnamed: 0,mean,sd,hdi_3%,hdi_97%,mcse_mean,mcse_sd,ess_mean,ess_sd,ess_bulk,ess_tail,r_hat
0,b,1.0,0.0,1.0,1.0,0.0,0.0,10000.0,10000.0,10000.0,10000.0,
1,p_error,0.050000004470348365,3.725476371840841e-09,0.05000000074505806,0.05000000074505806,3.7254763718408414e-11,2.6343864464297942e-11,10000.0,10000.0,10000.0,10000.0,
2,v,2.4119717302812002e-06,1.98193273155932e-06,1.0001870151855114e-07,5.990154306788772e-06,4.698719715128103e-08,3.5220723776972274e-08,1779.1753014693934,1583.8398264303794,1656.5235764545282,1722.3412042074988,1.0021356144903126
3,s,0.012373434818150944,0.0006129926658847816,0.011207318421681331,0.013492559325668695,1.5777894227680715e-05,1.1158812509524452e-05,1509.4282585718229,1509.4282585718229,1502.9226644971125,1840.080334180557,1.003160940222365
4,gamma,1.0,0.0,1.0,1.0,0.0,0.0,10000.0,10000.0,10000.0,10000.0,
5,zeta,0.0,0.0,0.0,0.0,0.0,0.0,10000.0,10000.0,10000.0,10000.0,
