,Unnamed: 0,mean,sd,hdi_3%,hdi_97%,mcse_mean,mcse_sd,ess_mean,ess_sd,ess_bulk,ess_tail,r_hat
0,b,1.0,0.0,1.0,1.0,0.0,0.0,10000.0,10000.0,10000.0,10000.0,
1,p_error,0.050000004470348365,3.725476371840841e-09,0.05000000074505806,0.05000000074505806,3.7254763718408414e-11,2.6343864464297942e-11,10000.0,10000.0,10000.0,10000.0,
2,v,4.672542946000582e-06,3.481273309268772e-06,1.0058840959733556e-07,1.0905507832953417e-05,9.632221866949062e-08,6.812530788683812e-08,1306.2409236912245,1306.2409236912245,1181.1934910020082,1568.8201597878744,1.0023455409671929
3,s,0.01460452171913472,0.0008904024752346176,0.012877936556216106,0.01621124343919776,2.521524693963698e-05,1.783404426925383e-05,1246.9420362661947,1246.9420362661947,1238.3812723649205,1569.3517611471743,1.002186539649992
4,gamma,1.0,0.0,1.0,1.0,0.0,0.0,10000.0,10000.0,10000.0,10000.0,
5,zeta,0.0,0.0,0.0,0.0,0.0,0.0,10000.0,10000.0,10000.0,10000.0,
