,Unnamed: 0,mean,sd,hdi_3%,hdi_97%,mcse_mean,mcse_sd,ess_mean,ess_sd,ess_bulk,ess_tail,r_hat
0,b,1.0,0.0,1.0,1.0,0.0,0.0,10000.0,10000.0,10000.0,10000.0,
1,p_error,0.050000004470348365,3.725476371840841e-09,0.05000000074505806,0.05000000074505806,3.7254763718408414e-11,2.6343864464297942e-11,10000.0,10000.0,10000.0,10000.0,
2,v,9.401155859357256e-06,9.794616000239127e-06,1.1112149339209463e-07,2.704941952626163e-05,2.2429316340844026e-07,1.6538193084605095e-07,1906.965147126086,1754.3375220859134,1810.051702330011,2340.218176077151,1.0004201829573642
3,s,0.039379631570357385,0.00312570703853058,0.0332229574380902,0.04494921637660396,7.579730480614202e-05,5.452467665421969e-05,1700.548469418144,1643.7452231739908,1778.217190037177,1571.3792801049842,1.0020299503044576
4,gamma,1.0,0.0,1.0,1.0,0.0,0.0,10000.0,10000.0,10000.0,10000.0,
5,zeta,0.0,0.0,0.0,0.0,0.0,0.0,10000.0,10000.0,10000.0,10000.0,
