,Unnamed: 0,mean,sd,hdi_3%,hdi_97%,mcse_mean,mcse_sd,ess_mean,ess_sd,ess_bulk,ess_tail,r_hat
0,b,1.0,0.0,1.0,1.0,0.0,0.0,10000.0,10000.0,10000.0,10000.0,
1,p_error,0.050000004470348365,3.725476371840841e-09,0.05000000074505806,0.05000000074505806,3.7254763718408414e-11,2.6343864464297942e-11,10000.0,10000.0,10000.0,10000.0,
2,v,2.445592298462649e-06,1.996433281811028e-06,1.0012640103101717e-07,6.026987708801037e-06,6.249681177935825e-08,4.420455650935816e-08,1020.4550445644068,1020.4550445644068,979.7672889371413,1127.1287178832058,1.0011576539007527
3,s,0.011087915295657502,0.0006133364645026173,0.00983883878273572,0.012166752393657712,1.942093955740905e-05,1.3736695980122647e-05,997.3718296791898,997.3718296791898,991.5540592592037,1352.5989239876324,1.0007198212286204
4,gamma,1.0,0.0,1.0,1.0,0.0,0.0,10000.0,10000.0,10000.0,10000.0,
5,zeta,0.0,0.0,0.0,0.0,0.0,0.0,10000.0,10000.0,10000.0,10000.0,
