,Unnamed: 0,mean,sd,hdi_3%,hdi_97%,mcse_mean,mcse_sd,ess_mean,ess_sd,ess_bulk,ess_tail,r_hat
0,b,1.0,0.0,1.0,1.0,0.0,0.0,10000.0,10000.0,10000.0,10000.0,
1,p_error,0.050000004470348365,3.725476371840841e-09,0.05000000074505806,0.05000000074505806,3.7254763718408414e-11,2.6343864464297942e-11,10000.0,10000.0,10000.0,10000.0,
2,v,4.877911402651191e-06,3.891019734665593e-06,1.064709752486929e-07,1.204426164731443e-05,1.0742355772959783e-07,7.597681918378477e-08,1311.9817800137214,1311.9817800137214,1221.733115057653,1408.903894767124,1.0011204336405397
3,s,0.016550617844459086,0.0010437252715377102,0.0146758654754567,0.01862482990651438,2.694278921045037e-05,1.9083153698041592e-05,1500.6772246609423,1496.2751339589922,1505.340047333304,1798.2548329673066,1.0021397002936396
4,gamma,1.0,0.0,1.0,1.0,0.0,0.0,10000.0,10000.0,10000.0,10000.0,
5,zeta,0.0,0.0,0.0,0.0,0.0,0.0,10000.0,10000.0,10000.0,10000.0,
