,Unnamed: 0,mean,sd,hdi_3%,hdi_97%,mcse_mean,mcse_sd,ess_mean,ess_sd,ess_bulk,ess_tail,r_hat
0,b,1.0,0.0,1.0,1.0,0.0,0.0,10000.0,10000.0,10000.0,10000.0,
1,p_error,0.050000004470348365,3.725476371840841e-09,0.05000000074505806,0.05000000074505806,3.7254763718408414e-11,2.6343864464297942e-11,10000.0,10000.0,10000.0,10000.0,
2,v,1.632405671175563e-06,1.4319013551093646e-06,1.010529871779307e-07,4.199451266173944e-06,3.149039298141869e-08,2.2270212265475318e-08,2067.6167384999494,2067.6167384999494,1805.2731447222504,1533.152155123368,1.0010453561998272
3,s,0.011266110815469106,0.0008619874122587629,0.009623571150507031,0.012840737347640114,2.056401088855216e-05,1.4543365987515802e-05,1757.0584030409848,1757.0584030409848,1745.9893632652945,1626.526205133244,1.0024205669546635
4,gamma,1.0,0.0,1.0,1.0,0.0,0.0,10000.0,10000.0,10000.0,10000.0,
5,zeta,0.0,0.0,0.0,0.0,0.0,0.0,10000.0,10000.0,10000.0,10000.0,
