,Unnamed: 0,mean,sd,hdi_3%,hdi_97%,mcse_mean,mcse_sd,ess_mean,ess_sd,ess_bulk,ess_tail,r_hat
0,b,1.0,0.0,1.0,1.0,0.0,0.0,10000.0,10000.0,10000.0,10000.0,
1,p_error,0.050000004470348365,3.725476371840841e-09,0.05000000074505806,0.05000000074505806,3.7254763718408414e-11,2.6343864464297942e-11,10000.0,10000.0,10000.0,10000.0,
2,v,2.5706479646719194e-05,1.785538615897882e-05,1.5923196249051204e-07,5.666553485863981e-05,4.042666328234913e-07,2.8590242862805747e-07,1950.7548702069435,1950.7548702069435,1772.4806401974704,2030.5716791449795,1.0007065587423265
3,s,0.035879421602034965,0.0030640693850936553,0.030163779900018433,0.041501824017964366,7.266822426023125e-05,5.1748772336269266e-05,1777.9031342388125,1753.5235219673425,1806.040245719315,1921.5800094620165,1.0003787178203314
4,gamma,1.0,0.0,1.0,1.0,0.0,0.0,10000.0,10000.0,10000.0,10000.0,
5,zeta,0.0,0.0,0.0,0.0,0.0,0.0,10000.0,10000.0,10000.0,10000.0,
