,Unnamed: 0,mean,sd,hdi_3%,hdi_97%,mcse_mean,mcse_sd,ess_mean,ess_sd,ess_bulk,ess_tail,r_hat
0,b,1.0,0.0,1.0,1.0,0.0,0.0,10000.0,10000.0,10000.0,10000.0,
1,p_error,0.050000004470348365,3.725476371840841e-09,0.05000000074505806,0.05000000074505806,3.7254763718408414e-11,2.6343864464297942e-11,10000.0,10000.0,10000.0,10000.0,
2,v,3.6766753320799415e-06,3.4985136568665016e-06,1.0099208409008756e-07,1.011127110101927e-05,7.406750717284099e-08,5.2380484911348396e-08,2231.0622643116994,2231.0622643116994,1853.4042593950326,2217.3233394881795,1.0010491294899246
3,s,0.02340769030208109,0.0022821422934541096,0.01950236391135713,0.028216663563758144,5.3826365315770835e-05,3.847719426091571e-05,1797.6093978661686,1759.5137387707969,1823.5533394490424,1771.6143668631437,1.000786281343363
4,gamma,1.0,0.0,1.0,1.0,0.0,0.0,10000.0,10000.0,10000.0,10000.0,
5,zeta,0.0,0.0,0.0,0.0,0.0,0.0,10000.0,10000.0,10000.0,10000.0,
