,Unnamed: 0,mean,sd,hdi_3%,hdi_97%,mcse_mean,mcse_sd,ess_mean,ess_sd,ess_bulk,ess_tail,r_hat
0,b,1.0,0.0,1.0,1.0,0.0,0.0,10000.0,10000.0,10000.0,10000.0,
1,p_error,0.050000004470348365,3.725476371840841e-09,0.05000000074505806,0.05000000074505806,3.7254763718408414e-11,2.6343864464297942e-11,10000.0,10000.0,10000.0,10000.0,
2,v,4.687177808248969e-05,1.8501579755223173e-05,1.0470133593713636e-05,7.874185343773342e-05,4.990651725893596e-07,3.529672852813658e-07,1374.3681977557858,1374.3681977557858,1347.5461327305588,1445.7979306477896,1.0006241303495964
3,s,0.02422800900065986,0.0023170722415893513,0.02005251914741601,0.028624577874645712,6.162043905298045e-05,4.359481422641255e-05,1413.935413740439,1413.0541976280404,1423.7782285234744,1706.1050411348972,1.000830755919197
4,gamma,1.0,0.0,1.0,1.0,0.0,0.0,10000.0,10000.0,10000.0,10000.0,
5,zeta,0.0,0.0,0.0,0.0,0.0,0.0,10000.0,10000.0,10000.0,10000.0,
