,Unnamed: 0,mean,sd,hdi_3%,hdi_97%,mcse_mean,mcse_sd,ess_mean,ess_sd,ess_bulk,ess_tail,r_hat
0,b,1.0,0.0,1.0,1.0,0.0,0.0,10000.0,10000.0,10000.0,10000.0,
1,p_error,0.050000004470348365,3.725476371840841e-09,0.05000000074505806,0.05000000074505806,3.7254763718408414e-11,2.6343864464297942e-11,10000.0,10000.0,10000.0,10000.0,
2,v,7.975671534736995e-06,8.065855195454056e-06,1.0506849790917012e-07,2.215515059774398e-05,1.817609111755527e-07,1.2854341348478364e-07,1969.2454901472115,1969.2454901472115,1921.3397896539584,2024.4165731063165,1.0016596768779695
3,s,0.03660133315005101,0.005072704304568023,0.025055829031813397,0.044779795699200514,0.00011425355806384324,8.180733245555473e-05,1971.2405639196481,1923.0757713956527,1932.9234320211442,1809.3956254396344,1.0004734320413828
4,gamma,1.0,0.0,1.0,1.0,0.0,0.0,10000.0,10000.0,10000.0,10000.0,
5,zeta,0.0,0.0,0.0,0.0,0.0,0.0,10000.0,10000.0,10000.0,10000.0,
