,Unnamed: 0,mean,sd,hdi_3%,hdi_97%,mcse_mean,mcse_sd,ess_mean,ess_sd,ess_bulk,ess_tail,r_hat
0,b,1.0,0.0,1.0,1.0,0.0,0.0,10000.0,10000.0,10000.0,10000.0,
1,p_error,0.050000004470348365,3.725476371840841e-09,0.05000000074505806,0.05000000074505806,3.7254763718408414e-11,2.6343864464297942e-11,10000.0,10000.0,10000.0,10000.0,
2,v,3.121242556403879e-06,2.6093229462613797e-06,1.0374527827447544e-07,7.933958700650467e-06,6.604835124470571e-08,4.6711967583621954e-08,1560.7441119394862,1560.7441119394862,1469.4831814596118,1922.9087627741887,1.0029870459727488
3,s,0.01332624918618096,0.000952964935199698,0.011630922486792485,0.0152798679478887,2.4566985895794848e-05,1.7374850670434162e-05,1504.700581195169,1504.700581195169,1496.3114989399319,1883.2410366919748,1.0025038357206832
4,gamma,1.0,0.0,1.0,1.0,0.0,0.0,10000.0,10000.0,10000.0,10000.0,
5,zeta,0.0,0.0,0.0,0.0,0.0,0.0,10000.0,10000.0,10000.0,10000.0,
