,Unnamed: 0,mean,sd,hdi_3%,hdi_97%,mcse_mean,mcse_sd,ess_mean,ess_sd,ess_bulk,ess_tail,r_hat
0,b,1.0,0.0,1.0,1.0,0.0,0.0,10000.0,10000.0,10000.0,10000.0,
1,p_error,0.050000004470348365,3.725476371840841e-09,0.05000000074505806,0.05000000074505806,3.7254763718408414e-11,2.6343864464297942e-11,10000.0,10000.0,10000.0,10000.0,
2,v,7.817416983752154e-05,4.145037101376847e-05,8.005985580689441e-07,0.00014609820205780134,1.2401219701123564e-06,8.771276892921761e-07,1117.192576470344,1117.192576470344,1051.6439534177023,1658.3979529799708,1.0043643256612622
3,s,0.041302757103923934,0.004559331738371261,0.033307706647400105,0.04987869626312049,0.00013191796699182342,9.3708027546473e-05,1194.522916864451,1184.221082604186,1159.8237286055248,1579.563108645838,1.0064788570263217
4,gamma,1.0,0.0,1.0,1.0,0.0,0.0,10000.0,10000.0,10000.0,10000.0,
5,zeta,0.0,0.0,0.0,0.0,0.0,0.0,10000.0,10000.0,10000.0,10000.0,
