,Unnamed: 0,mean,sd,hdi_3%,hdi_97%,mcse_mean,mcse_sd,ess_mean,ess_sd,ess_bulk,ess_tail,r_hat
0,b,1.0,0.0,1.0,1.0,0.0,0.0,10000.0,10000.0,10000.0,10000.0,
1,p_error,0.050000004470348365,3.725476371840841e-09,0.05000000074505806,0.05000000074505806,3.7254763718408414e-11,2.6343864464297942e-11,10000.0,10000.0,10000.0,10000.0,
2,v,5.5107659779393786e-06,4.105558401956243e-06,1.0795098755155091e-07,1.3057570984585777e-05,1.0653987444702332e-07,7.53498693079818e-08,1484.9783004372625,1484.9783004372625,1388.97878687203,1719.1002419532554,1.0004276409106616
3,s,0.016061380159743822,0.0010070064894691043,0.01415131844697934,0.017927389085146718,2.6411038384441762e-05,1.8679172447128932e-05,1453.7629144540922,1453.7629144540922,1444.8019435247472,1608.358943981495,1.0018934894161429
4,gamma,1.0,0.0,1.0,1.0,0.0,0.0,10000.0,10000.0,10000.0,10000.0,
5,zeta,0.0,0.0,0.0,0.0,0.0,0.0,10000.0,10000.0,10000.0,10000.0,
