,Unnamed: 0,mean,sd,hdi_3%,hdi_97%,mcse_mean,mcse_sd,ess_mean,ess_sd,ess_bulk,ess_tail,r_hat
0,b,1.0,0.0,1.0,1.0,0.0,0.0,10000.0,10000.0,10000.0,10000.0,
1,p_error,0.050000004470348365,3.725476371840841e-09,0.05000000074505806,0.05000000074505806,3.7254763718408414e-11,2.6343864464297942e-11,10000.0,10000.0,10000.0,10000.0,
2,v,6.760138529860758e-06,4.5301018141458185e-06,1.0651544167702258e-07,1.4213369035175347e-05,1.356058437596585e-07,9.591288343959588e-08,1115.98694763573,1115.98694763573,1049.0629987602633,1363.4367775189985,1.0033343626200002
3,s,0.011906964801297808,0.0026428112008252515,0.0068781554027973965,0.015646048428501667,7.941458910248401e-05,5.616939017376772e-05,1107.4692876995075,1107.4692876995075,1192.0796756132972,1648.7133271165744,1.0053363589380788
4,gamma,1.0,0.0,1.0,1.0,0.0,0.0,10000.0,10000.0,10000.0,10000.0,
5,zeta,0.0,0.0,0.0,0.0,0.0,0.0,10000.0,10000.0,10000.0,10000.0,
