,Unnamed: 0,mean,sd,hdi_3%,hdi_97%,mcse_mean,mcse_sd,ess_mean,ess_sd,ess_bulk,ess_tail,r_hat
0,b,1.0,0.0,1.0,1.0,0.0,0.0,10000.0,10000.0,10000.0,10000.0,
1,p_error,0.050000004470348365,3.725476371840841e-09,0.05000000074505806,0.05000000074505806,3.7254763718408414e-11,2.6343864464297942e-11,10000.0,10000.0,10000.0,10000.0,
2,v,3.996152451631678e-06,3.560865441052178e-06,1.0211717632910477e-07,1.042822338865062e-05,7.53932010850666e-08,5.3318015690590696e-08,2230.72872172716,2230.72872172716,1945.780137050257,2205.601380322794,1.0018293477327584
3,s,0.016453079953122753,0.0016814597060790474,0.01360009313730057,0.019804134508299445,3.858673801920396e-05,2.7499455486017304e-05,1898.8768333444384,1869.9510946012174,1933.9585015474786,2066.5843796458275,1.0007670325569262
4,gamma,1.0,0.0,1.0,1.0,0.0,0.0,10000.0,10000.0,10000.0,10000.0,
5,zeta,0.0,0.0,0.0,0.0,0.0,0.0,10000.0,10000.0,10000.0,10000.0,
