,Unnamed: 0,mean,sd,hdi_3%,hdi_97%,mcse_mean,mcse_sd,ess_mean,ess_sd,ess_bulk,ess_tail,r_hat
0,b,1.0,0.0,1.0,1.0,0.0,0.0,10000.0,10000.0,10000.0,10000.0,
1,p_error,0.050000004470348365,3.725476371840841e-09,0.05000000074505806,0.05000000074505806,3.7254763718408414e-11,2.6343864464297942e-11,10000.0,10000.0,10000.0,10000.0,
2,v,3.206558571952888e-05,2.249860632428348e-06,2.7930549610429256e-05,3.6157507395743815e-05,8.683434244953986e-08,6.155449228124359e-08,671.3178472942551,668.5607260993237,673.2573098114203,1071.3492574079241,1.0023036444532611
3,s,0.004813911969287121,0.0005129051041060207,0.003969620022287194,0.00590508669254241,1.9416944059260018e-05,1.3735595960443919e-05,697.7699833050915,697.7699833050915,701.6778462701399,928.5341293723424,1.00134566588236
4,gamma,1.0,0.0,1.0,1.0,0.0,0.0,10000.0,10000.0,10000.0,10000.0,
5,zeta,0.0,0.0,0.0,0.0,0.0,0.0,10000.0,10000.0,10000.0,10000.0,
