,Unnamed: 0,mean,sd,hdi_3%,hdi_97%,mcse_mean,mcse_sd,ess_mean,ess_sd,ess_bulk,ess_tail,r_hat
0,b,1.0,0.0,1.0,1.0,0.0,0.0,10000.0,10000.0,10000.0,10000.0,
1,p_error,0.050000004470348365,3.725476371840841e-09,0.05000000074505806,0.05000000074505806,3.7254763718408414e-11,2.6343864464297942e-11,10000.0,10000.0,10000.0,10000.0,
2,v,9.85923164636385e-06,1.6796342228472509e-06,6.891978792620955e-06,1.3007344271821742e-05,7.532838742109457e-08,5.3447672932679954e-08,497.1782128067641,494.37288208935365,497.88869140072114,896.108852373662,1.008928515051014
3,s,0.004979309125620456,0.00040143392977856927,0.004193889002427865,0.005719882330849031,1.8630743135647297e-05,1.3182209942418674e-05,464.26698095983323,464.26698095983323,465.8855774645547,867.7919351431034,1.0106293061717255
4,gamma,1.0,0.0,1.0,1.0,0.0,0.0,10000.0,10000.0,10000.0,10000.0,
5,zeta,0.0,0.0,0.0,0.0,0.0,0.0,10000.0,10000.0,10000.0,10000.0,
