,Unnamed: 0,mean,sd,hdi_3%,hdi_97%,mcse_mean,mcse_sd,ess_mean,ess_sd,ess_bulk,ess_tail,r_hat
0,b,1.0,0.0,1.0,1.0,0.0,0.0,10000.0,10000.0,10000.0,10000.0,
1,p_error,0.050000004470348365,3.725476371840841e-09,0.05000000074505806,0.05000000074505806,3.7254763718408414e-11,2.6343864464297942e-11,10000.0,10000.0,10000.0,10000.0,
2,v,4.838013179107114e-06,4.028119054770901e-06,1.0165251145621442e-07,1.2226943251035894e-05,8.746807051988437e-08,6.185777360728478e-08,2120.8282674207903,2120.8282674207903,1976.8756340760103,2242.7528729392543,1.001629932438126
3,s,0.016460358109928717,0.0011196526933110835,0.014414720132610125,0.01848563249025616,2.6389520911092802e-05,1.8684243229271474e-05,1800.1290748257475,1796.0842976024774,1837.741976862136,1990.1324639924826,1.001654620458084
4,gamma,1.0,0.0,1.0,1.0,0.0,0.0,10000.0,10000.0,10000.0,10000.0,
5,zeta,0.0,0.0,0.0,0.0,0.0,0.0,10000.0,10000.0,10000.0,10000.0,
