,Unnamed: 0,mean,sd,hdi_3%,hdi_97%,mcse_mean,mcse_sd,ess_mean,ess_sd,ess_bulk,ess_tail,r_hat
0,b,1.0,0.0,1.0,1.0,0.0,0.0,10000.0,10000.0,10000.0,10000.0,
1,p_error,0.050000004470348365,3.725476371840841e-09,0.05000000074505806,0.05000000074505806,3.7254763718408414e-11,2.6343864464297942e-11,10000.0,10000.0,10000.0,10000.0,
2,v,1.0459328385549609e-05,2.6286847171754437e-06,5.2837658766682705e-06,1.503175237536784e-05,1.035556038197698e-07,7.325804009695567e-08,644.3618055683098,644.3618055683098,640.7734534434371,893.2711055938271,1.0017402238755808
3,s,0.007195446227031813,0.0004630001004051133,0.006361309928169724,0.008122673129985275,1.8537299168966915e-05,1.3113983261420296e-05,623.8343039832291,623.8343039832291,625.4341978247838,1045.3381196477085,1.0013515814764824
4,gamma,1.0,0.0,1.0,1.0,0.0,0.0,10000.0,10000.0,10000.0,10000.0,
5,zeta,0.0,0.0,0.0,0.0,0.0,0.0,10000.0,10000.0,10000.0,10000.0,
