,Unnamed: 0,mean,sd,hdi_3%,hdi_97%,mcse_mean,mcse_sd,ess_mean,ess_sd,ess_bulk,ess_tail,r_hat
0,b,1.0,0.0,1.0,1.0,0.0,0.0,10000.0,10000.0,10000.0,10000.0,
1,p_error,0.050000004470348365,3.725476371840841e-09,0.05000000074505806,0.05000000074505806,3.7254763718408414e-11,2.6343864464297942e-11,10000.0,10000.0,10000.0,10000.0,
2,v,1.9298979642929447e-05,6.799043561837167e-06,5.351963338237227e-06,3.148386753492902e-05,2.1259282917454969e-07,1.5036871888069912e-07,1022.8181461498648,1022.8181461498648,1006.2651136674621,1181.0125236488495,1.0013807816963134
3,s,0.011982392765857731,0.0009204014831692656,0.010315256350703435,0.01379980518778903,3.0883396784090646e-05,2.190265881057568e-05,888.1871737365958,883.5228762872963,889.6623256566568,1153.494219556486,1.0011499280729288
4,gamma,1.0,0.0,1.0,1.0,0.0,0.0,10000.0,10000.0,10000.0,10000.0,
5,zeta,0.0,0.0,0.0,0.0,0.0,0.0,10000.0,10000.0,10000.0,10000.0,
