,Unnamed: 0,mean,sd,hdi_3%,hdi_97%,mcse_mean,mcse_sd,ess_mean,ess_sd,ess_bulk,ess_tail,r_hat
0,b,1.0,0.0,1.0,1.0,0.0,0.0,10000.0,10000.0,10000.0,10000.0,
1,p_error,0.050000004470348365,3.725476371840841e-09,0.05000000074505806,0.05000000074505806,3.7254763718408414e-11,2.6343864464297942e-11,10000.0,10000.0,10000.0,10000.0,
2,v,1.5891192060614402e-05,7.78556472632493e-06,5.673732981650745e-07,2.829573690901888e-05,2.622104576882299e-07,1.8547216702427952e-07,881.6175401718251,881.6175401718251,861.2700755556735,1315.2666331421267,1.0024669853568295
3,s,0.01806855776687704,0.0013650688543158096,0.015380209650599238,0.0204845950951502,4.28296935172789e-05,3.0293866539633552e-05,1015.825667719834,1015.825667719834,1023.2052246231924,1497.9654454954975,1.0023818686562131
4,gamma,1.0,0.0,1.0,1.0,0.0,0.0,10000.0,10000.0,10000.0,10000.0,
5,zeta,0.0,0.0,0.0,0.0,0.0,0.0,10000.0,10000.0,10000.0,10000.0,
