,Unnamed: 0,mean,sd,hdi_3%,hdi_97%,mcse_mean,mcse_sd,ess_mean,ess_sd,ess_bulk,ess_tail,r_hat
0,b,1.0,0.0,1.0,1.0,0.0,0.0,10000.0,10000.0,10000.0,10000.0,
1,p_error,0.050000004470348365,3.725476371840841e-09,0.05000000074505806,0.05000000074505806,3.7254763718408414e-11,2.6343864464297942e-11,10000.0,10000.0,10000.0,10000.0,
2,v,2.173132532960846e-05,1.1806054255730239e-05,3.4932327374491124e-07,4.130946338324182e-05,3.729320122015839e-07,2.6377953803914945e-07,1002.1903589258121,1002.1903589258121,965.1518326877851,1316.5275441360534,1.0021344284349498
3,s,0.0214481855054618,0.0016583469692035301,0.018350863741018138,0.024600974552817758,4.893334326817257e-05,3.4609889553679415e-05,1148.5265120989066,1148.5265120989066,1142.9306766263028,1407.2498971800076,1.0014495492526525
4,gamma,1.0,0.0,1.0,1.0,0.0,0.0,10000.0,10000.0,10000.0,10000.0,
5,zeta,0.0,0.0,0.0,0.0,0.0,0.0,10000.0,10000.0,10000.0,10000.0,
