,Unnamed: 0,mean,sd,hdi_3%,hdi_97%,mcse_mean,mcse_sd,ess_mean,ess_sd,ess_bulk,ess_tail,r_hat
0,b,1.0,0.0,1.0,1.0,0.0,0.0,10000.0,10000.0,10000.0,10000.0,
1,p_error,0.050000004470348365,3.725476371840841e-09,0.05000000074505806,0.05000000074505806,3.7254763718408414e-11,2.6343864464297942e-11,10000.0,10000.0,10000.0,10000.0,
2,v,1.0456907680278566e-05,7.1390548660179e-06,1.0402038802626176e-07,2.3231972495179128e-05,2.1108214268073878e-07,1.492956889159131e-07,1143.874691669783,1143.874691669783,1067.9607648352744,1612.2744387292005,1.003157092779879
3,s,0.018984995009522276,0.0011827926581216616,0.016910401577553687,0.02137647209408836,3.392514782445773e-05,2.3994460421922035e-05,1215.5525612468227,1215.5525612468227,1203.734022573212,1467.5175066229874,1.0016556401098644
4,gamma,1.0,0.0,1.0,1.0,0.0,0.0,10000.0,10000.0,10000.0,10000.0,
5,zeta,0.0,0.0,0.0,0.0,0.0,0.0,10000.0,10000.0,10000.0,10000.0,
