,Unnamed: 0,mean,sd,hdi_3%,hdi_97%,mcse_mean,mcse_sd,ess_mean,ess_sd,ess_bulk,ess_tail,r_hat
0,b,1.0,0.0,1.0,1.0,0.0,0.0,10000.0,10000.0,10000.0,10000.0,
1,p_error,0.050000004470348365,3.725476371840841e-09,0.05000000074505806,0.05000000074505806,3.7254763718408414e-11,2.6343864464297942e-11,10000.0,10000.0,10000.0,10000.0,
2,v,8.286696064874088e-06,6.1513410957366675e-06,1.0023882087494684e-07,1.944688949920024e-05,1.812382417758407e-07,1.2818725131412076e-07,1151.9667355078304,1151.9667355078304,1063.3678548910907,1729.664430945322,1.0035498914465708
3,s,0.017479933203195238,0.0019789508062934705,0.014027298025314746,0.021235105915142317,6.200897016739607e-05,4.385952583741384e-05,1018.4998266516136,1018.4998266516136,951.7991755477788,1377.6095488905407,1.0044085873033546
4,gamma,1.0,0.0,1.0,1.0,0.0,0.0,10000.0,10000.0,10000.0,10000.0,
5,zeta,0.0,0.0,0.0,0.0,0.0,0.0,10000.0,10000.0,10000.0,10000.0,
