,Unnamed: 0,mean,sd,hdi_3%,hdi_97%,mcse_mean,mcse_sd,ess_mean,ess_sd,ess_bulk,ess_tail,r_hat
0,b,1.0,0.0,1.0,1.0,0.0,0.0,10000.0,10000.0,10000.0,10000.0,
1,p_error,0.050000004470348365,3.725476371840841e-09,0.05000000074505806,0.05000000074505806,3.7254763718408414e-11,2.6343864464297942e-11,10000.0,10000.0,10000.0,10000.0,
2,v,1.3198891626791188e-05,1.036727877662635e-05,1.0917414219950247e-07,3.210494417937463e-05,2.582635874526125e-07,1.8265299883543477e-07,1611.3993905130847,1611.3993905130847,1382.4961392926066,1703.8267408516786,1.0008283995349538
3,s,0.0208004662254339,0.0014496331943411507,0.018058643789290816,0.023455827224431392,3.8398011437297196e-05,2.734449015799664e-05,1425.2753789999506,1405.8107085227084,1461.277313821333,1595.7392516969314,1.004947237255299
4,gamma,1.0,0.0,1.0,1.0,0.0,0.0,10000.0,10000.0,10000.0,10000.0,
5,zeta,0.0,0.0,0.0,0.0,0.0,0.0,10000.0,10000.0,10000.0,10000.0,
