,Unnamed: 0,mean,sd,hdi_3%,hdi_97%,mcse_mean,mcse_sd,ess_mean,ess_sd,ess_bulk,ess_tail,r_hat
0,b,1.0,0.0,1.0,1.0,0.0,0.0,10000.0,10000.0,10000.0,10000.0,
1,p_error,0.050000004470348365,3.725476371840841e-09,0.05000000074505806,0.05000000074505806,3.7254763718408414e-11,2.6343864464297942e-11,10000.0,10000.0,10000.0,10000.0,
2,v,2.4468395127519313e-06,2.064361559583704e-06,1.0228928546917998e-07,6.30245344144486e-06,4.604877565034424e-08,3.256612827623494e-08,2009.7190618362167,2009.7190618362167,1670.6946940343066,1768.0613606290244,1.0012835841716874
3,s,0.01206619645302578,0.0009459092140234797,0.010317329928941913,0.013818304537908678,2.2080712275425627e-05,1.5615903541024333e-05,1835.1550134018203,1835.1550134018203,1818.0822826784265,1945.3408481020347,1.000873337989875
4,gamma,1.0,0.0,1.0,1.0,0.0,0.0,10000.0,10000.0,10000.0,10000.0,
5,zeta,0.0,0.0,0.0,0.0,0.0,0.0,10000.0,10000.0,10000.0,10000.0,
