,Unnamed: 0,mean,sd,hdi_3%,hdi_97%,mcse_mean,mcse_sd,ess_mean,ess_sd,ess_bulk,ess_tail,r_hat
0,b,1.0,0.0,1.0,1.0,0.0,0.0,10000.0,10000.0,10000.0,10000.0,
1,p_error,0.050000004470348365,3.725476371840841e-09,0.05000000074505806,0.05000000074505806,3.7254763718408414e-11,2.6343864464297942e-11,10000.0,10000.0,10000.0,10000.0,
2,v,1.6149172025295058e-05,1.7540134884951446e-06,1.3034647538663854e-05,1.9474483289679767e-05,6.344732735782385e-08,4.488116822946251e-08,764.2565900002894,764.2565900002894,770.5234853636722,1161.1161975550576,1.0017952589207848
3,s,0.004796944638736428,0.0004144857971944679,0.004059461178854217,0.0055716634001683205,1.5817045949821054e-05,1.1193219847279107e-05,686.7023831226529,686.1966997371674,687.4801724376782,900.1832628891583,1.0033001750204815
4,gamma,1.0,0.0,1.0,1.0,0.0,0.0,10000.0,10000.0,10000.0,10000.0,
5,zeta,0.0,0.0,0.0,0.0,0.0,0.0,10000.0,10000.0,10000.0,10000.0,
