,Unnamed: 0,mean,sd,hdi_3%,hdi_97%,mcse_mean,mcse_sd,ess_mean,ess_sd,ess_bulk,ess_tail,r_hat
0,b,1.0,0.0,1.0,1.0,0.0,0.0,10000.0,10000.0,10000.0,10000.0,
1,p_error,0.050000004470348365,3.725476371840841e-09,0.05000000074505806,0.05000000074505806,3.7254763718408414e-11,2.6343864464297942e-11,10000.0,10000.0,10000.0,10000.0,
2,v,8.02065435863148e-06,5.001486707567215e-06,1.1612520152641568e-07,1.6438104328138838e-05,1.5366366650809528e-07,1.0868654952251642e-07,1059.3899650882117,1059.3899650882117,906.7044848690823,1020.3349879521255,1.0018648976048887
3,s,0.014020656439594536,0.0008965479691547163,0.012409040945254614,0.015718098077434982,2.627803392052665e-05,1.863565721749609e-05,1164.0223642858878,1157.834562813638,1175.9932758498019,1587.9219281748904,1.0008479767354972
4,gamma,1.0,0.0,1.0,1.0,0.0,0.0,10000.0,10000.0,10000.0,10000.0,
5,zeta,0.0,0.0,0.0,0.0,0.0,0.0,10000.0,10000.0,10000.0,10000.0,
