,Unnamed: 0,mean,sd,hdi_3%,hdi_97%,mcse_mean,mcse_sd,ess_mean,ess_sd,ess_bulk,ess_tail,r_hat
0,b,1.0,0.0,1.0,1.0,0.0,0.0,10000.0,10000.0,10000.0,10000.0,
1,p_error,0.050000004470348365,3.725476371840841e-09,0.05000000074505806,0.05000000074505806,3.7254763718408414e-11,2.6343864464297942e-11,10000.0,10000.0,10000.0,10000.0,
2,v,1.2056196484416825e-05,9.578261167645463e-06,1.2468190040791454e-07,2.9610548439331072e-05,2.733668163303316e-07,2.0014544452488468e-07,1227.6703281535154,1145.7058274337107,1307.325256421682,1261.4978667882885,1.0009226830656983
3,s,0.025654212686054074,0.0023855850189234483,0.021249790959967558,0.030112802833411355,6.361071381532866e-05,4.4988898051565916e-05,1406.4660696010876,1406.4660696010876,1400.4253765249148,1772.5971049841526,1.0012722099141371
4,gamma,1.0,0.0,1.0,1.0,0.0,0.0,10000.0,10000.0,10000.0,10000.0,
5,zeta,0.0,0.0,0.0,0.0,0.0,0.0,10000.0,10000.0,10000.0,10000.0,
