,Unnamed: 0,mean,sd,hdi_3%,hdi_97%,mcse_mean,mcse_sd,ess_mean,ess_sd,ess_bulk,ess_tail,r_hat
0,b,1.0,0.0,1.0,1.0,0.0,0.0,10000.0,10000.0,10000.0,10000.0,
1,p_error,0.050000004470348365,3.725476371840841e-09,0.05000000074505806,0.05000000074505806,3.7254763718408414e-11,2.6343864464297942e-11,10000.0,10000.0,10000.0,10000.0,
2,v,8.824220305820644e-07,7.019508410444736e-07,1.0023716818248776e-07,2.160081466144106e-06,1.623388303812702e-08,1.1480879967461852e-08,1869.6855525870667,1869.6855525870667,1600.543242993406,1752.3364550643014,1.0006347246983227
3,s,0.0070430824186046015,0.00041803048884733285,0.006302347948856322,0.007873735397206613,1.0263452909735516e-05,7.2633486710777174e-06,1658.9333113997584,1656.7808939393508,1652.5295673983615,2116.265326869554,1.0042573396538992
4,gamma,1.0,0.0,1.0,1.0,0.0,0.0,10000.0,10000.0,10000.0,10000.0,
5,zeta,0.0,0.0,0.0,0.0,0.0,0.0,10000.0,10000.0,10000.0,10000.0,
