,Unnamed: 0,mean,sd,hdi_3%,hdi_97%,mcse_mean,mcse_sd,ess_mean,ess_sd,ess_bulk,ess_tail,r_hat
0,b,1.0,0.0,1.0,1.0,0.0,0.0,10000.0,10000.0,10000.0,10000.0,
1,p_error,0.050000004470348365,3.725476371840841e-09,0.05000000074505806,0.05000000074505806,3.7254763718408414e-11,2.6343864464297942e-11,10000.0,10000.0,10000.0,10000.0,
2,v,1.67553645326998e-05,5.188134441926642e-06,6.747987180345883e-06,2.6242802031669194e-05,2.0723035540796566e-07,1.4660223194111212e-07,626.7808218291221,626.7808218291221,659.8499869684794,557.3448666327489,1.0055441709840214
3,s,0.009279534791553565,0.000856639558332268,0.007691334591730694,0.010857913409803736,3.369614925566306e-05,2.4218390540769823e-05,646.302304964552,626.1530800065774,697.7757040142774,831.4514718830873,1.002663710017668
4,gamma,1.0,0.0,1.0,1.0,0.0,0.0,10000.0,10000.0,10000.0,10000.0,
5,zeta,0.0,0.0,0.0,0.0,0.0,0.0,10000.0,10000.0,10000.0,10000.0,
