,Unnamed: 0,mean,sd,hdi_3%,hdi_97%,mcse_mean,mcse_sd,ess_mean,ess_sd,ess_bulk,ess_tail,r_hat
0,b,1.0,0.0,1.0,1.0,0.0,0.0,10000.0,10000.0,10000.0,10000.0,
1,p_error,0.050000004470348365,3.725476371840841e-09,0.05000000074505806,0.05000000074505806,3.7254763718408414e-11,2.6343864464297942e-11,10000.0,10000.0,10000.0,10000.0,
2,v,4.23234153431504e-05,1.1128098299201055e-05,2.091629481541218e-05,6.249258091363749e-05,3.154030586952917e-07,2.230759174607237e-07,1244.830169443901,1244.830169443901,1278.6148883374346,1660.4814892066056,1.0026183924963952
3,s,0.018872342790676417,0.002043148641348105,0.015119650305477841,0.02265295450049104,5.721667340483262e-05,4.0542268796933834e-05,1275.1307472040676,1270.4374834478979,1289.8768198339592,1569.2243500805982,1.0014958652405734
4,gamma,1.0,0.0,1.0,1.0,0.0,0.0,10000.0,10000.0,10000.0,10000.0,
5,zeta,0.0,0.0,0.0,0.0,0.0,0.0,10000.0,10000.0,10000.0,10000.0,
