,Unnamed: 0,mean,sd,hdi_3%,hdi_97%,mcse_mean,mcse_sd,ess_mean,ess_sd,ess_bulk,ess_tail,r_hat
0,b,1.0,0.0,1.0,1.0,0.0,0.0,10000.0,10000.0,10000.0,10000.0,
1,p_error,0.050000004470348365,3.725476371840841e-09,0.05000000074505806,0.05000000074505806,3.7254763718408414e-11,2.6343864464297942e-11,10000.0,10000.0,10000.0,10000.0,
2,v,9.75423699496046e-06,8.050698551295192e-06,1.0040586176058432e-07,2.4560745307779918e-05,1.8357994513105648e-07,1.2983031621703107e-07,1923.1654985931168,1923.1654985931168,1616.3724897600885,1515.9590398888372,1.0010858456156022
3,s,0.02295554140663734,0.0016608219202699534,0.020139964897522837,0.026264098248284302,3.7417714252249235e-05,2.6462237509144657e-05,1970.1152296324515,1970.1152296324515,1946.3827786318295,2082.739873130312,1.001158103371996
4,gamma,1.0,0.0,1.0,1.0,0.0,0.0,10000.0,10000.0,10000.0,10000.0,
5,zeta,0.0,0.0,0.0,0.0,0.0,0.0,10000.0,10000.0,10000.0,10000.0,
