,Unnamed: 0,mean,sd,hdi_3%,hdi_97%,mcse_mean,mcse_sd,ess_mean,ess_sd,ess_bulk,ess_tail,r_hat
0,b,1.0,0.0,1.0,1.0,0.0,0.0,10000.0,10000.0,10000.0,10000.0,
1,p_error,0.050000004470348365,3.725476371840841e-09,0.05000000074505806,0.05000000074505806,3.7254763718408414e-11,2.6343864464297942e-11,10000.0,10000.0,10000.0,10000.0,
2,v,3.452697203677553e-05,1.0468596320056536e-05,1.3924524105607125e-05,5.316553388063425e-05,3.547639383642901e-07,2.50940060457902e-07,870.758999188013,870.758999188013,876.4457270779726,1338.7255852734675,1.0010633960286122
3,s,0.014923936158212924,0.0011329457017604408,0.012668756879811257,0.016922822966623473,3.721337817754772e-05,2.635630217426799e-05,926.8725049851428,924.4711881855657,927.7486781540987,1280.976357756479,1.002495739991207
4,gamma,1.0,0.0,1.0,1.0,0.0,0.0,10000.0,10000.0,10000.0,10000.0,
5,zeta,0.0,0.0,0.0,0.0,0.0,0.0,10000.0,10000.0,10000.0,10000.0,
