,Unnamed: 0,mean,sd,hdi_3%,hdi_97%,mcse_mean,mcse_sd,ess_mean,ess_sd,ess_bulk,ess_tail,r_hat
0,b,1.0,0.0,1.0,1.0,0.0,0.0,10000.0,10000.0,10000.0,10000.0,
1,p_error,0.050000004470348365,3.725476371840841e-09,0.05000000074505806,0.05000000074505806,3.7254763718408414e-11,2.6343864464297942e-11,10000.0,10000.0,10000.0,10000.0,
2,v,7.967180980654354e-06,6.966338017905356e-06,1.0135809262827057e-07,2.081675945916833e-05,1.6679188051844448e-07,1.1795939451387713e-07,1744.4530128826443,1744.4530128826443,1483.2252731177246,1700.5046329573856,1.0032913252380449
3,s,0.02359434267536879,0.002043334060599457,0.019904803000856102,0.02762646348537674,4.896767900932582e-05,3.4631179454336876e-05,1741.2443068886435,1741.2443068886435,1727.4567402700106,2044.2423113536213,1.0015973259970148
4,gamma,1.0,0.0,1.0,1.0,0.0,0.0,10000.0,10000.0,10000.0,10000.0,
5,zeta,0.0,0.0,0.0,0.0,0.0,0.0,10000.0,10000.0,10000.0,10000.0,
