,Unnamed: 0,mean,sd,hdi_3%,hdi_97%,mcse_mean,mcse_sd,ess_mean,ess_sd,ess_bulk,ess_tail,r_hat
0,b,1.0,0.0,1.0,1.0,0.0,0.0,10000.0,10000.0,10000.0,10000.0,
1,p_error,0.050000004470348365,3.725476371840841e-09,0.05000000074505806,0.05000000074505806,3.7254763718408414e-11,2.6343864464297942e-11,10000.0,10000.0,10000.0,10000.0,
2,v,1.82302330761574e-05,1.7258958978812663e-05,1.0259790311231102e-07,4.976196867971167e-05,3.780054016406108e-07,2.673275887349373e-07,2084.6501498428515,2084.6501498428515,1628.2243025758182,1696.2024448785678,1.0010946419022144
3,s,0.03637373963364391,0.003416832374057725,0.030264178883955824,0.042834404378705386,7.830890073236826e-05,5.611353114262222e-05,1903.816522233568,1854.465629990643,1975.703055777004,2290.949808060382,1.0007389397992772
4,gamma,1.0,0.0,1.0,1.0,0.0,0.0,10000.0,10000.0,10000.0,10000.0,
5,zeta,0.0,0.0,0.0,0.0,0.0,0.0,10000.0,10000.0,10000.0,10000.0,
