,Unnamed: 0,mean,sd,hdi_3%,hdi_97%,mcse_mean,mcse_sd,ess_mean,ess_sd,ess_bulk,ess_tail,r_hat
0,b,1.0,0.0,1.0,1.0,0.0,0.0,10000.0,10000.0,10000.0,10000.0,
1,p_error,0.050000004470348365,3.725476371840841e-09,0.05000000074505806,0.05000000074505806,3.7254763718408414e-11,2.6343864464297942e-11,10000.0,10000.0,10000.0,10000.0,
2,v,1.1336915049137798e-05,7.397272289095567e-06,1.0758006277134252e-07,2.405416783095043e-05,1.916456802182315e-07,1.3554049821227436e-07,1489.8589053702585,1489.8589053702585,1274.3163344524842,1229.1837695026668,1.0017704897885682
3,s,0.01595917650954666,0.0011969192273252847,0.01371569789151038,0.01815020856379664,3.0160487171979115e-05,2.1330635884847667e-05,1574.8999984379716,1574.8999984379716,1559.9516046758167,1507.954050662345,1.0005191141024203
4,gamma,1.0,0.0,1.0,1.0,0.0,0.0,10000.0,10000.0,10000.0,10000.0,
5,zeta,0.0,0.0,0.0,0.0,0.0,0.0,10000.0,10000.0,10000.0,10000.0,
