,Unnamed: 0,mean,sd,hdi_3%,hdi_97%,mcse_mean,mcse_sd,ess_mean,ess_sd,ess_bulk,ess_tail,r_hat
0,b,1.0,0.0,1.0,1.0,0.0,0.0,10000.0,10000.0,10000.0,10000.0,
1,p_error,0.050000004470348365,3.725476371840841e-09,0.05000000074505806,0.05000000074505806,3.7254763718408414e-11,2.6343864464297942e-11,10000.0,10000.0,10000.0,10000.0,
2,v,1.950001206944528e-05,6.136066352236662e-06,7.715156918067539e-06,3.0499863092403693e-05,2.421309381822431e-07,1.7129024610676526e-07,642.213639261969,642.213639261969,647.2243389051335,871.6226087974933,1.0009658477361938
3,s,0.01173724343358397,0.0010178786130146673,0.009967127932223156,0.01375627580260427,4.008151663590391e-05,2.845735584275785e-05,644.9167934935252,640.278296051962,649.0662219449406,960.775237690077,1.0009348216380594
4,gamma,1.0,0.0,1.0,1.0,0.0,0.0,10000.0,10000.0,10000.0,10000.0,
5,zeta,0.0,0.0,0.0,0.0,0.0,0.0,10000.0,10000.0,10000.0,10000.0,
