,Unnamed: 0,mean,sd,hdi_3%,hdi_97%,mcse_mean,mcse_sd,ess_mean,ess_sd,ess_bulk,ess_tail,r_hat
0,b,1.0,0.0,1.0,1.0,0.0,0.0,10000.0,10000.0,10000.0,10000.0,
1,p_error,0.050000004470348365,3.725476371840841e-09,0.05000000074505806,0.05000000074505806,3.7254763718408414e-11,2.6343864464297942e-11,10000.0,10000.0,10000.0,10000.0,
2,v,1.7239943460482114e-06,1.4607645626703409e-06,1.0094744113845234e-07,4.4497360908055455e-06,3.561309090154534e-08,2.518662492633114e-08,1682.4459176388655,1682.4459176388655,1520.436595305767,1910.3333775875894,1.0027133220676403
3,s,0.012658055167372895,0.0006395889246652327,0.01152295519810618,0.01390310836288711,1.6310255979858402e-05,1.1535280834112965e-05,1537.7308076638074,1537.7308076638074,1531.688659251271,1806.800127884212,1.0041437811070602
4,gamma,1.0,0.0,1.0,1.0,0.0,0.0,10000.0,10000.0,10000.0,10000.0,
5,zeta,0.0,0.0,0.0,0.0,0.0,0.0,10000.0,10000.0,10000.0,10000.0,
