,Unnamed: 0,mean,sd,hdi_3%,hdi_97%,mcse_mean,mcse_sd,ess_mean,ess_sd,ess_bulk,ess_tail,r_hat
0,b,1.0,0.0,1.0,1.0,0.0,0.0,10000.0,10000.0,10000.0,10000.0,
1,p_error,0.050000004470348365,3.725476371840841e-09,0.05000000074505806,0.05000000074505806,3.7254763718408414e-11,2.6343864464297942e-11,10000.0,10000.0,10000.0,10000.0,
2,v,1.1486129695966953e-05,8.909607192777e-06,1.1729122421646266e-07,2.752601594637253e-05,2.0603823953316108e-07,1.4571376712034062e-07,1869.913226893094,1869.913226893094,1545.110269628258,1612.4434010326086,1.0049018563303749
3,s,0.02713261157401344,0.0019774367039810774,0.023650000453049318,0.030926457875910286,4.658144603580211e-05,3.298740931433585e-05,1802.1015053222595,1797.296590344772,1802.1649108258796,1580.5071635446075,1.0017767198952774
4,gamma,1.0,0.0,1.0,1.0,0.0,0.0,10000.0,10000.0,10000.0,10000.0,
5,zeta,0.0,0.0,0.0,0.0,0.0,0.0,10000.0,10000.0,10000.0,10000.0,
