,Unnamed: 0,mean,sd,hdi_3%,hdi_97%,mcse_mean,mcse_sd,ess_mean,ess_sd,ess_bulk,ess_tail,r_hat
0,b,1.0,0.0,1.0,1.0,0.0,0.0,10000.0,10000.0,10000.0,10000.0,
1,p_error,0.050000004470348365,3.725476371840841e-09,0.05000000074505806,0.05000000074505806,3.7254763718408414e-11,2.6343864464297942e-11,10000.0,10000.0,10000.0,10000.0,
2,v,7.35777804941277e-06,1.5553046685322539e-06,4.418937042170007e-06,1.0214740250844811e-05,7.497597468399894e-08,5.3673117293143605e-08,430.3152235479722,420.426802646646,426.16965487949653,567.0331987265607,1.0074290318259462
3,s,0.004792710489571803,0.0003417765178061992,0.004163733849717141,0.005433790467852424,1.602959262192095e-05,1.1341913619413655e-05,454.61050886564067,454.61050886564067,453.8725913544809,1020.8959056274316,1.0074800099547745
4,gamma,1.0,0.0,1.0,1.0,0.0,0.0,10000.0,10000.0,10000.0,10000.0,
5,zeta,0.0,0.0,0.0,0.0,0.0,0.0,10000.0,10000.0,10000.0,10000.0,
