,Unnamed: 0,mean,sd,hdi_3%,hdi_97%,mcse_mean,mcse_sd,ess_mean,ess_sd,ess_bulk,ess_tail,r_hat
0,b,1.0,0.0,1.0,1.0,0.0,0.0,10000.0,10000.0,10000.0,10000.0,
1,p_error,0.050000004470348365,3.725476371840841e-09,0.05000000074505806,0.05000000074505806,3.7254763718408414e-11,2.6343864464297942e-11,10000.0,10000.0,10000.0,10000.0,
2,v,7.698749587017648e-05,3.881346021941599e-05,2.394299544307204e-07,0.00014111250550372543,9.477365712349248e-07,6.702675295818229e-07,1677.2177297036926,1677.2177297036926,1527.5908401155514,1019.6848367165444,1.0010753406050992
3,s,0.04512706048972731,0.003247352276058801,0.039402666683291517,0.049994830487557235,7.772722436016952e-05,5.561970942841045e-05,1745.4704030455898,1704.9827856985805,1543.0560478870912,1782.6327265147047,1.0023118673534137
4,gamma,1.0,0.0,1.0,1.0,0.0,0.0,10000.0,10000.0,10000.0,10000.0,
5,zeta,0.0,0.0,0.0,0.0,0.0,0.0,10000.0,10000.0,10000.0,10000.0,
