,Unnamed: 0,mean,sd,hdi_3%,hdi_97%,mcse_mean,mcse_sd,ess_mean,ess_sd,ess_bulk,ess_tail,r_hat
0,b,1.0,0.0,1.0,1.0,0.0,0.0,10000.0,10000.0,10000.0,10000.0,
1,p_error,0.050000004470348365,3.725476371840841e-09,0.05000000074505806,0.05000000074505806,3.7254763718408414e-11,2.6343864464297942e-11,10000.0,10000.0,10000.0,10000.0,
2,v,1.1590065245421546e-05,5.9449106585835125e-06,1.4173267374690663e-07,2.0800124875588813e-05,2.1730620644911948e-07,1.5371861414582178e-07,748.4217567577062,748.4217567577062,737.2642702582502,1015.2674872315523,1.00172501016368
3,s,0.013459569029341296,0.0012352141874951408,0.011174898844284143,0.015660575272559832,4.4902467545617854e-05,3.1763084984306776e-05,756.7355333987111,756.7355333987111,756.2461472479015,1514.5112720132993,1.0017233213847698
4,gamma,1.0,0.0,1.0,1.0,0.0,0.0,10000.0,10000.0,10000.0,10000.0,
5,zeta,0.0,0.0,0.0,0.0,0.0,0.0,10000.0,10000.0,10000.0,10000.0,
