,Unnamed: 0,mean,sd,hdi_3%,hdi_97%,mcse_mean,mcse_sd,ess_mean,ess_sd,ess_bulk,ess_tail,r_hat
0,b,1.0,0.0,1.0,1.0,0.0,0.0,10000.0,10000.0,10000.0,10000.0,
1,p_error,0.050000004470348365,3.725476371840841e-09,0.05000000074505806,0.05000000074505806,3.7254763718408414e-11,2.6343864464297942e-11,10000.0,10000.0,10000.0,10000.0,
2,v,2.59542122173055e-05,5.000122824581462e-06,1.676115803695187e-05,3.5434852602058283e-05,1.564628847005121e-07,1.1066757905913675e-07,1021.2655426306833,1021.2655426306833,1033.43345015284,1477.2077899449528,1.0044933911598608
3,s,0.011147404591710243,0.0010008555300513571,0.0092930796404519,0.01297521593639748,3.036508320001911e-05,2.1477123259341374e-05,1086.410202497486,1086.410202497486,1085.3579020650634,1514.7827848530026,1.004349301451658
4,gamma,1.0,0.0,1.0,1.0,0.0,0.0,10000.0,10000.0,10000.0,10000.0,
5,zeta,0.0,0.0,0.0,0.0,0.0,0.0,10000.0,10000.0,10000.0,10000.0,
