,Unnamed: 0,mean,sd,hdi_3%,hdi_97%,mcse_mean,mcse_sd,ess_mean,ess_sd,ess_bulk,ess_tail,r_hat
0,b,1.0,0.0,1.0,1.0,0.0,0.0,10000.0,10000.0,10000.0,10000.0,
1,p_error,0.050000004470348365,3.725476371840841e-09,0.05000000074505806,0.05000000074505806,3.7254763718408414e-11,2.6343864464297942e-11,10000.0,10000.0,10000.0,10000.0,
2,v,3.176866297737913e-05,7.337633769425581e-06,1.8629136304650632e-05,4.6347925406870534e-05,2.3581384287563773e-07,1.673842067748863e-07,968.2187130866812,961.427874496655,970.0373361490966,1277.6193113865206,1.0039794742979542
3,s,0.013390969519475543,0.0009896474060131963,0.011499612707159152,0.015167340202499238,3.211411959567072e-05,2.271508966343309e-05,949.6617379377407,949.6617379377407,949.8508988673277,1720.6549817536188,1.0059934968005089
4,gamma,1.0,0.0,1.0,1.0,0.0,0.0,10000.0,10000.0,10000.0,10000.0,
5,zeta,0.0,0.0,0.0,0.0,0.0,0.0,10000.0,10000.0,10000.0,10000.0,
