,Unnamed: 0,mean,sd,hdi_3%,hdi_97%,mcse_mean,mcse_sd,ess_mean,ess_sd,ess_bulk,ess_tail,r_hat
0,b,1.0,0.0,1.0,1.0,0.0,0.0,10000.0,10000.0,10000.0,10000.0,
1,p_error,0.050000004470348365,3.725476371840841e-09,0.05000000074505806,0.05000000074505806,3.7254763718408414e-11,2.6343864464297942e-11,10000.0,10000.0,10000.0,10000.0,
2,v,1.3002568394387245e-05,9.441951087721056e-06,1.5308604773853945e-07,3.0261923068335805e-05,2.1028790855178566e-07,1.487175239541978e-07,2016.0202461483993,2016.0202461483993,1830.2441462244706,2048.28925349165,1.0005332379631535
3,s,0.025407202479386503,0.002029221475279709,0.021836135790780604,0.029260410463955017,5.025988718266102e-05,3.554546782380116e-05,1630.1061308768647,1630.1061308768647,1628.2472048628513,1782.5731470238916,1.0020845163805283
4,gamma,1.0,0.0,1.0,1.0,0.0,0.0,10000.0,10000.0,10000.0,10000.0,
5,zeta,0.0,0.0,0.0,0.0,0.0,0.0,10000.0,10000.0,10000.0,10000.0,
