,Unnamed: 0,mean,sd,hdi_3%,hdi_97%,mcse_mean,mcse_sd,ess_mean,ess_sd,ess_bulk,ess_tail,r_hat
0,b,1.0,0.0,1.0,1.0,0.0,0.0,10000.0,10000.0,10000.0,10000.0,
1,p_error,0.050000004470348365,3.725476371840841e-09,0.05000000074505806,0.05000000074505806,3.7254763718408414e-11,2.6343864464297942e-11,10000.0,10000.0,10000.0,10000.0,
2,v,1.9663219347368876e-05,3.986952956065738e-06,1.2142882158087747e-05,2.6802532850181305e-05,1.8657837705933443e-07,1.320151975888225e-07,456.6249107674134,456.6249107674134,466.38330742546674,769.5312333425545,1.004815672007237
3,s,0.008971266928061002,0.0008019666447429371,0.007487862229267127,0.010521434220329988,3.5089919444487433e-05,2.4924772437409185e-05,522.333486013456,518.2143218540208,532.9598788426249,848.115899446474,1.0029880756839549
4,gamma,1.0,0.0,1.0,1.0,0.0,0.0,10000.0,10000.0,10000.0,10000.0,
5,zeta,0.0,0.0,0.0,0.0,0.0,0.0,10000.0,10000.0,10000.0,10000.0,
