,Unnamed: 0,mean,sd,hdi_3%,hdi_97%,mcse_mean,mcse_sd,ess_mean,ess_sd,ess_bulk,ess_tail,r_hat
0,b,1.0,0.0,1.0,1.0,0.0,0.0,10000.0,10000.0,10000.0,10000.0,
1,p_error,0.050000004470348365,3.725476371840841e-09,0.05000000074505806,0.05000000074505806,3.7254763718408414e-11,2.6343864464297942e-11,10000.0,10000.0,10000.0,10000.0,
2,v,2.630268441387481e-05,7.5968859327017594e-06,1.1403113128027627e-05,3.9942850338282865e-05,2.6041388068558564e-07,1.842035670728727e-07,851.0262421196759,851.0262421196759,856.1606362560544,1337.008784215328,1.0037899520171714
3,s,0.013433030670278494,0.0010649960572042274,0.01152663915664367,0.015509355657286962,3.934597221393461e-05,2.785200878084415e-05,732.6481175068146,731.6432718963878,744.8439555293221,1195.9959169841645,1.005484592280113
4,gamma,1.0,0.0,1.0,1.0,0.0,0.0,10000.0,10000.0,10000.0,10000.0,
5,zeta,0.0,0.0,0.0,0.0,0.0,0.0,10000.0,10000.0,10000.0,10000.0,
