,Unnamed: 0,mean,sd,hdi_3%,hdi_97%,mcse_mean,mcse_sd,ess_mean,ess_sd,ess_bulk,ess_tail,r_hat
0,b,1.0,0.0,1.0,1.0,0.0,0.0,10000.0,10000.0,10000.0,10000.0,
1,p_error,0.050000004470348365,3.725476371840841e-09,0.05000000074505806,0.05000000074505806,3.7254763718408414e-11,2.6343864464297942e-11,10000.0,10000.0,10000.0,10000.0,
2,v,7.75577768252499e-06,3.1792001622749667e-06,1.6105737934163955e-06,1.351890951074946e-05,1.343857747750547e-07,9.507465841144939e-08,559.6662845215928,559.6662845215928,551.2997675082077,754.1726982730606,1.0026385460104517
3,s,0.008111013584961703,0.0005803540507862771,0.007063127388834434,0.009204653628441506,2.3282153702078302e-05,1.6523155292142644e-05,621.3549124205764,617.4199054317705,630.1292277274038,1098.4517050627817,1.002540575497164
4,gamma,1.0,0.0,1.0,1.0,0.0,0.0,10000.0,10000.0,10000.0,10000.0,
5,zeta,0.0,0.0,0.0,0.0,0.0,0.0,10000.0,10000.0,10000.0,10000.0,
