,Unnamed: 0,mean,sd,hdi_3%,hdi_97%,mcse_mean,mcse_sd,ess_mean,ess_sd,ess_bulk,ess_tail,r_hat
0,b,1.0,0.0,1.0,1.0,0.0,0.0,10000.0,10000.0,10000.0,10000.0,
1,p_error,0.050000004470348365,3.725476371840841e-09,0.05000000074505806,0.05000000074505806,3.7254763718408414e-11,2.6343864464297942e-11,10000.0,10000.0,10000.0,10000.0,
2,v,2.726201855390961e-05,9.520698161959301e-06,7.920025830171285e-06,4.357188444600234e-05,3.270651339798395e-07,2.3134962522650781e-07,847.3622149298739,847.3622149298739,847.9628571690481,1555.3291753667688,1.0037551137943246
3,s,0.017052734696033342,0.0014295829324297619,0.014382619348569003,0.019687031597206698,4.878411284129282e-05,3.450730003150839e-05,858.7403820181144,858.7403820181144,863.6958808239957,1298.9479238155222,1.0077353102778923
4,gamma,1.0,0.0,1.0,1.0,0.0,0.0,10000.0,10000.0,10000.0,10000.0,
5,zeta,0.0,0.0,0.0,0.0,0.0,0.0,10000.0,10000.0,10000.0,10000.0,
