,Unnamed: 0,mean,sd,hdi_3%,hdi_97%,mcse_mean,mcse_sd,ess_mean,ess_sd,ess_bulk,ess_tail,r_hat
0,b,1.0,0.0,1.0,1.0,0.0,0.0,10000.0,10000.0,10000.0,10000.0,
1,p_error,0.050000004470348365,3.725476371840841e-09,0.05000000074505806,0.05000000074505806,3.7254763718408414e-11,2.6343864464297942e-11,10000.0,10000.0,10000.0,10000.0,
2,v,1.4153359174213461e-05,3.495887128095607e-06,7.853534549587504e-06,2.0809001749172025e-05,9.480863870490898e-08,6.705421798232839e-08,1359.6245019555056,1359.6245019555056,1349.2106900883573,1777.0342988984064,1.0045284330619686
3,s,0.00790504127509816,0.0007692555109161876,0.0065422291144866,0.009334470279869668,2.1095898143852127e-05,1.4920325942248221e-05,1329.6740483352305,1329.6740483352305,1340.8612052578508,1854.664112640568,1.0037353794988932
4,gamma,1.0,0.0,1.0,1.0,0.0,0.0,10000.0,10000.0,10000.0,10000.0,
5,zeta,0.0,0.0,0.0,0.0,0.0,0.0,10000.0,10000.0,10000.0,10000.0,
