,Unnamed: 0,mean,sd,hdi_3%,hdi_97%,mcse_mean,mcse_sd,ess_mean,ess_sd,ess_bulk,ess_tail,r_hat
0,b,1.0,0.0,1.0,1.0,0.0,0.0,10000.0,10000.0,10000.0,10000.0,
1,p_error,0.050000004470348365,3.725476371840841e-09,0.05000000074505806,0.05000000074505806,3.7254763718408414e-11,2.6343864464297942e-11,10000.0,10000.0,10000.0,10000.0,
2,v,1.4304542880436816e-05,3.4382217507726057e-06,7.674975659696178e-06,2.0410076332360682e-05,1.7571024491011145e-07,1.2434067322818058e-07,382.88962504753937,382.88962504753937,388.0700752169776,697.4884900984371,1.004524700609576
3,s,0.0061931460887393935,0.0006851597111918415,0.004773998317443133,0.007376573743281573,3.509894873317871e-05,2.492520486061347e-05,381.06180256083235,378.3957896151224,390.70106555688807,702.3888082638694,1.0024090138419983
4,gamma,1.0,0.0,1.0,1.0,0.0,0.0,10000.0,10000.0,10000.0,10000.0,
5,zeta,0.0,0.0,0.0,0.0,0.0,0.0,10000.0,10000.0,10000.0,10000.0,
