,mean,sd,hdi_3%,hdi_97%,mcse_mean,mcse_sd,ess_mean,ess_sd,ess_bulk,ess_tail,r_hat
p_error,0.05000000447034836,3.725476371840841e-09,0.05000000074505806,0.05000000074505806,3.7254763718408414e-11,2.6343864464297942e-11,10000.0,10000.0,10000.0,10000.0,
v,8.444363342417645e-08,2.7946692107288316e-08,3.1346714700040005e-08,1.3557189108473664e-07,1.2320186855135062e-09,8.716630580234341e-10,514.5483990126042,514.5483990126042,515.2717706083264,627.8464416090757,1.0066903235316542
alpha,1.861386778184548e-05,1.2566536941302963e-05,4.012992718925392e-08,4.0304999336409305e-05,5.998166499997712e-07,4.4833594466532215e-07,438.9289141149031,393.40389131907057,472.8686313015769,525.0356511573981,1.0060162126493757
tau,3.9042914349080196,0.936226393245944,2.2458319934751856,5.606334022025752,0.030428664627302163,0.021522947747309593,946.66424243618,946.66424243618,963.515733478836,1391.5531696432768,1.0007504007166317
gamma,0.7915818158760911,0.131935709526923,0.5699063679917321,0.9989562817976826,0.004514206129300868,0.0032097292883895173,854.2046706082416,845.3911607755549,849.504577530706,1637.9850342621583,1.0016684911708646
zeta,1.9517733559169654,1.548191520871125,0.007694132015251379,4.736422108531287,0.05269949742035098,0.037276772615366084,863.0509246503672,863.0509246503672,807.9104312643541,1623.488238974496,1.0018624519055725
