,mean,sd,hdi_3%,hdi_97%,mcse_mean,mcse_sd,ess_mean,ess_sd,ess_bulk,ess_tail,r_hat
p_error,0.05000000447034836,3.725476371840841e-09,0.05000000074505806,0.05000000074505806,3.7254763718408414e-11,2.6343864464297942e-11,10000.0,10000.0,10000.0,10000.0,
v,5.60899382309182e-08,2.2360810364230884e-08,1.545779221760834e-08,9.71972180491271e-08,9.145176366267168e-10,6.46977365746085e-10,597.8481728967233,597.8481728967233,588.4959954862132,839.5195273965501,1.0043271916602368
alpha,2.0717001882303397e-05,1.0198386589946873e-05,1.7140395403292083e-06,3.823435407405684e-05,4.3554529858659657e-07,3.102512145922267e-07,548.272269981571,540.8473171753815,565.1531150054177,810.6541005369373,1.0043418914264421
tau,4.104621301468952,1.0652928465253173,2.429718395068363,5.9357797321140895,0.029955015152084593,0.022897245817686162,1264.7332438391836,1082.8680992406444,1573.334292003234,1434.9009840405533,1.0013025889017986
gamma,0.8757473343321545,0.09477494163144891,0.7028552006371243,0.9999386061953889,0.002479428988210876,0.0017683739786692508,1461.1126552902629,1436.7631912066768,1396.1054012611244,1713.2860099492896,1.0011157021216353
zeta,0.9121469749804298,0.8233353561640027,7.055157949113192e-05,2.481596249978733,0.020827496523250225,0.014730013616213023,1562.713593000165,1562.713593000165,1385.2454229591594,1890.120390069542,1.0024092023331397
