,mean,sd,hdi_3%,hdi_97%,mcse_mean,mcse_sd,ess_mean,ess_sd,ess_bulk,ess_tail,r_hat
p_error,0.05000000447034836,3.725476371840841e-09,0.05000000074505806,0.05000000074505806,3.7254763718408414e-11,2.6343864464297942e-11,10000.0,10000.0,10000.0,10000.0,
v,1.530289481248019e-07,3.3963102152586246e-08,9.43779309355436e-08,2.2143794030181104e-07,1.103822617390883e-09,7.807610509880136e-10,946.7081713071088,946.7081713071088,933.9004339157971,1068.2332745549281,1.0020859029986826
alpha,1.1289071860944185e-05,9.875179912575558e-06,2.1195537821275775e-08,3.045656988660511e-05,3.8287862522127125e-07,2.7085486498091813e-07,665.2238164634686,665.2238164634686,728.1375450153936,904.978308197939,1.001769728902797
tau,5.00938164404274,1.4600945102713034,2.5624946757110467,7.825070801604888,0.05214809825528034,0.03688800169659313,783.9439013722332,783.9439013722332,776.1191282750727,1413.9797688476422,1.0014314751134545
gamma,0.7242226002740279,0.15228325731870088,0.4921499830791452,0.9996489211614796,0.007470252932817868,0.005294463845959431,415.55996602627187,414.23086194716666,416.0127475027975,873.7715270098383,1.0027903325516978
zeta,2.55023162148865,1.7168903955784003,0.0016523317789599082,5.5763393869187485,0.08276474338343671,0.05856322356679896,430.3228391521422,430.3228391521422,420.50697158619226,903.9139772359314,1.0056855342263888
