,mean,sd,hdi_3%,hdi_97%,mcse_mean,mcse_sd,ess_mean,ess_sd,ess_bulk,ess_tail,r_hat
p_error,0.05000000447034836,3.725476371840841e-09,0.05000000074505806,0.05000000074505806,3.7254763718408414e-11,2.6343864464297942e-11,10000.0,10000.0,10000.0,10000.0,
v,2.8397634316512254e-08,1.0060798632335425e-08,1.0206282726255162e-08,4.7209284738202595e-08,3.818121078923969e-10,2.7009542309716764e-10,694.3293446396174,694.3293446396174,685.288551212925,964.8432913001409,1.0046317227597041
alpha,6.16957947224333e-05,2.948760642911753e-05,1.07109132795039e-05,0.00011695804703309168,1.5746790170674515e-06,1.114393649502222e-06,350.6670516203821,350.6670516203821,347.0716529930298,560.1454890248393,1.0047592744146128
tau,7.548284563088615,1.5638578930833453,4.913777232112854,9.9956100741835,0.054171938343700037,0.038318758987596936,833.3852733664937,833.3852733664937,867.7955134350203,1347.0449608361782,1.0033339020957723
gamma,0.08381530366889858,0.10518485244153719,3.2523228627797426e-05,0.24443479572460336,0.004603638488499373,0.00325708446027076,522.0402385608713,522.0402385608713,608.6118281050581,848.0122729301584,1.0030507349838613
zeta,2.9084178045513376,2.4585000791562805,0.0008556454286159189,7.837598177638966,0.11166564077820472,0.07900709114208952,484.73159529711364,484.73159529711364,511.6145289511341,970.6575511732107,1.0059468959578846
