,mean,sd,hdi_3%,hdi_97%,mcse_mean,mcse_sd,ess_mean,ess_sd,ess_bulk,ess_tail,r_hat
p_error,0.05000000447034836,3.725476371840841e-09,0.05000000074505806,0.05000000074505806,3.7254763718408414e-11,2.6343864464297942e-11,10000.0,10000.0,10000.0,10000.0,
v,4.971806880799106e-08,1.898097051864231e-08,1.538888336662113e-08,8.639677533199695e-08,7.866658567744673e-10,5.565356800617321e-10,582.1785860617495,582.1785860617495,573.3288802905105,976.5161433361679,1.011860022280195
alpha,1.9695240595587538e-05,1.2966418587361729e-05,9.197649657200461e-08,4.153521221897764e-05,5.951991336580218e-07,4.5736107159949586e-07,474.5866247306534,402.4590634810229,561.8020248154128,392.84799351866144,1.009010775024608
tau,2.678084446942527,0.9165778650417034,1.238227580268664,4.35290132993218,0.041517334395152046,0.02937477458976655,487.3935818711136,487.3935818711136,503.28645855760647,1003.6307787086679,1.0042722247744853
gamma,0.6693380766730134,0.18123341782633812,0.3856232378973692,0.9989287146834241,0.00861528554170426,0.006095946517171564,442.5243871363958,442.5243871363958,453.2323957961753,855.7111872804993,1.0043800958447724
zeta,2.1004910209299386,1.7593313029198738,0.0002391211011970446,5.33719537373994,0.06865792975375172,0.04857006900808413,656.6196147067719,656.6196147067719,650.933988283163,1580.0781340227068,1.0039967918961794
