,mean,sd,hdi_3%,hdi_97%,mcse_mean,mcse_sd,ess_mean,ess_sd,ess_bulk,ess_tail,r_hat
p_error,0.05000000447034836,3.725476371840841e-09,0.05000000074505806,0.05000000074505806,3.7254763718408414e-11,2.6343864464297942e-11,10000.0,10000.0,10000.0,10000.0,
v,5.1382946450684626e-08,1.4802258232693262e-08,2.3826195201240927e-08,7.84859325562817e-08,4.69486112854466e-10,3.320742684338964e-10,994.0550859214179,994.0550859214179,975.9668534681996,1199.1705573894264,1.0029753477554944
alpha,8.47046063614148e-06,6.95664755428106e-06,3.687188050988231e-09,2.054968673572643e-05,2.3345310756456452e-07,1.6513052721729913e-07,887.9748872686605,887.9748872686605,866.5578699260301,1162.3133868032212,1.0026492012541453
tau,1.9454353675992373,0.5234233812093985,1.04192811529327,2.9164822811407842,0.018780318122340635,0.01350265364493576,776.7841368663726,751.9259320939707,849.0406408689429,1360.359456918162,1.0036305484893544
gamma,0.7782368219406816,0.15078393022095,0.5135788724961073,0.9992177704172525,0.00563252390644969,0.003984417929001584,716.644926849466,716.644926849466,762.7709282965023,872.0228922703843,1.000935096841323
zeta,1.9856066411122415,1.7403755879007792,0.0003805099087100532,5.304834897472794,0.04544045786416512,0.03213764678378447,1466.90020150978,1466.90020150978,1472.43593057852,1907.116667654374,0.9999934575950585
