,mean,sd,hdi_3%,hdi_97%,mcse_mean,mcse_sd,ess_mean,ess_sd,ess_bulk,ess_tail,r_hat
p_error,0.05000000447034836,3.725476371840841e-09,0.05000000074505806,0.05000000074505806,3.7254763718408414e-11,2.6343864464297942e-11,10000.0,10000.0,10000.0,10000.0,
v,6.267827729330289e-08,1.6631870553564103e-08,3.045457268765182e-08,9.226573546194995e-08,6.676797975614235e-10,4.723430093528763e-10,620.5056224557666,620.5056224557666,632.0073013934689,928.76838724129,1.0035924731873598
alpha,1.4755538119631539e-05,1.2950655237475256e-05,1.520348303293601e-08,3.882775186123763e-05,6.526001078209897e-07,4.6180016033453753e-07,393.8122322928055,393.8122322928055,418.548832555176,664.9929197340157,1.0105199671024065
tau,3.2576065880528344,1.1047265215689845,1.4854141688817266,5.27068999369445,0.06095818919794214,0.04314228579316952,328.4319854580107,328.4319854580107,302.4991426082675,921.4485876944415,1.0121154297763406
gamma,0.5101192441495652,0.1930028480608612,0.20616759946443894,0.8920433509426409,0.012550356258070433,0.00888540999558559,236.49138651936346,236.49138651936346,240.93476629520868,653.1679025502369,1.0177944931372613
zeta,3.1788735794844905,2.5905699133769247,5.10222110734807e-05,8.211291388298388,0.17042734136624013,0.12066278130070478,231.05325785253504,231.05325785253504,233.7846823109615,868.6941888832012,1.0200383728623985
