,mean,sd,hdi_3%,hdi_97%,mcse_mean,mcse_sd,ess_mean,ess_sd,ess_bulk,ess_tail,r_hat
p_error,0.05000000447034836,3.725476371840841e-09,0.05000000074505806,0.05000000074505806,3.7254763718408414e-11,2.6343864464297942e-11,10000.0,10000.0,10000.0,10000.0,
v,1.010943972454849e-08,1.904372596256242e-09,6.691669069707983e-09,1.3727381799641408e-08,5.580089260764846e-11,3.946707456268683e-11,1164.7200578228014,1164.7200578228014,1147.779324458877,1172.4903132221636,1.0020130459975185
alpha,5.133004384891959e-06,5.484798804324747e-06,4.264266823583838e-10,1.4470107015258578e-05,2.0747982604403693e-07,1.467716674859171e-07,698.826961307826,698.826961307826,831.0955431097977,852.4492539934985,1.000549076883572
tau,6.7162526779532055,1.7110433514170524,4.099975532437236,9.889291809240035,0.09200065774920248,0.06589364203995772,345.89171649795964,337.719340127501,342.0527751255009,825.1929329169766,1.005359792364723
gamma,0.09596265892185053,0.06350092414342128,0.0017225603973224535,0.20612557511186552,0.0025512051758728783,0.0018048244361380103,619.5399505966386,619.5399505966386,577.5457934179965,1329.74313500156,1.00195869196331
zeta,4.724392365984664,2.7205349514880477,0.7466644247707978,9.903053963214726,0.14182345204574737,0.10036392127030674,367.9700869325129,367.9700869325129,370.1494754096678,909.8675675605077,1.0047026981301324
