,mean,sd,hdi_3%,hdi_97%,mcse_mean,mcse_sd,ess_mean,ess_sd,ess_bulk,ess_tail,r_hat
p_error,0.05000000447034836,3.725476371840841e-09,0.05000000074505806,0.05000000074505806,3.7254763718408414e-11,2.6343864464297942e-11,10000.0,10000.0,10000.0,10000.0,
v,5.7547091427981116e-08,1.9530550436316144e-08,1.8545309567375806e-08,9.34661038728883e-08,9.343591065988867e-10,6.611332091700863e-10,436.91939255467855,436.91939255467855,436.7136829854329,915.9491173553206,1.0119519094760505
alpha,1.617148839369642e-05,9.975951719559708e-06,1.6141886244421523e-07,3.29929599663014e-05,5.080787492635542e-07,3.5953808417355947e-07,385.5197360909644,385.5197360909644,395.4265492738441,700.4987413726418,1.013371764853666
tau,6.259372880391933,1.8424341776455604,3.19880314971798,9.584389278738985,0.06216352034864189,0.04397084972460516,878.4413304767672,878.4413304767672,825.3403664819018,1006.0905542866465,1.0041999109640596
gamma,0.8261575702576119,0.11319308662138489,0.6286513154269787,0.9992351609306188,0.004018566783181919,0.002842601067229725,793.4095528303768,793.4095528303768,796.5356461812246,1552.5465056098803,1.0002047180060005
zeta,1.3908237318005812,1.106634053574656,0.00021484956720326366,3.456277513126313,0.05197704933210039,0.03677699824026275,453.29905896606124,453.29905896606124,459.113992329212,846.6089889004282,1.003056379137762
