,mean,sd,hdi_3%,hdi_97%,mcse_mean,mcse_sd,ess_mean,ess_sd,ess_bulk,ess_tail,r_hat
p_error,0.05000000447034836,3.725476371840841e-09,0.05000000074505806,0.05000000074505806,3.7254763718408414e-11,2.6343864464297942e-11,10000.0,10000.0,10000.0,10000.0,
v,4.7428358557450516e-08,7.97386366556333e-09,3.284909861177152e-08,6.272593436212865e-08,1.9890538539761363e-10,1.4067288018015102e-10,1607.106021003899,1607.106021003899,1581.0042254187963,2161.902672545298,1.0006483238496986
alpha,2.5527000737908216e-06,2.7406975664533614e-06,4.469281720210818e-10,7.642624784095182e-06,7.904756760059864e-08,5.5908638426291795e-08,1202.1127599531828,1202.1127599531828,1232.4390416484505,1453.5657959459354,1.0004519707346824
tau,3.2329773583444745,0.9084342537442328,1.8524034054188074,5.0123849233371445,0.05784439002966741,0.04095062731185386,246.64056776252173,246.64056776252173,249.42441412686554,782.0827031112341,1.0051748251334232
gamma,0.5986766218158899,0.17624280845389076,0.29141608231999333,0.9061417196166642,0.01070599960022904,0.007578447510839234,270.9994215192536,270.9994215192536,270.83329119356694,433.40811876000055,1.005835126219744
zeta,5.173640928257851,2.717416906975035,0.8652963174511181,9.97537754097314,0.18005788845884096,0.12748355123537897,227.76565685270106,227.76565685270106,222.53852201028602,601.9047550844533,1.0078574281694985
