,mean,sd,hdi_3%,hdi_97%,mcse_mean,mcse_sd,ess_mean,ess_sd,ess_bulk,ess_tail,r_hat
p_error,0.05000000447034836,3.725476371840841e-09,0.05000000074505806,0.05000000074505806,3.7254763718408414e-11,2.6343864464297942e-11,10000.0,10000.0,10000.0,10000.0,
v,4.615665213522134e-08,9.426923881583316e-09,2.948197539606959e-08,6.387973659328554e-08,2.297036734281369e-10,1.6245316124692463e-10,1684.24055164892,1684.24055164892,1642.6540787689132,1725.939369279524,1.003795092435399
alpha,3.1771468482719528e-06,3.4232962578190963e-06,1.0458403897687888e-09,9.447915502833751e-06,9.690447440510231e-08,6.85378318972253e-08,1247.9618521468474,1247.9618521468474,1166.2276440334074,1830.304804270985,1.0021951423934299
tau,3.552786431595592,1.0287790058153714,1.7397195880989358,5.313592672939027,0.06628643039640782,0.046928456490929346,240.87677136423832,240.87677136423832,227.41285674227805,730.3751952001035,1.0055762877709065
gamma,0.5238440280812767,0.17794813427531442,0.24704607566643996,0.8835516223353942,0.011822895261068818,0.008444385287867028,226.53702534181951,222.61816373584486,243.20318822461007,615.7664781312917,1.003652450339383
zeta,3.690286059802953,2.6822796375097324,0.0011101325844840512,8.465731418429574,0.18734337579790913,0.13266071561952322,204.9894083874841,204.9894083874841,202.19821455004842,597.6022286712,1.0032426972202513
