,mean,sd,hdi_3%,hdi_97%,mcse_mean,mcse_sd,ess_mean,ess_sd,ess_bulk,ess_tail,r_hat
p_error,0.05000000447034836,3.725476371840841e-09,0.05000000074505806,0.05000000074505806,3.7254763718408414e-11,2.6343864464297942e-11,10000.0,10000.0,10000.0,10000.0,
v,2.4380192507805803e-08,1.1993647836276954e-08,2.747677898983392e-09,4.6555111498389774e-08,5.947081051685037e-10,4.208240679518327e-10,406.7193834257344,406.7193834257344,420.51772520957746,610.260931201246,1.0074803354325463
alpha,2.258424134653002e-05,1.0373506902715856e-05,4.642116564862705e-06,4.348509992339186e-05,6.242540978040384e-07,4.4188138166830737e-07,276.13941265368874,276.13941265368874,273.6406256190885,564.667547494462,1.0158010988580128
tau,3.9028120860177973,1.0023858461756223,2.2424624924566676,5.7837614729404665,0.05424208211311793,0.03838774936586174,341.5050638702909,341.5050638702909,324.53700780983604,968.3503484049869,1.0061553429223684
gamma,0.6830432137930126,0.1582708160948299,0.4556593225109558,0.9977441489444556,0.00999110386230137,0.007134109254368931,250.94279801104466,246.6724598483954,263.8029552017063,745.7957609601403,1.0083335649022196
zeta,2.617520762656579,1.9707876164442142,0.007604259309047526,6.245299510541074,0.11862415193368697,0.08396873847817794,276.01546002438533,276.01546002438533,283.59452158382976,877.510096417828,1.007456347288742
