,mean,sd,hdi_3%,hdi_97%,mcse_mean,mcse_sd,ess_mean,ess_sd,ess_bulk,ess_tail,r_hat
p_error,0.05000000447034836,3.725476371840841e-09,0.05000000074505806,0.05000000074505806,3.7254763718408414e-11,2.6343864464297942e-11,10000.0,10000.0,10000.0,10000.0,
v,1.893448969020959e-08,1.1079920555667915e-08,7.220431606147819e-10,3.939340554715738e-08,4.636164164805916e-10,3.279938652941464e-10,571.1572335556418,571.1572335556418,572.4641233482492,849.0395690922321,1.0018050004271617
alpha,3.167087470907335e-05,1.2835552511635876e-05,9.564800202861626e-06,5.532471959318546e-05,7.867663679896316e-07,5.569386242691027e-07,266.1567973144459,266.1567973144459,260.79190956987793,815.5156304099366,1.0083185991430976
tau,4.7091966871710635,1.359066185132707,2.5356780223459747,7.251506379967444,0.08035706825335351,0.05687906667237298,286.0441345113224,286.0441345113224,280.42777794531526,837.5151714131122,1.0061039844860586
gamma,0.6227404275677861,0.17293857011638594,0.3451752750345964,0.9547864325324299,0.011979530909844414,0.00854605726711679,208.4030654421416,205.33266567376128,216.46440447729788,347.3977264550602,1.0057993816605373
zeta,2.079961025737277,1.8399024354194542,0.005306437102274785,5.621505397214599,0.10931970094605285,0.07738043529298926,283.26487075565257,283.26487075565257,306.12845327503084,612.2813492384836,1.005146581068635
