,mean,sd,hdi_3%,hdi_97%,mcse_mean,mcse_sd,ess_mean,ess_sd,ess_bulk,ess_tail,r_hat
p_error,0.05000000447034836,3.725476371840841e-09,0.05000000074505806,0.05000000074505806,3.7254763718408414e-11,2.6343864464297942e-11,10000.0,10000.0,10000.0,10000.0,
v,1.4829200094691096e-07,4.2865415321822224e-08,6.130216069399113e-08,2.24282334079347e-07,1.6678271655860503e-09,1.1798530187242677e-09,660.559564402684,660.559564402684,668.2211600480052,1009.7942072508038,1.0043348039729911
alpha,1.9025518639709462e-05,1.3422881201731884e-05,5.403130040963992e-09,4.2310117733827536e-05,5.749686334258473e-07,4.067819951982194e-07,545.0083887260153,545.0083887260153,492.46022033538947,1016.7844241311798,1.003004012315125
tau,3.7344881446713196,1.0429108119068273,2.0240310621248154,5.774689123632424,0.04699407955449146,0.03324953138789307,492.5020518315269,492.5020518315269,467.3117709287955,1219.0268954921473,1.0025311630200617
gamma,0.6735696781717188,0.15163246051756163,0.4394349181168037,0.9791732619663207,0.009431650964117343,0.006728796439434261,258.46927433086313,254.4933432312654,264.7933303798413,449.6056996657811,1.0027403422557128
zeta,1.728395254170627,1.3944926819115615,0.004215129890871255,4.358840439229746,0.08639420088179708,0.06115844614545231,260.53333284734146,260.53333284734146,264.88175926200967,490.60738634059106,1.0045460279790284
