,mean,sd,hdi_3%,hdi_97%,mcse_mean,mcse_sd,ess_mean,ess_sd,ess_bulk,ess_tail,r_hat
p_error,0.05000000447034836,3.725476371840841e-09,0.05000000074505806,0.05000000074505806,3.7254763718408414e-11,2.6343864464297942e-11,10000.0,10000.0,10000.0,10000.0,
v,1.0908426710510841e-07,1.7511773732915066e-08,7.558881030795766e-08,1.408940376726758e-07,4.050678798593749e-10,2.8658014477614945e-10,1868.9800281600812,1867.556549801805,1875.942787429139,1915.7264652018519,1.001026634603959
alpha,3.294274838421938e-06,3.368508742972126e-06,5.423622091288413e-10,9.506087027095518e-06,8.24820754409035e-08,5.833383731750807e-08,1667.8469583314177,1667.8469583314177,1595.566392455492,1858.3320290505153,1.0014778049282471
tau,4.852693717806503,1.7352418928031645,2.21222793619429,8.358310895660566,0.060276043731324926,0.04263660808344325,828.7634114753034,828.7634114753034,820.087636883854,1258.5111107474236,1.0028178593504078
gamma,0.6822668192354797,0.17626079514709872,0.40855431708762463,0.9988830001852645,0.0070026421209193725,0.0049553952692160015,633.5597612683014,633.1770708370664,629.4163860291623,1008.6665303571347,1.001103333338643
zeta,2.6529068333827435,2.131100352528385,0.003209896812587251,6.593482615381197,0.07248708418128252,0.051273414734073736,864.3438394420824,864.3438394420824,829.237373199095,1611.2019961544293,1.0001451748972214
