,mean,sd,hdi_3%,hdi_97%,mcse_mean,mcse_sd,ess_mean,ess_sd,ess_bulk,ess_tail,r_hat
p_error,0.05000000447034836,3.725476371840841e-09,0.05000000074505806,0.05000000074505806,3.7254763718408414e-11,2.6343864464297942e-11,10000.0,10000.0,10000.0,10000.0,
v,9.260750819659999e-08,4.327224724001054e-08,8.443122225573715e-09,1.701751724326044e-07,2.098420300324019e-09,1.484826140087648e-09,425.23983564713365,425.23983564713365,405.9823184652975,495.01500390673385,1.003387420829537
alpha,3.555523237966508e-05,1.8424868849272546e-05,2.690380477820241e-06,6.879490241519641e-05,9.021904807781181e-07,6.383916654713891e-07,417.07324351624254,417.07324351624254,418.2210625235728,716.4140786220992,1.0032615164230794
tau,6.055149955871562,1.812793911508279,3.3080509610191315,9.660457059115657,0.05675911747218915,0.04073563342815986,1020.0597222527912,990.7719737543712,1020.6044534449949,1545.587720161873,1.0025307405183483
gamma,0.8526085079181759,0.10375901209111679,0.6636923476574328,0.9999742330214428,0.002879897216851471,0.002036852589640185,1298.0687057823955,1298.0687057823955,1271.6189209892743,1570.6339741362328,1.00083154618415
zeta,1.0298620785086852,0.8608937764312894,0.0006456613720481601,2.5610481203034907,0.02711173018329575,0.01917643654494893,1008.2881635747414,1008.2881635747414,836.4834176824326,1342.8808806753702,1.0007037364043956
