,mean,sd,hdi_3%,hdi_97%,mcse_mean,mcse_sd,ess_mean,ess_sd,ess_bulk,ess_tail,r_hat
p_error,0.05000000447034836,3.725476371840841e-09,0.05000000074505806,0.05000000074505806,3.7254763718408414e-11,2.6343864464297942e-11,10000.0,10000.0,10000.0,10000.0,
v,8.419350602467403e-08,4.308303925812051e-08,6.320788294490134e-09,1.5997265080443397e-07,1.777900847692232e-09,1.2577907018655374e-09,587.2156091371036,587.2156091371036,560.9637184673161,676.9500019884886,1.0043639677735445
alpha,4.376996449588885e-05,1.6523844041554535e-05,1.3502293768226774e-05,7.325423519877766e-05,6.798875366821722e-07,4.809906767275807e-07,590.6742174018672,590.6742174018672,584.5674865329994,888.5633015760292,1.0018291115279283
tau,5.841551033662606,2.0042993127870528,2.8442698067108734,9.626917127936363,0.05228021279497654,0.037264765241481514,1469.7736662436032,1447.01655236753,1479.4542224583827,1747.4478873672203,1.0010316099054757
gamma,0.912541998185085,0.06522299964811629,0.7931379984551371,0.999794292514812,0.0018471315836081316,0.001310240637279627,1246.826052507909,1239.5779544242741,1249.3541929221215,1934.0747555977562,1.0006265820343065
zeta,0.5923617964896646,0.47434948229539914,0.00032616816577733245,1.4886278830852473,0.013174363792360996,0.009317778647873929,1296.3956299727683,1296.3956299727683,1203.4023178966781,1656.48334481227,1.0023607282340772
