,mean,sd,hdi_3%,hdi_97%,mcse_mean,mcse_sd,ess_mean,ess_sd,ess_bulk,ess_tail,r_hat
p_error,0.05000000447034836,3.725476371840841e-09,0.05000000074505806,0.05000000074505806,3.7254763718408414e-11,2.6343864464297942e-11,10000.0,10000.0,10000.0,10000.0,
v,3.627770675249536e-08,8.331746523029307e-09,1.9455527622225887e-08,5.097384263551313e-08,2.726450292791453e-10,1.9284939443218053e-10,933.8495832608446,933.8495832608446,924.9667587185735,1095.002689887542,1.0044569883097743
alpha,7.070323735677905e-06,6.556027319449194e-06,1.1861205059929868e-09,1.9290046489246484e-05,2.5314550441057086e-07,1.790788001888773e-07,670.7197131478429,670.7197131478429,700.9689962058858,1109.0790136814924,1.0037979224795799
tau,4.6566894387696705,1.5385917707529857,2.152341012045736,7.5051563012657585,0.10054388020550512,0.07118399861051443,234.1723031460188,234.1723031460188,233.25374159378092,757.5783439755742,1.011979261744824
gamma,0.5631291361807962,0.18701759799099613,0.2422359901810048,0.8892637814290622,0.012984796909883484,0.009194578554444364,207.44101400494267,207.44101400494267,212.55322539849413,591.2771088298028,1.0117795796025155
zeta,4.154579658489914,2.7903831999384026,0.00326684302148164,8.871615475014528,0.18825560905597535,0.13329393952755184,219.70090574534174,219.70090574534174,226.65356199766535,976.3597869896407,1.012321879794743
