,mean,sd,hdi_3%,hdi_97%,mcse_mean,mcse_sd,ess_mean,ess_sd,ess_bulk,ess_tail,r_hat
p_error,0.05000000447034836,3.725476371840841e-09,0.05000000074505806,0.05000000074505806,3.7254763718408414e-11,2.6343864464297942e-11,10000.0,10000.0,10000.0,10000.0,
v,5.2328424774936586e-08,8.033969933268463e-09,3.629049627759517e-08,6.690321898807432e-08,1.9551292583155573e-10,1.3827240289546994e-10,1688.5326171980998,1688.5326171980998,1656.6319974177243,1580.2735754864482,1.0019007437756833
alpha,2.2549932380976835e-06,2.36812225326499e-06,6.152465503841759e-10,6.713317176484771e-06,6.815233863979062e-08,4.8202627014190755e-08,1207.387600295803,1207.387600295803,1136.5772588379075,1450.6412388601434,1.002256464317185
tau,4.446774208947979,1.364195705258011,2.378287277949969,7.023890353899888,0.058917547889024924,0.04168368350709801,536.1224936495702,536.1224936495702,549.566435683423,1230.4482826403905,1.004472627109803
gamma,0.6834265719202207,0.18399725332186492,0.38084222256653194,0.9972300438874899,0.00800733690679696,0.005665172789424739,528.0152629137607,528.0152629137607,559.2300290121256,905.6680101431463,1.005588926659814
zeta,3.3368452976347034,2.3976987232114046,0.0015987273913153541,7.758371982383121,0.08730452426975031,0.06175750910331738,754.2507030879631,754.2507030879631,662.5318310143955,1222.5067424692775,1.0020839722104438
