,mean,sd,hdi_3%,hdi_97%,mcse_mean,mcse_sd,ess_mean,ess_sd,ess_bulk,ess_tail,r_hat
p_error,0.05000000447034836,3.725476371840841e-09,0.05000000074505806,0.05000000074505806,3.7254763718408414e-11,2.6343864464297942e-11,10000.0,10000.0,10000.0,10000.0,
v,4.5009075788218226e-08,7.4489860265684315e-09,3.117172831271093e-08,5.845843029525775e-08,1.767823837992791e-10,1.2535641070994004e-10,1775.4823019321404,1766.0975991940466,1786.191790458921,1768.9274869432124,1.0018498352082965
alpha,3.019964714234515e-06,3.394574409608331e-06,3.009678053798797e-10,9.02987299812266e-06,9.763188858590057e-08,6.905283354170484e-08,1208.891391856062,1208.891391856062,1190.1344326969943,1757.2866188911044,1.0009899117500978
tau,4.861306628042014,1.7565325684556896,1.847581846603914,8.09434972102443,0.09921150004099831,0.07021850292969552,313.4645124106062,313.4645124106062,304.8620182129273,619.1074527438888,1.0027777366673452
gamma,0.3507992182538992,0.14871629973275982,0.13037987937469744,0.6378398787375433,0.008600133904025004,0.006087154460292796,299.0244605582254,299.0244605582254,296.259065324841,693.3996612177962,1.002348926673702
zeta,3.850693579086166,2.7502214939358094,0.0006914033075505137,8.753570973614767,0.1520379146582537,0.10760301422080419,327.213742701339,327.213742701339,333.1567120919442,982.6744483088833,1.0011967320278639
