,mean,sd,hdi_3%,hdi_97%,mcse_mean,mcse_sd,ess_mean,ess_sd,ess_bulk,ess_tail,r_hat
p_error,0.05000000447034836,3.725476371840841e-09,0.05000000074505806,0.05000000074505806,3.7254763718408414e-11,2.6343864464297942e-11,10000.0,10000.0,10000.0,10000.0,
v,6.728922542756632e-08,1.515325497134714e-08,4.007725505473994e-08,9.597903139464775e-08,3.9849159361501827e-10,2.818329628414932e-10,1446.0174479934578,1446.0174479934578,1406.911145714534,1607.04051783866,1.001129769303613
alpha,5.556883352895328e-06,5.866413709788043e-06,1.8542989669860575e-09,1.6297514868709597e-05,1.984269891416056e-07,1.4035591593698665e-07,874.0653188592186,874.0653188592186,894.239383913082,1377.0965259908733,1.0032333390793964
tau,3.4152941869614106,1.5373913395903278,1.2574248408142625,6.474201139128776,0.05249590341430765,0.03713284009248889,857.6656813622454,857.6656813622454,843.8031672950171,1365.610430698991,1.0019017699182016
gamma,0.595233299199137,0.20113683420477063,0.2833775700809321,0.9879969433240249,0.006619340116971355,0.004734999589033667,923.3233680513156,902.8052071176194,920.981389009807,1546.9382819173977,1.0004772564823483
zeta,3.4577822804803233,2.561798403096193,0.0004884315952720215,8.257326961880691,0.09607751805338859,0.06796495469395834,710.961936622416,710.961936622416,728.343394752931,1257.6405204335529,1.0015365587631204
