,mean,sd,hdi_3%,hdi_97%,mcse_mean,mcse_sd,ess_mean,ess_sd,ess_bulk,ess_tail,r_hat
p_error,0.05000000447034836,3.725476371840841e-09,0.05000000074505806,0.05000000074505806,3.7254763718408414e-11,2.6343864464297942e-11,10000.0,10000.0,10000.0,10000.0,
v,1.2464301584276274e-08,2.5335525941149977e-09,8.038427550118441e-09,1.743494842279735e-08,6.876813640166833e-11,4.863686838364961e-11,1357.3296561197906,1357.3296561197906,1346.954038558119,1508.436189430934,1.0025370566272285
alpha,2.913911922073009e-06,2.8803035937017867e-06,4.363914759475928e-09,8.126887008946392e-06,1.0543958340802664e-07,7.458620498547268e-08,746.2239263914903,746.2239263914903,911.1623755133837,864.8005092592143,1.0004402154327539
tau,2.8422994946238567,0.9330186578057572,1.3701372463921802,4.584391642599662,0.06614490187861863,0.04684024193527057,198.9701392851399,198.9701392851399,197.67736858602493,619.677424712535,1.0039956865746027
gamma,0.47400358581004837,0.16438265364022928,0.18089029311875937,0.7874749261512941,0.01109585366783938,0.007856403630516363,219.4777669019307,219.4777669019307,212.73074178220762,530.3162537689977,1.003669448394081
zeta,5.1785810858171955,2.7638126674705745,0.729453203470668,9.991424319811127,0.1766375739620554,0.1250507295072634,244.82232813028057,244.82232813028057,251.88263825376936,642.1207164958357,1.0036609001536765
