,mean,sd,hdi_3%,hdi_97%,mcse_mean,mcse_sd,ess_mean,ess_sd,ess_bulk,ess_tail,r_hat
p_error,0.05000000447034836,3.725476371840841e-09,0.05000000074505806,0.05000000074505806,3.7254763718408414e-11,2.6343864464297942e-11,10000.0,10000.0,10000.0,10000.0,
v,4.25260041621629e-08,7.762713197083263e-09,2.8136480077109888e-08,5.710705594396904e-08,2.0859292372147232e-10,1.475285450405342e-10,1384.930370269011,1384.930370269011,1365.0800347452598,1672.8605984982885,1.0043919900344833
alpha,6.423983245907938e-06,6.78458007241678e-06,3.4015868397758618e-09,1.8479128335798477e-05,2.458389624345856e-07,1.7390101080482376e-07,761.6308312776213,761.6308312776213,877.8694291818618,875.2316113602543,1.000760798055743
tau,5.955738819606494,1.9258202452620587,2.885899202703637,9.610588734115407,0.06598901029523076,0.04667726519922996,851.7031748779649,851.7031748779649,839.1120734244969,1300.5029304251916,1.0039137872103168
gamma,0.3182995713448545,0.1383135786410657,0.08133633538508706,0.5682291785145188,0.005904694096017275,0.004177470642495054,548.69983566603,548.69983566603,535.8302245982327,1082.791859112361,1.0067623602731677
zeta,5.175400503584236,2.828224195883154,0.7839406816017727,9.999686338809699,0.12291910240611269,0.08696486116268859,529.4060576297741,529.4060576297741,526.0039588215388,1154.4377795904093,1.0074397303157296
