,mean,sd,hdi_3%,hdi_97%,mcse_mean,mcse_sd,ess_mean,ess_sd,ess_bulk,ess_tail,r_hat
p_error,0.05000000447034836,3.725476371840841e-09,0.05000000074505806,0.05000000074505806,3.7254763718408414e-11,2.6343864464297942e-11,10000.0,10000.0,10000.0,10000.0,
v,1.1138243619149404e-07,5.144103989978998e-08,1.4848085148530436e-08,1.9986893993194172e-07,2.7316931947880763e-09,1.9331897352857e-09,354.61380404806823,354.61380404806823,346.3283030870416,716.825981705491,1.007645832940722
alpha,3.566242884319156e-05,2.0065580340418525e-05,4.537133975678495e-08,6.905326259770032e-05,1.0884232486612702e-06,7.702929107321354e-07,339.8660863816843,339.8660863816843,340.82293348766035,539.8792545410068,1.006194140820365
tau,1.7454954502864028,0.40377525544129117,0.971930701480294,2.4496626750726964,0.011274835008622188,0.007974326099628129,1282.5048333274126,1282.5048333274126,1258.0748423564696,1697.0273694701116,1.0010236960674361
gamma,0.8547397545464274,0.10820055666763403,0.6583163412547993,0.9998945142691666,0.0033044022011887927,0.0023617625996245825,1072.193536069319,1050.0207063800378,1032.923043178427,1535.52037027722,1.0033789152153056
zeta,1.071777508118328,0.9150530806143083,0.0007310795856094103,2.710710821011575,0.025654915034524557,0.01814492503645041,1272.1883480525364,1272.1883480525364,1167.6077384047503,1464.2883808388856,1.0037340147838076
