,mean,sd,hdi_3%,hdi_97%,mcse_mean,mcse_sd,ess_mean,ess_sd,ess_bulk,ess_tail,r_hat
p_error,0.05000000447034836,3.725476371840841e-09,0.05000000074505806,0.05000000074505806,3.7254763718408414e-11,2.6343864464297942e-11,10000.0,10000.0,10000.0,10000.0,
v,4.816931788876582e-08,3.3908312217790265e-08,9.024501796446827e-11,1.0617527406915265e-07,1.383304819303267e-09,9.78619413938779e-10,600.8645287362193,600.8645287362193,640.1929516598711,688.8563805034278,1.002502359983262
alpha,5.7750250635108467e-05,2.5180000445382452e-05,1.4879081116972058e-05,0.00010535292292312505,1.560843578948427e-06,1.104922357803893e-06,260.2511772251565,260.2511772251565,266.970033896018,654.8622346063687,1.00186340263701
tau,2.164754241836859,0.718595485037574,0.8908749869007792,3.428019075682593,0.04203617102518869,0.029753779056150852,292.2285665569492,292.2285665569492,276.74451428954035,870.9241246192584,1.0044495973714656
gamma,0.5816384056434484,0.18715563745390926,0.30613506926034995,0.9614206279068925,0.011930094204799388,0.008445868394857557,246.10366460726888,246.10366460726888,248.14905122662003,776.837497438357,1.0042073024093705
zeta,2.7335575584503973,2.35768637603271,0.0015616923723090073,7.30688567518441,0.15377657616626783,0.10887166391673697,235.0670156156213,235.0670156156213,241.01371048907671,700.1376974927206,1.0067559782795819
