,mean,sd,hdi_3%,hdi_97%,mcse_mean,mcse_sd,ess_mean,ess_sd,ess_bulk,ess_tail,r_hat
p_error,0.05000000447034836,3.725476371840841e-09,0.05000000074505806,0.05000000074505806,3.7254763718408414e-11,2.6343864464297942e-11,10000.0,10000.0,10000.0,10000.0,
v,5.600928814744116e-08,1.337759169306532e-08,3.183337943482417e-08,8.07277639817944e-08,3.5495557547074256e-10,2.510430517277745e-10,1420.390857701062,1420.390857701062,1396.45718982551,1730.2552341866879,1.0014265537753242
alpha,5.084715775572208e-06,5.032170704843235e-06,1.9142293365005573e-09,1.325970586803464e-05,1.4174939203630812e-07,1.0177032322900128e-07,1260.2837034835031,1223.0539717611744,1293.786952279934,1479.3655500449088,1.003585245815351
tau,2.119451121056213,0.623232890388059,1.0616781852417818,3.2435388267267196,0.032226614297464505,0.022805452291930668,373.99979724365664,373.99979724365664,374.8589498059661,756.2788990038886,1.0014922535197002
gamma,0.6968167783990207,0.18178838429765476,0.4017230453756144,0.9996354166936047,0.010272479758593678,0.007270515816881998,313.17109520645374,313.17109520645374,320.2379650069751,669.1219923643014,1.0011880654579106
zeta,3.2679079276601497,2.40301663749357,0.0023393761755595294,7.652232258577893,0.11727971882125648,0.08298696664174061,419.82444568061544,419.82444568061544,394.6904510841218,1326.046848863235,1.0021185743866379
