,mean,sd,hdi_3%,hdi_97%,mcse_mean,mcse_sd,ess_mean,ess_sd,ess_bulk,ess_tail,r_hat
p_error,0.05000000447034836,3.725476371840841e-09,0.05000000074505806,0.05000000074505806,3.7254763718408414e-11,2.6343864464297942e-11,10000.0,10000.0,10000.0,10000.0,
v,1.0527382380976086e-07,1.9022637121771956e-08,6.984799783369241e-08,1.4167266305291224e-07,5.495175279902953e-10,3.886621843560576e-10,1198.3352848778645,1198.3352848778645,1197.2344182011254,1531.5214187270735,1.0026596813534245
alpha,8.550767367978315e-06,9.032163915923047e-06,1.5381821582781587e-09,2.5374566671464396e-05,3.6922968941269585e-07,2.612121789304861e-07,598.3983553174045,598.3983553174045,646.0652200215742,1008.5850201821113,1.0015031826440288
tau,4.204252944377184,1.5061489675995856,1.8854595258106168,7.046266327029764,0.10965258355912541,0.07765626722860718,188.66794519412153,188.66794519412153,167.8097519547551,750.2444226148896,1.0065233255468717
gamma,0.45146520433840115,0.1740395126733762,0.17373327128237073,0.768842716917723,0.014769855332300416,0.010465882125902215,138.84915276529287,138.84915276529287,147.18960190554174,596.3770083500181,1.0047140176474716
zeta,4.063701026321951,2.8506506570883148,0.0015965846376253382,9.002092865071923,0.23268600964339792,0.16485465663883492,150.08851237919475,150.08851237919475,163.4932853117618,787.0437979831331,1.0053874645536178
