,mean,sd,hdi_3%,hdi_97%,mcse_mean,mcse_sd,ess_mean,ess_sd,ess_bulk,ess_tail,r_hat
p_error,0.05000000447034836,3.725476371840841e-09,0.05000000074505806,0.05000000074505806,3.7254763718408414e-11,2.6343864464297942e-11,10000.0,10000.0,10000.0,10000.0,
v,1.1937180226700936e-07,4.0905462233022526e-08,4.863446420318779e-08,2.0670854560382527e-07,1.9605619259308825e-09,1.3872565560848584e-09,435.31284304203444,435.31284304203444,430.8366097789675,777.9473017780768,1.0055470817783958
alpha,2.6658181203020153e-05,1.5441686925336037e-05,1.6143584567018283e-08,5.291197525574205e-05,8.19353068346848e-07,5.798465460850885e-07,355.1790303454531,355.1790303454531,359.6131054068293,728.055368885882,1.006167840526117
tau,3.7526222882182227,0.8845524474901322,2.1990508538714497,5.43524326632266,0.039423716328583616,0.027892944041534324,503.42184220111614,503.42184220111614,480.0442441186086,1009.3128429063659,1.001135251734911
gamma,0.7389920886162127,0.1429080805583039,0.5072692874792,0.997715520583949,0.006499937238995325,0.004768200677292627,483.3873107528319,449.7159560437811,486.5464460933904,1350.5782180345805,1.0008717592872274
zeta,1.8713112979145266,1.5313641976960148,0.002597815220063307,4.59453900463131,0.07355884093379517,0.05204899958222422,433.3983203025189,433.3983203025189,432.8990969764023,996.3180669956868,1.0018806912487896
