,mean,sd,hdi_3%,hdi_97%,mcse_mean,mcse_sd,ess_mean,ess_sd,ess_bulk,ess_tail,r_hat
p_error,0.05000000447034836,3.725476371840841e-09,0.05000000074505806,0.05000000074505806,3.7254763718408414e-11,2.6343864464297942e-11,10000.0,10000.0,10000.0,10000.0,
v,7.364017150389107e-09,2.052301248530582e-09,3.707599871647462e-09,1.1324647588547553e-08,8.278176683214497e-11,5.8563348702948e-11,614.6287002070653,614.6287002070653,626.2457662108667,821.2746309415247,1.0021624677069922
alpha,3.7764422019684226e-06,2.8907008399969064e-06,1.0250098729857791e-09,9.131245342175664e-06,1.2843609151828838e-07,9.087037360552577e-08,506.5614489666079,506.5614489666079,523.2694023959556,796.2607027648269,1.0014578635664197
tau,3.1877775646984263,0.6405764356853021,2.2016015088736056,4.5410835178380475,0.02902427334819796,0.020535561985045456,487.1012074660215,487.1012074660215,485.0801910524699,867.1036109182598,1.0009483679749884
gamma,0.8148771621212314,0.12742250709147931,0.5947429871806535,0.9999808875714121,0.005888971987248353,0.004166728951169048,468.18049296204345,468.18049296204345,477.2496367097892,996.6330841974788,1.00117410459689
zeta,1.9818787872649253,1.6802181058125865,0.004715661596841907,5.048022179935277,0.06432699446811282,0.04550551373129852,682.2519720690187,682.2519720690187,640.4899775222726,1226.2150798749667,1.0018297739465465
