,mean,sd,hdi_3%,hdi_97%,mcse_mean,mcse_sd,ess_mean,ess_sd,ess_bulk,ess_tail,r_hat
p_error,0.05000000447034836,3.725476371840841e-09,0.05000000074505806,0.05000000074505806,3.7254763718408414e-11,2.6343864464297942e-11,10000.0,10000.0,10000.0,10000.0,
v,1.798075220160884e-08,2.8500180642846166e-09,1.312515171988362e-08,2.3625415183288938e-08,7.025107662991878e-11,4.968381843147674e-11,1645.846228580983,1645.846228580983,1636.203331595213,1596.3991412297473,1.0012752150467523
alpha,1.2962358013551973e-06,1.3026394129530381e-06,3.678373224338628e-10,3.5493163553659722e-06,3.2865278672231525e-08,2.324357732739846e-08,1570.991336549379,1570.991336549379,1395.1673593625346,1602.8025924595263,1.0015035446985778
tau,2.9761030707070777,0.586573895663883,1.9683199132260023,4.0730031130819615,0.0200758548154424,0.0142006259792802,853.6844498959105,853.6844498959105,867.6522492295138,1464.026799200712,1.0013188180914179
gamma,0.83535583726979,0.11626204776682929,0.623535131304998,0.9993715727925154,0.003975962941222858,0.0028123899247670323,855.0495456077963,855.0495456077963,860.2513851622879,952.1250659550125,1.0003872147029047
zeta,1.4996241406271469,1.3148557077967422,0.0016004590675300881,3.91590089010207,0.03764765988127461,0.026627283650091798,1219.7763799788147,1219.7763799788147,1150.1489765246627,1719.2685989674928,1.0014074257840229
