,mean,sd,hdi_3%,hdi_97%,mcse_mean,mcse_sd,ess_mean,ess_sd,ess_bulk,ess_tail,r_hat
p_error,0.05000000447034836,3.725476371840841e-09,0.05000000074505806,0.05000000074505806,3.7254763718408414e-11,2.6343864464297942e-11,10000.0,10000.0,10000.0,10000.0,
v,4.9166415339303804e-08,8.336069416190375e-09,3.340055901095261e-08,6.413992806554195e-08,2.1053721796968126e-10,1.4890000050181142e-10,1567.7069551120635,1567.7069551120635,1550.3330331643876,1516.6096864293036,1.0011636632110852
alpha,2.910300038789418e-06,2.91829513227591e-06,5.616434488666417e-09,8.228277063704043e-06,8.084752780321898e-08,5.7180637190930856e-08,1302.9415471565812,1302.9415471565812,1290.8890374928117,1855.6075171439604,1.001659272810694
tau,2.936907633876705,0.7975824332297656,1.5616578933835512,4.325158506278844,0.0379876128667947,0.026879091147656,440.82595114887664,440.82595114887664,423.00058192184616,1155.2154084764186,1.0037459866071552
gamma,0.747371554810797,0.1530942823218655,0.505493989018094,0.999831772013514,0.008375809595067245,0.005955015300353149,334.09067215306584,331.0459379359478,342.2312307999529,1171.0854479045358,1.0082355996483698
zeta,2.7452030647291745,1.8190923193305082,0.007144066865934278,5.840208943168594,0.10481278972107111,0.07418571677193514,301.2179992235617,301.2179992235617,298.63573789386686,834.322979204676,1.0066895401761433
