,mean,sd,hdi_3%,hdi_97%,mcse_mean,mcse_sd,ess_mean,ess_sd,ess_bulk,ess_tail,r_hat
p_error,0.05000000447034836,3.725476371840841e-09,0.05000000074505806,0.05000000074505806,3.7254763718408414e-11,2.6343864464297942e-11,10000.0,10000.0,10000.0,10000.0,
v,1.7690314503509464e-08,2.7523886032256857e-09,1.278238456361663e-08,2.2921728579170925e-08,6.450946701430446e-11,4.562239197588547e-11,1820.4241755595633,1820.4241755595633,1817.0563359591026,1841.049767611379,1.0009739163411642
alpha,3.6001856706718426e-06,3.573560514348437e-06,8.047645035886744e-10,9.841672929186703e-06,9.443172574454689e-08,6.678691787318741e-08,1432.077193925189,1432.077193925189,1276.6818426196369,1377.6387878758471,1.0008451067952566
tau,7.1371104941958965,1.557250682363015,4.369499309301496,9.826147581280809,0.10351163291189343,0.07328830925355434,226.32823690722577,226.32823690722577,245.33923533270752,270.81150722727926,1.0131073837782933
gamma,0.06690837493795156,0.04839798445253174,2.3283969412228026e-05,0.1585721253894698,0.002974929107201132,0.0021059150882296617,264.66792321264643,264.66792321264643,297.661083283821,401.38453304523097,1.0062810851715587
zeta,1.901223466123002,1.8637773587605249,0.0018864708480803498,5.55812926332358,0.1318601942982474,0.09337569813535639,199.78397071943473,199.78397071943473,259.20133473127265,285.32036086858966,1.0093157211994517
