,mean,sd,hdi_3%,hdi_97%,mcse_mean,mcse_sd,ess_mean,ess_sd,ess_bulk,ess_tail,r_hat
p_error,0.05000000447034836,3.725476371840841e-09,0.05000000074505806,0.05000000074505806,3.7254763718408414e-11,2.6343864464297942e-11,10000.0,10000.0,10000.0,10000.0,
v,3.92988874414017e-08,6.142165375692418e-09,2.877703649378121e-08,5.157914497905385e-08,1.673090522959261e-10,1.1833097765661616e-10,1347.7338383108797,1347.7338383108797,1350.8785986329588,1899.8085733962027,1.0026509897594014
alpha,3.967727710077561e-06,4.3404201510293284e-06,8.599720786614722e-10,1.159692399567791e-05,1.2966817901417407e-07,9.17131268600033e-08,1120.4609323207542,1120.4609323207542,1055.4140262661313,1457.121724409711,1.001311338202592
tau,3.83199130241749,1.2670346525652003,1.81667072154672,6.199263428881156,0.07529128614963354,0.05329390678909897,283.1962860280421,283.1962860280421,271.8094112203419,558.9659440005822,1.007873091779899
gamma,0.42199185957272484,0.17541161608845593,0.13055512001201539,0.7636161999135052,0.010306191795907325,0.007294928250454989,289.68116534825873,289.68116534825873,294.96639865769424,674.3610122690042,1.0091580412993153
zeta,4.2482644348119685,2.808767434727505,0.014791474304909296,9.100321704909215,0.15506547931291717,0.10974547316794292,328.09628323449004,328.09628323449004,343.0750765679888,790.7792814358907,1.0101471533359503
