,mean,sd,hdi_3%,hdi_97%,mcse_mean,mcse_sd,ess_mean,ess_sd,ess_bulk,ess_tail,r_hat
p_error,0.05000000447034836,3.725476371840841e-09,0.05000000074505806,0.05000000074505806,3.7254763718408414e-11,2.6343864464297942e-11,10000.0,10000.0,10000.0,10000.0,
v,1.003556064971853e-08,4.913211635988972e-09,7.939591627961504e-12,1.7938629326022168e-08,2.0127064186826178e-10,1.4238955366870907e-10,595.8954649428898,595.8954649428898,539.3171869981896,751.6708337816284,1.0027501360481894
alpha,3.984062489951472e-05,1.637043409234181e-05,1.3051937668919908e-05,7.033029380509633e-05,1.0565554161129652e-06,7.48007053876611e-07,240.06885995862874,240.06885995862874,213.61546741560858,400.2099560517669,1.0049998362753085
tau,6.048120964258441,1.644884993128772,2.9010565439146445,8.927156858224043,0.10269092916743144,0.07269615884029286,256.57061186247734,256.57061186247734,252.17601629178108,292.26813576001496,1.0039650192350251
gamma,0.34948833459752543,0.14088066114491973,0.1465038725112483,0.6266157197474151,0.010997634761535422,0.007797487472828043,164.09833606551453,163.79979589318103,216.20395020226846,243.03905970182487,1.0106961945489201
zeta,1.9686069686293748,2.008904976648922,0.0006944243164393128,6.0004686901684074,0.15441674178619644,0.10937784361004114,169.25052332151657,169.25052332151657,219.62164543689266,272.4825806704271,1.0038390707548699
