,mean,sd,hdi_3%,hdi_97%,mcse_mean,mcse_sd,ess_mean,ess_sd,ess_bulk,ess_tail,r_hat
p_error,0.05000000447034836,3.725476371840841e-09,0.05000000074505806,0.05000000074505806,3.7254763718408414e-11,2.6343864464297942e-11,10000.0,10000.0,10000.0,10000.0,
v,1.191723402052906e-08,4.288189272028008e-09,3.523992478802545e-09,1.9718483146389336e-08,1.4047501556118995e-10,9.936194271301385e-11,931.857949033657,931.857949033657,916.1678672301117,1435.4309579099875,1.0023018576817226
alpha,4.430521586921298e-05,1.711854399699016e-05,1.4028670286146225e-05,7.57675906585906e-05,8.471682985095104e-07,5.994668751940514e-07,408.3139849706564,408.3139849706564,385.11815652144116,603.3547118037851,1.0052808299010503
tau,7.525967922905351,1.5987857017248857,4.659114655761401,9.985025605719738,0.10849408736110733,0.07682018225031673,217.1542679295396,217.1542679295396,246.97817763446145,199.36772243489412,1.0042725180546723
gamma,0.15906349599757938,0.06415228081230279,0.07227428900809366,0.2790681666818521,0.004773448732910148,0.0034129700544453965,180.61743807476336,177.23987935724804,240.45885679288398,233.378980911788,1.0052279363202057
zeta,1.275375902301955,1.4083382008307477,0.00026898580351713967,3.998730707392131,0.0990741997490221,0.07015740854098244,202.06578061872384,202.06578061872384,275.85482571977303,294.1999644736707,1.0061078754843478
