,mean,sd,hdi_3%,hdi_97%,mcse_mean,mcse_sd,ess_mean,ess_sd,ess_bulk,ess_tail,r_hat
p_error,0.05000000447034836,3.725476371840841e-09,0.05000000074505806,0.05000000074505806,3.7254763718408414e-11,2.6343864464297942e-11,10000.0,10000.0,10000.0,10000.0,
v,4.2341229036411866e-09,3.166833930363587e-09,1.340162085314575e-11,1.0174952510346843e-08,1.136311212988553e-10,8.037952837384417e-11,776.704809440463,776.704809440463,754.5914869015676,1043.096161307344,1.0035228993414933
alpha,6.475845776264691e-05,2.469891506373357e-05,2.270985183940122e-05,0.00011123028583478148,1.983032358355355e-06,1.4048604717736703e-06,155.13012823104543,155.13012823104543,144.84997462840556,249.35324051512993,1.0034821234654836
tau,6.134870304721753,1.9259170316880954,3.267325307450913,9.964198143042623,0.17354977144525616,0.12301004801926958,123.14791280629346,123.14791280629346,119.79637172123086,236.17383283662699,1.0116307123667299
gamma,0.3339696007561563,0.15999628971259658,0.1023486969843897,0.6211705330172064,0.015057787982571822,0.010675092240693147,112.9009164840133,112.9009164840133,111.16757970056774,200.7439955543474,1.0113670018037155
zeta,1.6134766158643803,1.8033192096032846,0.00013499433542262242,5.163208782388285,0.12241949500106405,0.08668027551075007,216.99216387151262,216.99216387151262,261.61751946035884,343.458178132294,1.0018414474161743
