,mean,sd,hdi_3%,hdi_97%,mcse_mean,mcse_sd,ess_mean,ess_sd,ess_bulk,ess_tail,r_hat
p_error,0.05000000447034836,3.725476371840841e-09,0.05000000074505806,0.05000000074505806,3.7254763718408414e-11,2.6343864464297942e-11,10000.0,10000.0,10000.0,10000.0,
v,1.6909150069835545e-07,3.712633403969919e-08,1.0442663082867725e-07,2.411621210452126e-07,9.042638770587747e-10,6.395217872671677e-10,1685.6747099576326,1685.6747099576326,1642.9197224431275,1708.1916857299984,1.0009294844738865
alpha,6.200103578261492e-06,6.493671276804461e-06,4.216954296890832e-09,1.765621308750165e-05,1.7419094837745215e-07,1.2319746050335392e-07,1389.726799610508,1389.726799610508,1347.3303021081656,1895.40944060893,1.0008693512513458
tau,1.9994503299592772,0.7064703629248889,0.909293070744608,3.3243120243215794,0.037182365244142916,0.02631317387596342,361.0055425647147,361.0055425647147,388.76981251978367,689.4354258133768,1.0042224768897583
gamma,0.6105632306614404,0.19982741510293206,0.2772809706015136,0.9719644791552946,0.010014648184468903,0.007086619755301798,398.1426904602172,398.1426904602172,398.5701483099875,843.1962105173133,1.002843010652219
zeta,3.371969595468199,2.565285247364921,0.0016458016617879822,8.043342739629232,0.09881770699826066,0.06990493464393475,673.9098170012122,673.9098170012122,622.5422876135323,1384.0451100092732,1.0019084356682075
