,mean,sd,hdi_3%,hdi_97%,mcse_mean,mcse_sd,ess_mean,ess_sd,ess_bulk,ess_tail,r_hat
p_error,0.05000000447034836,3.725476371840841e-09,0.05000000074505806,0.05000000074505806,3.7254763718408414e-11,2.6343864464297942e-11,10000.0,10000.0,10000.0,10000.0,
v,7.092497759984124e-08,1.0837348581849177e-08,5.0855984238369144e-08,9.141754841334416e-08,2.5610215632791363e-10,1.8112107578026143e-10,1790.6867286219144,1790.6867286219144,1798.9696927003674,2137.1428140082444,1.000634802235021
alpha,2.6491850177797342e-06,2.8783324971731074e-06,1.2323947934514553e-10,7.632374055696579e-06,8.465058893597466e-08,5.987211206146414e-08,1156.1706865987412,1156.1706865987412,1132.5225228807717,1771.3035651527327,1.0012478710001826
tau,4.932915632483214,1.5060813024214015,2.5322697448790557,7.723178597671321,0.0941728952218345,0.06666637760412715,255.7672823677701,255.7672823677701,256.44026784043837,1051.9729271681617,1.020368361590372
gamma,0.4592100466926554,0.16348831598464106,0.190077724660117,0.7682548657341364,0.01100501565832889,0.007792028619150606,220.69480543185392,220.69480543185392,225.02947272351753,940.7265681982863,1.0151129945928352
zeta,4.57170420798675,2.953435714516099,0.000548899075651257,9.319157433780333,0.2095384338706205,0.1483841176798763,198.667879999308,198.667879999308,214.96303471915436,931.3464211452279,1.0194456923372164
