,mean,sd,hdi_3%,hdi_97%,mcse_mean,mcse_sd,ess_mean,ess_sd,ess_bulk,ess_tail,r_hat
p_error,0.05000000447034836,3.725476371840841e-09,0.05000000074505806,0.05000000074505806,3.7254763718408414e-11,2.6343864464297942e-11,10000.0,10000.0,10000.0,10000.0,
v,2.1699154620876573e-07,3.289489797432617e-08,1.5900781488408445e-07,2.8051073798096033e-07,8.075961082471229e-10,5.711571062654742e-10,1659.0850602677183,1659.0850602677183,1643.1195821286492,1973.294871509682,0.9998471731328477
alpha,3.0442562030070484e-06,3.154971971142804e-06,1.630715085142477e-10,8.852587378052416e-06,8.101784104633052e-08,5.7299286922282455e-08,1516.4555282980682,1516.4555282980682,1375.629349743833,1703.9610731996354,1.0021303458146793
tau,2.159365012590776,0.6220132250087771,1.119056163413922,3.2666393982835307,0.02607555444177366,0.01844766053404991,569.0260306545329,569.0260306545329,566.6320541685328,1307.4633354771147,1.001121103753722
gamma,0.6982867069223084,0.17181996902334182,0.4206664455263888,0.996297290120425,0.008042768188542802,0.00570693107528585,456.3900523595414,453.80649454772856,467.71467502648574,927.3537903553478,1.0012294973355302
zeta,3.0767688710294236,2.2598879470684268,0.0020810463364555635,7.196358279014369,0.09629888536622039,0.0681296904375261,550.7205611214262,550.7205611214262,535.278998401607,1178.144196705179,1.0018923402782876
