,mean,sd,hdi_3%,hdi_97%,mcse_mean,mcse_sd,ess_mean,ess_sd,ess_bulk,ess_tail,r_hat
p_error,0.05000000447034836,3.725476371840841e-09,0.05000000074505806,0.05000000074505806,3.7254763718408414e-11,2.6343864464297942e-11,10000.0,10000.0,10000.0,10000.0,
v,1.2682851482578784e-07,5.8994532026864645e-08,1.7918855146082624e-08,2.343115469680849e-07,3.307216450050421e-09,2.3407020956434393e-09,318.19861278079196,318.19861278079196,320.2478969907557,787.7923044127031,1.0068631670069277
alpha,3.9464871029696355e-05,2.3608016203508534e-05,3.7807361716450935e-07,8.111969676567733e-05,1.332721017318561e-06,9.432533911667835e-07,313.7910090612459,313.7910090612459,312.0244975004798,587.8926815665769,1.0044301076104742
tau,7.7850806587541825,1.5667070580327433,5.018520864435788,9.998926067261632,0.04381294997510589,0.031058484697240322,1278.7057216759517,1272.8703256082579,1230.0960581644013,1674.9570020649026,1.0010308796855019
gamma,0.6250393633909298,0.17140600800654499,0.34264501644347434,0.949521845186851,0.01197050399138935,0.008476494666847788,205.03462549678406,205.03462549678406,213.35950839539635,591.3954183627405,1.0086825296590987
zeta,2.6533059731159794,1.943986237372861,7.01415684318534e-05,6.1417072703351305,0.14230234732631641,0.10078063616204554,186.6217441492646,186.6217441492646,192.92330873925542,488.1986177503629,1.0086705775952396
