,mean,sd,hdi_3%,hdi_97%,mcse_mean,mcse_sd,ess_mean,ess_sd,ess_bulk,ess_tail,r_hat
p_error,0.05000000447034836,3.725476371840841e-09,0.05000000074505806,0.05000000074505806,3.7254763718408414e-11,2.6343864464297942e-11,10000.0,10000.0,10000.0,10000.0,
v,4.9254996142553936e-08,2.7912489263171756e-08,9.423160628649842e-10,9.735161477834957e-08,1.2796170318710151e-09,9.053811051414893e-10,475.8138880988004,475.8138880988004,459.4971248643503,819.8309472694898,1.000631569116028
alpha,3.719748583547341e-05,2.088583701681206e-05,3.437497877011155e-07,7.482273870326187e-05,1.159335723285344e-06,8.205119904002649e-07,324.5527795043399,324.5527795043399,325.68221821009524,705.6078837477803,1.0034282835332768
tau,7.401410964808606,1.6982178804771237,4.528157005277535,9.992105181811766,0.05543346450431995,0.03920956661867361,938.5183624223109,938.5183624223109,979.9623653593815,1383.2576888542505,1.0019836081991553
gamma,0.5180142071388596,0.16123418000778034,0.2571435326165141,0.83023772259887,0.009202019670988937,0.0065130022247248745,307.00674128635893,307.00674128635893,317.640504078433,852.4610325334911,1.0129841550670093
zeta,3.9135346308757866,2.646450621705147,0.0070611469426919765,8.782690920200082,0.14863820818393217,0.10519993888416218,317.005405509672,317.005405509672,323.4544278868559,1093.192650913751,1.0060743297843682
