,mean,sd,hdi_3%,hdi_97%,mcse_mean,mcse_sd,ess_mean,ess_sd,ess_bulk,ess_tail,r_hat
p_error,0.05000000447034836,3.725476371840841e-09,0.05000000074505806,0.05000000074505806,3.7254763718408414e-11,2.6343864464297942e-11,10000.0,10000.0,10000.0,10000.0,
v,9.148223838129198e-08,5.1083852901105064e-08,1.3878013020684326e-09,1.8071276726373884e-07,2.150730787067864e-09,1.5215832710839903e-09,564.1507728186116,564.1507728186116,554.4877725506561,949.1107141022264,1.0038407275665509
alpha,5.294646908550831e-05,1.8628212129082744e-05,1.8466008088388577e-05,8.798451566271295e-05,8.41402318338925e-07,5.95315674839677e-07,490.1566973010273,490.1566973010273,488.0590073012272,950.2222025705229,1.004185733591239
tau,2.791189513138747,0.6307264842544701,1.7296881001738298,3.993661053532369,0.0187489709499779,0.013292466251326072,1131.6894376693767,1126.3309039885169,1168.6849883246746,1520.2409951557695,1.0001814580586321
gamma,0.820017183355654,0.1144227091732183,0.6237425866875514,0.9989622384309603,0.003911042611428819,0.002766467677310405,855.9321851323319,855.9321851323319,875.8644227291916,1387.580781325342,1.0034054343261896
zeta,0.9396133569332212,0.8297803139917753,0.0003527751944548829,2.5302547574043137,0.024408681540917247,0.017263902016751424,1155.6800388146773,1155.6800388146773,1072.670191151281,1688.1077206604066,1.0005437676772728
