,mean,sd,hdi_3%,hdi_97%,mcse_mean,mcse_sd,ess_mean,ess_sd,ess_bulk,ess_tail,r_hat
p_error,0.05000000447034836,3.725476371840841e-09,0.05000000074505806,0.05000000074505806,3.7254763718408414e-11,2.6343864464297942e-11,10000.0,10000.0,10000.0,10000.0,
v,1.8610494184538116e-08,3.1533726981105986e-09,1.321696444219732e-08,2.4691558383661282e-08,8.41717387435303e-11,5.953078022283629e-11,1403.5180727403558,1403.5180727403558,1377.22974431655,1322.2024272769843,1.00159303922003
alpha,1.6546720847742978e-06,1.564479468483369e-06,8.150630153675044e-10,4.515005266802519e-06,4.107738463703322e-08,2.9051939603273172e-08,1450.554887818516,1450.554887818516,1432.5442648962044,1691.0865285426687,1.0040554958917685
tau,7.45369845011853,1.5422729482231836,4.893899696107506,9.990915581295015,0.04831332741742222,0.034196896736479875,1019.0337875580093,1017.5790109718745,1024.7372949689875,1825.7090925294106,1.000931533798596
gamma,0.8705747393127727,0.08378110147287773,0.7291387527222178,0.9999106885663971,0.003105911018583139,0.0022145064014090564,727.6358908240619,716.2458728788398,702.4327499104852,1341.9302924107888,1.0039300008679064
zeta,1.0130103566243598,0.7148056336215802,0.0065511304601728855,2.2572610110605402,0.029084741926604384,0.020575957391970198,604.0119127301998,604.0119127301998,580.019902717424,1007.8339982588483,1.0034661915921723
