,mean,sd,hdi_3%,hdi_97%,mcse_mean,mcse_sd,ess_mean,ess_sd,ess_bulk,ess_tail,r_hat
p_error,0.05000000447034836,3.725476371840841e-09,0.05000000074505806,0.05000000074505806,3.7254763718408414e-11,2.6343864464297942e-11,10000.0,10000.0,10000.0,10000.0,
v,9.006508242369628e-08,3.547806512448215e-08,2.635515041545638e-08,1.5961732289091401e-07,1.4860322140828154e-09,1.051321620751475e-09,569.984971388177,569.984971388177,543.6745345444693,625.0328683367859,1.0014726755534862
alpha,2.148145762299964e-05,1.2462670908244682e-05,4.547883985210211e-07,4.3093775268378814e-05,5.9019696331822e-07,4.353266071209687e-07,445.890595924467,410.3738693866711,490.0659186722183,609.4656308275744,1.0003431840021777
tau,3.1332674989232805,0.810362943372422,1.7842008840062495,4.412698016663466,0.024921862107470775,0.018746560665420575,1057.299845922587,934.8825071517831,1253.0720096454374,1401.1781590910637,1.0004996724742663
gamma,0.856689676901033,0.1013594343849205,0.6828589490507195,0.9999745420922741,0.002997440651375927,0.0021438916314126992,1143.4763084286167,1118.1996023506056,1041.5097850781262,1228.043787937204,1.0016731404849764
zeta,0.9619065504369488,0.8122830766668488,0.0003327135807826935,2.326779033334508,0.02144769481342857,0.015168895400838456,1434.34481440025,1434.34481440025,1254.4567046060333,1769.0503364489978,1.0011285941316115
