,mean,sd,hdi_3%,hdi_97%,mcse_mean,mcse_sd,ess_mean,ess_sd,ess_bulk,ess_tail,r_hat
p_error,0.05000000447034836,3.725476371840841e-09,0.05000000074505806,0.05000000074505806,3.7254763718408414e-11,2.6343864464297942e-11,10000.0,10000.0,10000.0,10000.0,
v,5.182133068332689e-08,8.444156220300286e-09,3.752989893339145e-08,6.902129971483454e-08,2.0189931056140828e-10,1.4278818316069102e-10,1749.213606077995,1749.213606077995,1736.8355795260309,1775.6132218735531,1.0024730117860337
alpha,2.0284479423498856e-06,2.2036460839688176e-06,3.9649591054122734e-11,6.016558719047949e-06,6.607892196316338e-08,4.673711326516863e-08,1112.1357302158283,1112.1357302158283,986.2731560707189,1753.8752903736352,1.0016570246746648
tau,3.66428936088404,1.080422161764459,1.936181693599559,5.602091817874557,0.0783106237799715,0.05545904439601978,190.3468092264153,190.3468092264153,198.29220524520946,703.6001407669364,1.0103313556179983
gamma,0.4540278981161275,0.1678816119777177,0.1761653789791109,0.7592848521655853,0.010989012577111686,0.007780136543050354,233.3935878780389,233.3935878780389,225.95238751447258,746.150942746861,1.0067556918803995
zeta,4.638133689669203,2.879983344647467,8.778189617247715e-05,9.278953392411495,0.21585783630447347,0.15288532986877848,178.00996440470288,178.00996440470288,182.15175873184668,669.9163866994443,1.0111656636207869
