,mean,sd,hdi_3%,hdi_97%,mcse_mean,mcse_sd,ess_mean,ess_sd,ess_bulk,ess_tail,r_hat
p_error,0.05000000447034836,3.725476371840841e-09,0.05000000074505806,0.05000000074505806,3.7254763718408414e-11,2.6343864464297942e-11,10000.0,10000.0,10000.0,10000.0,
v,7.749666485218186e-08,1.244623125735196e-08,5.511116560179315e-08,1.0140734028988096e-07,2.908951294516258e-10,2.0585016672935844e-10,1830.6395157981062,1828.4448730515255,1830.7595272313388,2090.1434629100722,1.0010125149369007
alpha,2.1229557837093567e-06,2.323020391222078e-06,1.5828928214303817e-09,6.298658559942528e-06,5.690144166892119e-08,4.0242438380664215e-08,1666.707939269861,1666.707939269861,1512.91537036246,1841.622130460882,1.0015206671198769
tau,5.426091263244348,1.922571899281672,2.532643956227538,9.216163374201173,0.1062209876550171,0.07517655328566393,327.60046544400245,327.60046544400245,331.8088394782483,973.4266056854768,1.0174191306142086
gamma,0.5352828272061051,0.21897728446054363,0.1762993286761418,0.9399700360485153,0.0081100100624361,0.0057369389107934455,729.0466948744322,729.0466948744322,728.9030563047331,1494.8621679965129,1.003249511978032
zeta,3.910599504633753,2.629558026052812,0.0018719787611511307,8.658754361344423,0.14074791922935315,0.09960709014857827,349.04510457378444,349.04510457378444,348.0279476769045,826.9328266040218,1.0103247555333532
