,Unnamed: 0,mean,sd,hdi_3%,hdi_97%,mcse_mean,mcse_sd,ess_mean,ess_sd,ess_bulk,ess_tail,r_hat
0,p_error,0.050000004470348365,3.725476371840841e-09,0.05000000074505806,0.05000000074505806,3.7254763718408414e-11,2.6343864464297942e-11,10000.0,10000.0,10000.0,10000.0,
1,v,1.0771330695389822e-08,6.9825517816440315e-09,1.5432494929677703e-11,2.3283516559339884e-08,2.3020836481541569e-10,1.628335305284794e-10,919.9964044539332,919.9964044539332,921.2285455138305,1322.5266314193584,1.0032998223126264
2,alpha,2.402695754986461e-05,7.656014808035068e-06,1.0983852038804367e-05,3.892064492858797e-05,2.522976292518452e-07,1.7845790249516915e-07,920.829428395698,920.829428395698,906.8108105323746,1412.9762426167892,1.0022416400951188
3,tau,5.29894537554933,2.0621933918485866,2.3217647177383407,9.443742350174787,0.05473472098777566,0.03977445971535341,1419.4920498871954,1344.6481609929901,1454.1585339330993,1446.2027824329405,1.0014551610425904
4,gamma,0.8649749630672957,0.11068202796011707,0.6554127792770673,0.9996012125308292,0.003180004018090141,0.0022491440057720163,1211.4315449494566,1211.4315449494566,1176.4774919469544,1433.4310305110614,1.0007312664269747
5,zeta,1.1141255146145514,0.9928036916081912,0.00033415325749316775,3.0050556073789303,0.02504488823101385,0.017712698364101758,1571.4065930427496,1571.4065930427496,1368.9510096937786,1834.234231632379,1.0035368012840222
