,Unnamed: 0,mean,sd,hdi_3%,hdi_97%,mcse_mean,mcse_sd,ess_mean,ess_sd,ess_bulk,ess_tail,r_hat
0,p_error,0.050000004470348365,3.725476371840841e-09,0.05000000074505806,0.05000000074505806,3.7254763718408414e-11,2.6343864464297942e-11,10000.0,10000.0,10000.0,10000.0,
1,v,6.94560755676667e-08,1.3605138694290122e-08,4.3476346277340335e-08,9.3959601507138e-08,3.880039294253213e-10,2.744253199626233e-10,1229.514625584717,1229.514625584717,1209.522023648948,1354.108617658675,1.0013514967479276
2,alpha,9.021939955038216e-06,9.36297503063963e-06,8.753070516588453e-10,2.552920436443343e-05,3.797292090538417e-07,2.686380190447088e-07,607.9666000708069,607.9666000708069,600.1705473660438,759.1853168915206,1.0038940673173944
3,tau,3.36873679222312,1.1140230507425075,1.4764073574256145,5.416282140456102,0.06880831663319695,0.0487090686859915,262.12381970688887,262.12381970688887,254.91403053649864,760.7609971807906,1.0039007054502769
4,gamma,0.3076879732274237,0.1574946574889166,0.051689032139627736,0.5985358678155885,0.009896966965120806,0.007006288524164918,253.2371465614881,253.2371465614881,255.68785549968067,739.3150620377097,1.0037387249243002
5,zeta,3.6026705277695865,2.7192143725331706,0.00021539398814512465,8.637237543049817,0.1740204843233248,0.1231983538790539,244.16653947980583,244.16653947980583,262.8001855381566,886.7749285875815,1.0058132402688624
