,Unnamed: 0,mean,sd,hdi_3%,hdi_97%,mcse_mean,mcse_sd,ess_mean,ess_sd,ess_bulk,ess_tail,r_hat
0,p_error,0.050000004470348365,3.725476371840841e-09,0.05000000074505806,0.05000000074505806,3.7254763718408414e-11,2.6343864464297942e-11,10000.0,10000.0,10000.0,10000.0,
1,v,1.0395320584244302e-07,1.5245043227600088e-08,7.698430366989452e-08,1.3450257253594652e-07,3.762976221058906e-10,2.6612989805953443e-10,1641.3241983270048,1641.3241983270048,1613.5720397409586,2001.208835564397,1.0033871810348114
2,alpha,2.2515736345659743e-06,2.344829752712857e-06,1.634157599986739e-10,6.552570274446229e-06,6.711718720406787e-08,4.74703637984605e-08,1220.548769461084,1220.548769461084,1235.0536604259034,1824.709100129244,1.0017563863481262
3,tau,3.354822290804793,1.079067656277099,1.6369695032618894,5.346059721429075,0.053068778856900235,0.03755179757193028,413.4463496144578,413.4463496144578,400.52372091480413,1025.4075301167304,1.0061087025672706
4,gamma,0.6407954384730908,0.18847666202005864,0.3534450691641132,0.9992810381947368,0.009983964818447964,0.007075925265556326,356.3765173531455,355.3303998429564,361.6332666085401,808.7630361483779,1.0042224787367566
5,zeta,3.809991031836737,2.7085996988708407,0.0007548963286469047,8.546434907793872,0.14434170136135666,0.10214965446638652,352.1324201931922,352.1324201931922,360.23799326308097,1283.63889925769,1.0075242253808172
