,Unnamed: 0,mean,sd,hdi_3%,hdi_97%,mcse_mean,mcse_sd,ess_mean,ess_sd,ess_bulk,ess_tail,r_hat
0,p_error,0.050000004470348365,3.725476371840841e-09,0.05000000074505806,0.05000000074505806,3.7254763718408414e-11,2.6343864464297942e-11,10000.0,10000.0,10000.0,10000.0,
1,v,1.5362270656577085e-08,4.775166090370831e-09,6.810631178599638e-09,2.4518748007692672e-08,1.8337583589517026e-10,1.331522390734787e-10,678.0984484327313,643.6412020007897,701.238013740781,1184.5334595533682,1.0060459203058076
2,alpha,2.714880498664849e-05,1.315942791477305e-05,5.837854547287768e-06,5.2856502732197245e-05,7.337194378660988e-07,5.192891404707041e-07,321.6725260543549,321.6725260543549,304.6714527470458,781.7035383601277,1.0059516477195585
3,tau,6.873607695529392,1.6719286426337743,4.097769518704536,9.996692839290622,0.1065054008514916,0.07540000699577885,246.42922623648315,246.42922623648315,253.0155154696225,348.6963540953853,1.0011893319294936
4,gamma,0.24187655265851246,0.09624806425745784,0.1008278453182013,0.4434494364781256,0.00674228649527068,0.004849850902017305,203.783774474829,197.50686950378318,245.32400072510575,300.2317051681866,1.0008867411198017
5,zeta,2.292105960990029,2.212166759068296,6.072539675178923e-05,6.6973733462752065,0.1610491316470294,0.11412557970892973,188.67699435886746,188.44586154612577,233.61554364407462,279.6476810900816,1.0010160758989533
