,Unnamed: 0,mean,sd,hdi_3%,hdi_97%,mcse_mean,mcse_sd,ess_mean,ess_sd,ess_bulk,ess_tail,r_hat
0,p_error,0.050000004470348365,3.725476371840841e-09,0.05000000074505806,0.05000000074505806,3.7254763718408414e-11,2.6343864464297942e-11,10000.0,10000.0,10000.0,10000.0,
1,v,1.5625971500271564e-07,2.5796313349538458e-08,1.0709310663709843e-07,2.0320030368258558e-07,6.51190064734326e-10,4.6054651918353617e-10,1569.2775278917834,1569.2775278917834,1549.4151415108572,1697.6466271838697,1.001002906803282
2,alpha,4.046059634006498e-06,4.144101907607088e-06,2.397739114186651e-09,1.20007739796674e-05,1.0739735244104616e-07,7.595627734714074e-08,1488.9280190574698,1488.9280190574698,1420.5493968327128,1807.4101902445889,1.0013614892323182
3,tau,2.3457506893855022,0.6316951727131306,1.36740735144292,3.5709791312486034,0.03643652047357766,0.025789553710727442,300.56701763223265,300.56701763223265,287.0334356744126,819.5764414700211,1.0029824760416006
4,gamma,0.6696669036607384,0.1751198482551391,0.406340275722424,0.9987096133037711,0.010967769353421078,0.007906250493851835,254.93773717527642,245.884638760625,274.8704763307138,1209.5443265232761,1.0016144881701547
5,zeta,2.7272715511397,2.1246454886556285,0.002055316233198616,6.618998618703131,0.1146461816555707,0.08113603812170639,343.44228197525814,343.44228197525814,366.45668639720964,1199.5330813247185,1.0023373346612263
