,Unnamed: 0,mean,sd,hdi_3%,hdi_97%,mcse_mean,mcse_sd,ess_mean,ess_sd,ess_bulk,ess_tail,r_hat
0,p_error,0.050000004470348365,3.725476371840841e-09,0.05000000074505806,0.05000000074505806,3.7254763718408414e-11,2.6343864464297942e-11,10000.0,10000.0,10000.0,10000.0,
1,v,1.2298463454473108e-07,2.7902184587776636e-08,7.000865255351832e-08,1.7397260453669634e-07,8.384887879671543e-10,5.93057344265851e-10,1107.3423138225767,1107.3423138225767,1080.3420865217226,1227.0352553462724,1.00208498273571
2,alpha,6.744647676963878e-06,6.46597084285455e-06,4.235234085931386e-09,1.8940104907980803e-05,2.1314668146429574e-07,1.5740317746286706e-07,920.259549979928,844.3269866561106,1061.6694605504667,1126.9041754174852,1.0034193672499532
3,tau,7.3522086235442705,1.6144938326846503,4.733550980731385,9.994736918376752,0.04414048642883661,0.031303308388311926,1337.8226705254356,1330.6160193307485,1323.806672822886,1579.3866920262296,1.0021587172807411
4,gamma,0.7757525592398362,0.14666135108584416,0.5202402533422195,0.9999555825707306,0.004943713535950177,0.003496892531730921,880.0853017169161,880.0853017169161,905.7946880986723,1300.9649256497771,1.0028670260784731
5,zeta,2.4837045677225884,1.7136763262955292,0.0007689432271942082,5.473303077938284,0.059395416172731925,0.04201362577047538,832.4376891767678,832.4376891767678,790.4468229620987,1113.9752762361807,1.0050341693816056
