,Unnamed: 0,mean,sd,hdi_3%,hdi_97%,mcse_mean,mcse_sd,ess_mean,ess_sd,ess_bulk,ess_tail,r_hat
0,p_error,0.050000004470348365,3.725476371840841e-09,0.05000000074505806,0.05000000074505806,3.7254763718408414e-11,2.6343864464297942e-11,10000.0,10000.0,10000.0,10000.0,
1,v,3.348308695790339e-08,5.0997233889334795e-09,2.3743438723175065e-08,4.2571432448332564e-08,1.1573236260483195e-10,8.184743411889191e-11,1941.7065816962545,1941.7065816962545,1940.6085704749405,2043.8153264619248,1.0025726229372536
2,alpha,1.7847679170578155e-06,2.0628246176797835e-06,1.020036954107561e-09,5.206561749082523e-06,6.405517650472409e-08,4.530659403727953e-08,1037.08928389548,1037.08928389548,922.4266221820477,1898.6485453715225,1.0026422414959169
3,tau,4.883378908404883,1.4632784558340766,2.5440848446085287,7.628768981944791,0.1240609333283018,0.08790890461903253,139.11817399225924,139.11817399225924,146.89079817491782,575.0355744183572,1.012980101186475
4,gamma,0.3772774459027946,0.13540475202241067,0.14053473437769584,0.6220159315611458,0.010666708178394798,0.007556195917896551,161.14134520767456,161.14134520767456,155.1651228893336,544.1861170812776,1.0045518137828906
5,zeta,4.830724640930382,2.8091034707670333,0.018235637500373467,9.224935849137177,0.24659180182314103,0.17476014043760954,129.77116538047352,129.77116538047352,131.52949756566582,508.6040161920365,1.0068995908250342
