,Unnamed: 0,mean,sd,hdi_3%,hdi_97%,mcse_mean,mcse_sd,ess_mean,ess_sd,ess_bulk,ess_tail,r_hat
0,p_error,0.050000004470348365,3.725476371840841e-09,0.05000000074505806,0.05000000074505806,3.7254763718408414e-11,2.6343864464297942e-11,10000.0,10000.0,10000.0,10000.0,
1,v,1.657987634149338e-07,2.6631858522319093e-08,1.153784010383754e-07,2.13993037601727e-07,6.481799670613187e-10,4.5841166084090796e-10,1688.152752694187,1688.152752694187,1671.1389058722336,2007.0473927773755,1.0003721551904143
2,alpha,3.349589876636341e-06,3.5237836948178878e-06,1.2930398776284465e-09,9.075589069053363e-06,8.304885001248534e-08,5.873392143643936e-08,1800.326346580721,1800.326346580721,1622.6361793422034,1846.086032582878,1.0007708013841796
3,tau,5.137614609777078,2.0029452931554217,2.130449207330213,9.193674006285145,0.06998287704265754,0.05004301110689704,819.133315322728,801.5627130973177,828.2900088964823,1204.96740828545,1.004745996966354
4,gamma,0.8688718154075415,0.09432902315338093,0.7037728022081695,0.999868324825034,0.0028655697639041,0.0020625216187232574,1083.5992653303038,1046.4195410714983,975.6815140583884,1426.1343032021118,1.001015544784757
5,zeta,1.025642321663606,0.8849886505852417,0.001065319479709441,2.628412193668726,0.02991134309820538,0.021157564540862102,875.3940158946373,875.3940158946373,814.3604999806703,1332.9013670516485,1.0019076393006074
