,Unnamed: 0,mean,sd,hdi_3%,hdi_97%,mcse_mean,mcse_sd,ess_mean,ess_sd,ess_bulk,ess_tail,r_hat
0,p_error,0.050000004470348365,3.725476371840841e-09,0.05000000074505806,0.05000000074505806,3.7254763718408414e-11,2.6343864464297942e-11,10000.0,10000.0,10000.0,10000.0,
1,v,6.571632723894229e-08,3.0998550087772314e-08,1.4018898353184665e-08,1.2514907293941465e-07,1.3148297833515189e-09,9.302133553694156e-10,555.8321911361406,555.8321911361406,550.4379712394821,1095.4124945214799,1.0022152792952372
2,alpha,2.614723133916488e-05,1.4272955655692142e-05,2.0683586485150484e-06,5.260647778424594e-05,6.078988922445568e-07,4.3007705915339404e-07,551.2709775460663,551.2709775460663,564.3863772718596,942.811014304235,1.001160249401584
3,tau,4.863651329737772,1.3551558044836072,2.5446063588514978,7.407694948946805,0.05095754632960862,0.03615977641154428,707.2312514962587,702.841860495372,714.8872270570943,1132.3981241752756,1.0038545792805602
4,gamma,0.7526642699886537,0.1447099885244259,0.5230528540408381,0.9999339056200638,0.0056552625534435855,0.004023552556968929,654.774071300046,647.350107820548,637.2385197524834,1256.5506993028778,1.0041161966630927
5,zeta,1.896051988248863,1.4667207236102038,0.0019058282844454765,4.532037381614284,0.05892735132604235,0.04168756225166303,619.5281077200071,619.5281077200071,601.9226914567131,1572.6524163543252,1.0077159086257237
