,Unnamed: 0,mean,sd,hdi_3%,hdi_97%,mcse_mean,mcse_sd,ess_mean,ess_sd,ess_bulk,ess_tail,r_hat
0,p_error,0.050000004470348365,3.725476371840841e-09,0.05000000074505806,0.05000000074505806,3.7254763718408414e-11,2.6343864464297942e-11,10000.0,10000.0,10000.0,10000.0,
1,v,1.530289481248019e-07,3.3963102152586246e-08,9.43779309355436e-08,2.2143794030181107e-07,1.103822617390883e-09,7.807610509880137e-10,946.7081713071087,946.7081713071087,933.9004339157973,1068.233274554928,1.0020859029986826
2,alpha,1.1289071860944185e-05,9.875179912575556e-06,2.1195537821275772e-08,3.0456569886605108e-05,3.828786252212713e-07,2.708548649809181e-07,665.2238164634687,665.2238164634687,728.1375450153937,904.978308197939,1.001769728902797
3,tau,5.00938164404274,1.4600945102713034,2.5624946757110467,7.8250708016048875,0.052148098255280335,0.036888001696593134,783.9439013722333,783.9439013722333,776.1191282750727,1413.9797688476422,1.0014314751134543
4,gamma,0.7242226002740279,0.15228325731870088,0.4921499830791452,0.9996489211614796,0.007470252932817869,0.005294463845959431,415.559966026272,414.2308619471666,416.0127475027975,873.7715270098382,1.0027903325516978
5,zeta,2.55023162148865,1.7168903955784005,0.0016523317789599082,5.5763393869187485,0.08276474338343671,0.05856322356679896,430.3228391521422,430.3228391521422,420.50697158619226,903.9139772359314,1.0056855342263888
