,Unnamed: 0,mean,sd,hdi_3%,hdi_97%,mcse_mean,mcse_sd,ess_mean,ess_sd,ess_bulk,ess_tail,r_hat
0,p_error,0.050000004470348365,3.725476371840841e-09,0.05000000074505806,0.05000000074505806,3.7254763718408414e-11,2.6343864464297942e-11,10000.0,10000.0,10000.0,10000.0,
1,v,3.807228348601811e-08,7.200144005992405e-09,2.5598621085363105e-08,5.3356500002994055e-08,1.8870508016967342e-10,1.3346138348786128e-10,1455.8451402372614,1455.8451402372614,1434.2162056761176,1329.1095091784682,1.000640608176785
2,alpha,2.7766025753381033e-06,2.6612677912115816e-06,1.423542459399909e-10,7.620943093219684e-06,7.973873791020581e-08,6.04559232670867e-08,1113.8800887201082,969.4621485959358,1199.788850192758,1243.288194788114,1.0021747491078297
3,tau,3.0930684097827355,0.6435070793554116,1.921227320301,4.273148890265882,0.0190490468383398,0.01350251862968158,1141.1957845227007,1136.24012840541,1175.4316132905185,1414.9710265339847,1.0041442578219857
4,gamma,0.8558813559631951,0.10475509082905776,0.6647359374513134,0.9999478178962912,0.003096814234302245,0.002197346473365021,1144.2474847779713,1136.9623594353309,1112.0593438578703,1754.6648339276903,1.0011081051810318
5,zeta,1.2550154650703416,1.0347632509779834,0.00031394624869607237,3.1615859186397284,0.02864659072240248,0.020260728306046416,1304.7764414140986,1304.7764414140986,1119.5921463797522,1567.554843695076,1.002031556680269
