,Unnamed: 0,mean,sd,hdi_3%,hdi_97%,mcse_mean,mcse_sd,ess_mean,ess_sd,ess_bulk,ess_tail,r_hat
0,p_error,0.050000004470348365,3.725476371840841e-09,0.05000000074505806,0.05000000074505806,3.7254763718408414e-11,2.6343864464297942e-11,10000.0,10000.0,10000.0,10000.0,
1,v,1.5859541041329206e-08,2.535547863492543e-09,1.1428478319541029e-08,2.071747143208685e-08,6.369824638204487e-11,4.50497556355218e-11,1584.4869753218618,1584.4869753218618,1574.3810794789053,1733.3606362807252,1.0003771257588552
2,alpha,1.2553700921866111e-06,1.334847853340877e-06,3.2046084312237196e-10,3.694863981656737e-06,3.643098604910397e-08,2.6295588879283578e-08,1342.5228388197984,1289.0338557561015,1359.3437251020146,1711.915818873625,1.004113241465866
3,tau,5.441980387504356,1.475418879222374,2.8887280305330116,8.273126291988492,0.0647714483067179,0.04582609995823523,518.8758483354571,518.8758483354571,515.0680230572194,1112.4312640738624,1.0063885683679026
4,gamma,0.6910938272789221,0.15574881685263742,0.4494720679837171,0.9823337222233652,0.007501388712385024,0.0053106767620381455,431.08823566319387,430.63423356032087,445.4945652963239,932.6654941041087,1.0058024928722522
5,zeta,2.1094559206644807,1.762234294436266,0.006684896972605797,5.418176707312464,0.07542946225096102,0.053365211730129085,545.8147581166514,545.8147581166514,555.1994757533615,1362.731254522136,1.006084903159516
