,Unnamed: 0,mean,sd,hdi_3%,hdi_97%,mcse_mean,mcse_sd,ess_mean,ess_sd,ess_bulk,ess_tail,r_hat
0,p_error,0.050000004470348365,3.725476371840841e-09,0.05000000074505806,0.05000000074505806,3.7254763718408414e-11,2.6343864464297942e-11,10000.0,10000.0,10000.0,10000.0,
1,v,3.385824172148378e-08,5.9409955384821025e-09,2.2788506060795397e-08,4.421379764315104e-08,1.5980770572310847e-10,1.1302496867823272e-10,1382.0476577248478,1382.0476577248478,1378.063197646036,1608.2709054440425,1.0001180311366364
2,alpha,2.5165321310515332e-06,2.72206004120433e-06,2.289174837925387e-09,7.560074350931801e-06,8.272058778157259e-08,5.850805075602791e-08,1082.849691784597,1082.849691784597,1174.6148137607272,1307.6427871786086,0.999945297859318
3,tau,5.2322183626219,1.522313220467779,2.7963195834762926,8.205039212070407,0.07431824642051874,0.052587509381426964,419.5822723264834,419.5822723264834,435.2147614849665,1126.426071777481,1.0029665541498796
4,gamma,0.6979952495367829,0.1771724435152717,0.4215867624532498,0.9995681522843152,0.009516934930628343,0.006735160676751967,346.5757325461853,346.5757325461853,358.03437021194117,820.4434646684593,1.004738436280677
5,zeta,3.8197645384155785,2.4621828082457604,0.0010210024857820134,8.009206316766884,0.1260263789703765,0.08918229104352544,381.69605636677306,381.69605636677306,377.1327303623128,790.4114366025328,1.0045062260496729
