,Unnamed: 0,mean,sd,hdi_3%,hdi_97%,mcse_mean,mcse_sd,ess_mean,ess_sd,ess_bulk,ess_tail,r_hat
0,p_error,0.050000004470348365,3.725476371840841e-09,0.05000000074505806,0.05000000074505806,3.7254763718408414e-11,2.6343864464297942e-11,10000.0,10000.0,10000.0,10000.0,
1,v,8.886496257014262e-08,1.7632805350032716e-08,5.762662881146473e-08,1.2236900783152444e-07,4.919803615792777e-10,3.4796167049415563e-10,1284.5389926334951,1284.5389926334951,1253.2432137865871,1494.7723619011826,1.0023229752738576
2,alpha,5.465083314460016e-06,5.345762658646392e-06,1.6399844230642054e-09,1.5600501977876454e-05,1.8007652639825907e-07,1.273754995658297e-07,881.2621884573417,881.2621884573417,976.8842288845019,1216.609374611534,1.0063415489681122
3,tau,5.186225527201488,1.9070716753690984,2.3111789936673093,9.136070547800706,0.06427608091841551,0.045465119839088484,880.3092272944035,880.3092272944035,690.6748734774751,1297.5214581711255,1.0068266748381531
4,gamma,0.7173578428950502,0.1597333217968461,0.4691532051071915,0.998497102813436,0.008530155742365694,0.006036755180526951,350.6526501461014,350.6526501461014,379.9587758719956,915.7770607518484,1.0070629624305525
5,zeta,2.581060187707771,1.864502267478353,0.00229871415793748,5.6902306167070815,0.10560295048264008,0.07474254133819545,311.7265026743471,311.7265026743471,289.1953520049018,848.9720216945848,1.0131793024996325
