,Unnamed: 0,mean,sd,hdi_3%,hdi_97%,mcse_mean,mcse_sd,ess_mean,ess_sd,ess_bulk,ess_tail,r_hat
0,p_error,0.050000004470348365,3.725476371840841e-09,0.05000000074505806,0.05000000074505806,3.7254763718408414e-11,2.6343864464297942e-11,10000.0,10000.0,10000.0,10000.0,
1,v,1.822355351381957e-08,1.3450353331924691e-08,1.0775653232752155e-11,4.4162507074078935e-08,6.326741925676706e-10,4.47657228408484e-10,451.9674380498919,451.9674380498919,513.4175749184545,640.0534182730693,1.0035589229524695
2,alpha,2.328903303410381e-05,7.891713617036443e-06,9.49452542764783e-06,3.9754809463628544e-05,3.747615703594623e-07,2.651709421245977e-07,443.43761854906916,443.43761854906916,441.01435171893485,688.75115720851,1.0032236052260304
3,tau,6.29270700165331,1.8957704324934277,3.490813922168324,9.931556979035028,0.062185062781021365,0.043985286314432236,929.3928707121995,929.3928707121995,967.265758091484,1257.248927061025,1.0023958820920105
4,gamma,0.8512165088639736,0.1008129099078508,0.6870325735470438,0.999900943191154,0.00359814968104311,0.002548658779098293,785.0075787178833,782.8934389013286,775.9605108907228,1302.9752766878025,1.0028279101324622
5,zeta,1.0590542514622645,0.8469081197944008,0.001373949310446216,2.5353719697906127,0.031569554280220125,0.022332099163570138,719.6738009217975,719.6738009217975,743.1689184150541,1106.1442510215877,1.0020969965168398
