,Unnamed: 0,mean,sd,hdi_3%,hdi_97%,mcse_mean,mcse_sd,ess_mean,ess_sd,ess_bulk,ess_tail,r_hat
0,p_error,0.050000004470348365,3.725476371840841e-09,0.05000000074505806,0.05000000074505806,3.7254763718408414e-11,2.6343864464297942e-11,10000.0,10000.0,10000.0,10000.0,
1,v,2.61050194527554e-08,4.4575300100731756e-09,1.7640513432077925e-08,3.48357998672413e-08,1.2604793054153318e-10,8.9150141644956e-11,1250.5962204354278,1250.5962204354278,1237.9739680289042,1406.7831319015947,1.0004753517142562
2,alpha,2.5986812802020975e-06,2.551286491128453e-06,2.405195392841699e-09,7.0196727435174565e-06,7.800460390804732e-08,5.517263021116558e-08,1069.7393885573247,1069.7393885573247,1118.4824949125336,1398.7817974002066,1.0000607613459525
3,tau,5.252167982350562,1.4099149649983946,2.8694479214540185,7.999380548963899,0.06010658540382317,0.0425243240363919,550.2267834540113,550.2267834540113,545.4525647570676,1126.9691908255618,1.0023480960423192
4,gamma,0.7141919322311544,0.16030644582188766,0.4637092533100238,0.9996559686773814,0.007408712019120169,0.005246694288615906,468.1839734630727,467.3507425059265,472.7008450354916,957.3378897159732,1.001231740764712
5,zeta,3.2608842937347773,2.2148534567394846,0.002971668356701561,7.152882110584646,0.10130809986458067,0.07167940328982803,477.9711175550643,477.9711175550643,484.0771713345597,1369.9482508125693,1.001264150998356
