,Unnamed: 0,mean,sd,hdi_3%,hdi_97%,mcse_mean,mcse_sd,ess_mean,ess_sd,ess_bulk,ess_tail,r_hat
0,p_error,0.050000004470348365,3.725476371840841e-09,0.05000000074505806,0.05000000074505806,3.7254763718408414e-11,2.6343864464297942e-11,10000.0,10000.0,10000.0,10000.0,
1,v,5.8348561312229133e-08,9.00577381222851e-09,4.122702128529271e-08,7.561082280457307e-08,2.117351646303497e-10,1.497435157564092e-10,1809.072984915643,1809.072984915643,1776.4521186202985,1723.438962214547,1.0021407374661644
2,alpha,2.11892927486429e-06,2.2278375535732044e-06,2.3962638303139168e-09,5.907305404969425e-06,5.175790881171249e-08,3.6604131342599264e-08,1852.736248579668,1852.736248579668,1734.8096815057934,2248.7647981671853,1.0003442268730445
3,tau,3.342405610964678,0.8056130690009234,1.9993751194453129,4.835555050711439,0.03034358831520158,0.02146504142035641,704.8863991364892,704.8863991364892,691.0200968985209,1267.6532762422164,1.003343377448126
4,gamma,0.7773394205858929,0.14092326873796196,0.5441293418606594,0.9999594285677064,0.005601235254600389,0.003970957478635685,632.9913700356773,630.2997064310932,619.1555019480578,1245.2936816946026,1.0052565132753415
5,zeta,2.2154745536333014,1.5974224225769944,0.0012000637020637033,4.966364263433415,0.05842767524763213,0.04133073695828322,747.4847539409593,747.4847539409593,690.7650360738885,1357.6183498411524,1.003671105064468
