,Unnamed: 0,mean,sd,hdi_3%,hdi_97%,mcse_mean,mcse_sd,ess_mean,ess_sd,ess_bulk,ess_tail,r_hat
0,p_error,0.050000004470348365,3.725476371840841e-09,0.05000000074505806,0.05000000074505806,3.7254763718408414e-11,2.6343864464297942e-11,10000.0,10000.0,10000.0,10000.0,
1,v,4.9718068807991065e-08,1.898097051864231e-08,1.538888336662113e-08,8.639677533199695e-08,7.866658567744672e-10,5.565356800617322e-10,582.1785860617495,582.1785860617495,573.3288802905105,976.516143336168,1.011860022280195
2,alpha,1.9695240595587534e-05,1.2966418587361729e-05,9.197649657200461e-08,4.153521221897764e-05,5.951991336580218e-07,4.5736107159949597e-07,474.5866247306534,402.4590634810229,561.8020248154128,392.84799351866144,1.009010775024608
3,tau,2.678084446942527,0.9165778650417034,1.238227580268664,4.35290132993218,0.04151733439515205,0.02937477458976655,487.39358187111367,487.39358187111367,503.2864585576065,1003.630778708668,1.0042722247744853
4,gamma,0.6693380766730134,0.18123341782633806,0.3856232378973692,0.998928714683424,0.00861528554170426,0.006095946517171564,442.5243871363958,442.5243871363958,453.2323957961753,855.7111872804993,1.0043800958447724
5,zeta,2.1004910209299386,1.7593313029198738,0.00023912110119704458,5.337195373739941,0.06865792975375172,0.04857006900808413,656.6196147067718,656.6196147067718,650.933988283163,1580.0781340227065,1.0039967918961794
