,Unnamed: 0,mean,sd,hdi_3%,hdi_97%,mcse_mean,mcse_sd,ess_mean,ess_sd,ess_bulk,ess_tail,r_hat
0,p_error,0.050000004470348365,3.725476371840841e-09,0.05000000074505806,0.05000000074505806,3.7254763718408414e-11,2.6343864464297942e-11,10000.0,10000.0,10000.0,10000.0,
1,v,2.1139134151427188e-08,1.1552298206230964e-08,1.589164041573348e-11,3.991530775194634e-08,5.260222276224726e-10,3.9714299916526253e-10,482.31258031423744,423.65412998934545,482.28450240302584,605.1792635653352,1.001346124678443
2,alpha,2.068839205506948e-05,8.878951045414093e-06,3.7418065082954123e-06,3.655983809726551e-05,4.228191580179443e-07,2.991762651917749e-07,440.9750405938133,440.9750405938133,428.76485394463526,438.4093636645162,1.0015703917049346
3,tau,3.036792873024098,0.7736780558538743,1.6588834852170395,4.481604875731715,0.021284982211860717,0.01505407905682731,1321.216457562391,1321.216457562391,1224.9071885078374,1408.7544147156445,1.000350754882156
4,gamma,0.8070683467546875,0.12959978917794648,0.5815594872066481,0.9995708943622608,0.0046070011218932215,0.0032658178673139076,791.3560994973739,787.9820404013942,775.2507546256256,1185.9853421887751,1.001245138317903
5,zeta,1.69510963987472,1.4756211014717764,0.002508427100427349,4.412326546724198,0.046191346923037266,0.032671553966224946,1020.5363105531196,1020.5363105531196,972.5813904610015,1405.3014154665873,1.0015063210823174
