,Unnamed: 0,mean,sd,hdi_3%,hdi_97%,mcse_mean,mcse_sd,ess_mean,ess_sd,ess_bulk,ess_tail,r_hat
0,p_error,0.050000004470348365,3.725476371840841e-09,0.05000000074505806,0.05000000074505806,3.7254763718408414e-11,2.6343864464297942e-11,10000.0,10000.0,10000.0,10000.0,
1,v,6.267827729330289e-08,1.6631870553564103e-08,3.045457268765182e-08,9.226573546194995e-08,6.676797975614235e-10,4.723430093528764e-10,620.5056224557666,620.5056224557666,632.0073013934689,928.7683872412899,1.0035924731873598
2,alpha,1.475553811963154e-05,1.2950655237475255e-05,1.5203483032936008e-08,3.882775186123763e-05,6.526001078209897e-07,4.618001603345375e-07,393.8122322928055,393.8122322928055,418.54883255517603,664.9929197340157,1.0105199671024063
3,tau,3.2576065880528344,1.1047265215689843,1.4854141688817266,5.27068999369445,0.06095818919794214,0.04314228579316952,328.4319854580107,328.4319854580107,302.4991426082675,921.4485876944417,1.0121154297763406
4,gamma,0.5101192441495652,0.1930028480608612,0.20616759946443894,0.8920433509426409,0.012550356258070432,0.00888540999558559,236.49138651936343,236.49138651936343,240.9347662952087,653.1679025502369,1.0177944931372611
5,zeta,3.1788735794844905,2.5905699133769247,5.10222110734807e-05,8.211291388298388,0.17042734136624013,0.12066278130070478,231.053257852535,231.053257852535,233.7846823109615,868.6941888832013,1.0200383728623983
