,Unnamed: 0,mean,sd,hdi_3%,hdi_97%,mcse_mean,mcse_sd,ess_mean,ess_sd,ess_bulk,ess_tail,r_hat
0,p_error,0.050000004470348365,3.725476371840841e-09,0.05000000074505806,0.05000000074505806,3.7254763718408414e-11,2.6343864464297942e-11,10000.0,10000.0,10000.0,10000.0,
1,v,7.819781626076765e-08,1.2564742785260063e-08,5.566841515059607e-08,1.0270417967177617e-07,3.4192043370015755e-10,2.418264968863666e-10,1350.3834094117988,1350.3834094117988,1333.9395725797235,1713.4451730010776,1.0017527358785758
2,alpha,2.968407284947859e-06,3.136984102555485e-06,1.1787598857539306e-09,8.25477193516246e-06,8.129708875101224e-08,5.749698738444813e-08,1488.9312601794434,1488.9312601794434,1299.8319145574071,1854.592725535878,1.0005296794891725
3,tau,2.388613286042672,0.7388967004941444,1.1973488830144234,3.809927391882985,0.03856158739905551,0.027288849841577274,367.16193295322114,367.16193295322114,382.57165983499823,968.2688598589797,1.0035531080665014
4,gamma,0.483521078262849,0.19504639752615827,0.1472265255372335,0.8572071468305845,0.00818807505443692,0.005792822063298389,567.4299265481062,567.4299265481062,571.1089652488446,1336.3021373534702,1.003491513522312
5,zeta,4.7953603393317845,2.769992135720058,0.14870804667487375,9.338461622846074,0.14774342122471582,0.10455718184813494,351.51249644414713,351.51249644414713,356.7828385659884,965.0480127837527,1.0036259792814806
