,Unnamed: 0,mean,sd,hdi_3%,hdi_97%,mcse_mean,mcse_sd,ess_mean,ess_sd,ess_bulk,ess_tail,r_hat
0,p_error,0.050000004470348365,3.725476371840841e-09,0.05000000074505806,0.05000000074505806,3.7254763718408414e-11,2.6343864464297942e-11,10000.0,10000.0,10000.0,10000.0,
1,v,5.496871964297786e-08,2.27964619673629e-08,1.2017580868993875e-08,9.688160633216984e-08,8.956960658925744e-10,6.336381609812378e-10,647.7591632065238,647.7591632065238,635.7459750684029,933.8511117702087,1.000677360159605
2,alpha,3.9225695310253294e-05,2.331390596081724e-05,2.5117228061903444e-06,8.157563037803897e-05,1.2572681746138066e-06,8.897780379427326e-07,343.8541229245757,343.8541229245757,360.7281055425385,1033.108882914876,1.00866220556311
3,tau,6.498570087732309,1.8308368858437911,3.7559423983850593,9.998626095217487,0.13228837215992828,0.09368481762619824,191.53844723375028,191.53844723375028,195.83125061819126,764.9519048634452,1.0165782462765416
4,gamma,0.3817982027900223,0.13978576163972106,0.15802172558217664,0.6418181663093243,0.011390974109007563,0.008070286870569527,150.59277796288572,150.59277796288572,162.2399932877897,542.7229907740223,1.0209719183384427
5,zeta,3.430241325610952,2.531980206625604,1.1130183775824525e-05,8.104942066509649,0.18172090173192584,0.12868962589559432,194.13813188477485,194.13813188477485,214.02754594198746,736.3226181688766,1.0180845497521291
