,Unnamed: 0,mean,sd,hdi_3%,hdi_97%,mcse_mean,mcse_sd,ess_mean,ess_sd,ess_bulk,ess_tail,r_hat
0,p_error,0.050000004470348365,3.725476371840841e-09,0.05000000074505806,0.05000000074505806,3.7254763718408414e-11,2.6343864464297942e-11,10000.0,10000.0,10000.0,10000.0,
1,v,2.503432195297924e-07,6.131204098342569e-08,1.2754457897548295e-07,3.600245815501796e-07,2.278386849216152e-09,1.6117121143992984e-09,724.1634749413505,724.1634749413505,724.6844329009683,1087.1663570980386,1.0077137280966877
2,alpha,1.4132649959620068e-05,1.1671931632190405e-05,2.7198568905545926e-08,3.578799704613869e-05,4.951592344568642e-07,3.5031440665250957e-07,555.642816979951,555.642816979951,544.1455868291159,796.8649258046921,1.0121823694376255
3,tau,1.0067668370991076,0.2238972590764907,0.6242494123507822,1.431886924083264,0.006819967537960719,0.004823750927487064,1077.7869954193593,1077.7869954193593,1050.8362609969518,1654.6606072644254,1.0016979531471712
4,gamma,0.8040672366116868,0.13129789736023612,0.5797727167927164,0.9999693239707956,0.0038987204900775025,0.002815388267071627,1134.1522047760618,1088.0325050541721,1082.217013250568,1970.4190631951885,1.0029863757494322
5,zeta,1.3953888603047315,1.1630084510943697,0.0014136776004040005,3.507903609272981,0.0345562398840196,0.024441246270465032,1132.6944716617274,1132.6944716617274,1093.5749470386306,1879.8915194976407,1.0034472861564554
