,Unnamed: 0,mean,sd,hdi_3%,hdi_97%,mcse_mean,mcse_sd,ess_mean,ess_sd,ess_bulk,ess_tail,r_hat
0,p_error,0.050000004470348365,3.725476371840841e-09,0.05000000074505806,0.05000000074505806,3.7254763718408414e-11,2.6343864464297942e-11,10000.0,10000.0,10000.0,10000.0,
1,v,5.979086221328431e-08,2.126813113565405e-08,2.2724622638727632e-08,1.0149842171013813e-07,9.68390161417613e-10,6.851697380835137e-10,482.34515653378753,482.34515653378753,479.28373721845315,752.582964502984,1.0037392347426453
2,alpha,2.535394458244447e-05,1.7819887691978907e-05,2.8175256346817625e-08,5.751498246595006e-05,1.0703937048545861e-06,7.621802173956596e-07,277.1550732617736,273.8991637548151,287.55054179358103,368.0816689470152,1.0031337826091942
3,tau,3.451302931852092,1.0106590452751525,1.7971155704065769,5.424810488119537,0.047741294432212006,0.03378018819258004,448.1474755422194,448.1474755422194,439.29295892318765,1025.5388388126582,1.0044630843581297
4,gamma,0.534110948850958,0.18105600082498946,0.24842701407856865,0.9096378699139488,0.010038436700151109,0.007107862822300357,325.30720125380316,325.01102706344193,345.3225687163137,798.3585765385319,1.0027697115236918
5,zeta,2.459192544927572,2.2175524127876747,0.0003725854273971469,6.670668050031058,0.12000556222478725,0.0849293341775557,341.46408756203283,341.46408756203283,336.62471454220815,758.6744221573206,1.0036244250007849
