,Unnamed: 0,mean,sd,hdi_3%,hdi_97%,mcse_mean,mcse_sd,ess_mean,ess_sd,ess_bulk,ess_tail,r_hat
0,p_error,0.050000004470348365,3.725476371840841e-09,0.05000000074505806,0.05000000074505806,3.7254763718408414e-11,2.6343864464297942e-11,10000.0,10000.0,10000.0,10000.0,
1,v,2.1699154620876576e-07,3.289489797432617e-08,1.5900781488408447e-07,2.805107379809604e-07,8.075961082471229e-10,5.711571062654742e-10,1659.0850602677185,1659.0850602677185,1643.1195821286492,1973.294871509682,0.9998471731328477
2,alpha,3.044256203007048e-06,3.1549719711428038e-06,1.630715085142477e-10,8.852587378052417e-06,8.101784104633053e-08,5.7299286922282455e-08,1516.4555282980682,1516.4555282980682,1375.629349743833,1703.9610731996356,1.0021303458146793
3,tau,2.1593650125907757,0.6220132250087771,1.1190561634139222,3.2666393982835307,0.02607555444177366,0.01844766053404991,569.0260306545329,569.0260306545329,566.6320541685327,1307.4633354771147,1.001121103753722
4,gamma,0.6982867069223084,0.17181996902334182,0.4206664455263888,0.9962972901204251,0.008042768188542802,0.00570693107528585,456.3900523595414,453.80649454772856,467.71467502648574,927.3537903553478,1.0012294973355302
5,zeta,3.076768871029424,2.2598879470684268,0.0020810463364555635,7.196358279014369,0.0962988853662204,0.0681296904375261,550.7205611214262,550.7205611214262,535.2789984016069,1178.144196705179,1.0018923402782876
