,Unnamed: 0,mean,sd,hdi_3%,hdi_97%,mcse_mean,mcse_sd,ess_mean,ess_sd,ess_bulk,ess_tail,r_hat
0,p_error,0.050000004470348365,3.725476371840841e-09,0.05000000074505806,0.05000000074505806,3.7254763718408414e-11,2.6343864464297942e-11,10000.0,10000.0,10000.0,10000.0,
1,v,3.866548747154714e-08,6.07961934074656e-09,2.7731431802540153e-08,5.013363646377684e-08,1.4563531101117975e-10,1.0299695620658232e-10,1742.6870367885076,1742.6870367885076,1740.0113910515206,1747.5022459218173,1.001057799153782
2,alpha,1.9708387362950243e-06,2.122215713971412e-06,2.9933440874422867e-10,5.632036548183957e-06,6.258613725324326e-08,4.426631296946631e-08,1149.801194482772,1149.801194482772,1088.7871637479413,1514.9617285269615,1.0010070695321285
3,tau,4.438816349991499,1.3757658564782635,2.1121010894524592,6.880177552229727,0.09208295816084193,0.06519775273341147,223.21867656511455,223.21867656511455,224.0319231530469,764.748447396388,1.0106753911587192
4,gamma,0.5348791102105328,0.17963423410559076,0.2412992441781583,0.8801196450862687,0.012347805361611949,0.008743277937184732,211.6404435878356,211.6404435878356,207.93828021135076,548.2926004810511,1.0105467900179592
5,zeta,4.0474264264780135,2.804073644194371,0.0053238938407292975,9.080483038891755,0.19084328673675527,0.13512931861409033,215.8862864911151,215.8862864911151,219.2616878191671,702.2577161625355,1.0091909610410028
