,Unnamed: 0,mean,sd,hdi_3%,hdi_97%,mcse_mean,mcse_sd,ess_mean,ess_sd,ess_bulk,ess_tail,r_hat
0,p_error,0.050000004470348365,3.725476371840841e-09,0.05000000074505806,0.05000000074505806,3.7254763718408414e-11,2.6343864464297942e-11,10000.0,10000.0,10000.0,10000.0,
1,v,1.861049418453812e-08,3.153372698110598e-09,1.321696444219732e-08,2.469155838366128e-08,8.417173874353029e-11,5.953078022283629e-11,1403.5180727403558,1403.5180727403558,1377.22974431655,1322.2024272769845,1.00159303922003
2,alpha,1.654672084774298e-06,1.5644794684833692e-06,8.150630153675044e-10,4.515005266802518e-06,4.107738463703322e-08,2.9051939603273165e-08,1450.554887818516,1450.554887818516,1432.5442648962046,1691.0865285426687,1.0040554958917685
3,tau,7.45369845011853,1.5422729482231836,4.893899696107506,9.990915581295015,0.04831332741742222,0.034196896736479875,1019.0337875580092,1017.5790109718744,1024.7372949689875,1825.7090925294103,1.000931533798596
4,gamma,0.8705747393127727,0.08378110147287772,0.7291387527222178,0.9999106885663972,0.003105911018583139,0.002214506401409057,727.6358908240619,716.2458728788397,702.4327499104852,1341.9302924107888,1.0039300008679064
5,zeta,1.0130103566243598,0.7148056336215802,0.0065511304601728855,2.25726101106054,0.02908474192660438,0.0205759573919702,604.0119127301997,604.0119127301997,580.019902717424,1007.8339982588484,1.0034661915921723
