,Unnamed: 0,mean,sd,hdi_3%,hdi_97%,mcse_mean,mcse_sd,ess_mean,ess_sd,ess_bulk,ess_tail,r_hat
0,p_error,0.050000004470348365,3.725476371840841e-09,0.05000000074505806,0.05000000074505806,3.7254763718408414e-11,2.6343864464297942e-11,10000.0,10000.0,10000.0,10000.0,
1,v,3.627770675249536e-08,8.331746523029307e-09,1.9455527622225887e-08,5.097384263551313e-08,2.726450292791453e-10,1.9284939443218053e-10,933.8495832608446,933.8495832608446,924.9667587185736,1095.002689887542,1.0044569883097745
2,alpha,7.070323735677905e-06,6.5560273194491935e-06,1.1861205059929868e-09,1.9290046489246484e-05,2.531455044105709e-07,1.7907880018887728e-07,670.7197131478429,670.7197131478429,700.9689962058858,1109.0790136814924,1.00379792247958
3,tau,4.656689438769671,1.5385917707529857,2.152341012045736,7.5051563012657585,0.10054388020550513,0.07118399861051443,234.17230314601883,234.17230314601883,233.25374159378086,757.5783439755742,1.011979261744824
4,gamma,0.5631291361807962,0.18701759799099613,0.2422359901810048,0.8892637814290622,0.012984796909883484,0.009194578554444364,207.4410140049427,207.4410140049427,212.5532253984941,591.2771088298027,1.0117795796025155
5,zeta,4.154579658489913,2.7903831999384026,0.00326684302148164,8.871615475014528,0.18825560905597533,0.13329393952755186,219.70090574534171,219.70090574534171,226.65356199766532,976.3597869896408,1.0123218797947429
