,Unnamed: 0,mean,sd,hdi_3%,hdi_97%,mcse_mean,mcse_sd,ess_mean,ess_sd,ess_bulk,ess_tail,r_hat
0,p_error,0.050000004470348365,3.725476371840841e-09,0.05000000074505806,0.05000000074505806,3.7254763718408414e-11,2.6343864464297942e-11,10000.0,10000.0,10000.0,10000.0,
1,v,6.728922542756632e-08,1.515325497134714e-08,4.0077255054739935e-08,9.597903139464776e-08,3.984915936150183e-10,2.8183296284149315e-10,1446.0174479934576,1446.0174479934576,1406.911145714534,1607.04051783866,1.0011297693036127
2,alpha,5.556883352895328e-06,5.866413709788042e-06,1.854298966986057e-09,1.6297514868709594e-05,1.9842698914160559e-07,1.4035591593698663e-07,874.0653188592186,874.0653188592186,894.239383913082,1377.096525990873,1.0032333390793964
3,tau,3.41529418696141,1.5373913395903278,1.2574248408142623,6.474201139128777,0.05249590341430765,0.037132840092488885,857.6656813622453,857.6656813622453,843.803167295017,1365.610430698991,1.0019017699182016
4,gamma,0.5952332991991371,0.20113683420477066,0.2833775700809321,0.9879969433240248,0.006619340116971355,0.0047349995890336675,923.3233680513156,902.8052071176194,920.981389009807,1546.9382819173975,1.0004772564823483
5,zeta,3.4577822804803238,2.5617984030961933,0.0004884315952720215,8.257326961880691,0.0960775180533886,0.06796495469395834,710.9619366224159,710.9619366224159,728.3433947529311,1257.6405204335526,1.0015365587631204
