,Unnamed: 0,mean,sd,hdi_3%,hdi_97%,mcse_mean,mcse_sd,ess_mean,ess_sd,ess_bulk,ess_tail,r_hat
0,p_error,0.050000004470348365,3.725476371840841e-09,0.05000000074505806,0.05000000074505806,3.7254763718408414e-11,2.6343864464297942e-11,10000.0,10000.0,10000.0,10000.0,
1,v,3.3990794502836785e-08,8.260706761124824e-09,1.8300518087989142e-08,4.8972601787109575e-08,2.1254736859978387e-10,1.5032271569454944e-10,1510.5077100973667,1510.5077100973667,1481.8003094458716,1691.7195028410465,1.0026558290084182
2,alpha,3.916205246778794e-06,3.741367249536435e-06,9.26812846913694e-09,1.050354430345338e-05,1.0473980557721684e-07,7.407916297480579e-08,1275.9602756370462,1275.9602756370462,1116.1035423206408,1750.9552290206977,1.001645456224421
3,tau,5.534888631282923,2.045543286719884,2.408379765699791,9.51011969736517,0.06525336036683582,0.04615479557370857,982.678796777881,982.678796777881,951.2509848037744,1375.3940397789138,1.0006315526004912
4,gamma,0.7795585262911757,0.1545229748641936,0.4942417635141175,0.9999804121036174,0.004071120719137331,0.0029478884604509253,1440.648926949919,1374.4166345585506,1279.157027424813,1406.8227646935377,1.0005684040953295
5,zeta,2.3113794536270285,1.9099247386549156,0.0004556158659584328,5.9008462698317725,0.06774194432038545,0.04791837488253285,794.9085952350692,794.9085952350692,780.0823174139168,1319.9860491761067,1.0007835526056617
