,Unnamed: 0,mean,sd,hdi_3%,hdi_97%,mcse_mean,mcse_sd,ess_mean,ess_sd,ess_bulk,ess_tail,r_hat
0,p_error,0.050000004470348365,3.725476371840841e-09,0.05000000074505806,0.05000000074505806,3.7254763718408414e-11,2.6343864464297942e-11,10000.0,10000.0,10000.0,10000.0,
1,v,2.839763431651225e-08,1.0060798632335425e-08,1.0206282726255162e-08,4.72092847382026e-08,3.818121078923969e-10,2.7009542309716764e-10,694.3293446396173,694.3293446396173,685.2885512129251,964.8432913001407,1.004631722759704
2,alpha,6.16957947224333e-05,2.9487606429117528e-05,1.07109132795039e-05,0.00011695804703309167,1.5746790170674515e-06,1.1143936495022222e-06,350.66705162038215,350.66705162038215,347.0716529930298,560.1454890248393,1.0047592744146128
3,tau,7.548284563088615,1.563857893083345,4.913777232112854,9.9956100741835,0.054171938343700037,0.038318758987596936,833.3852733664937,833.3852733664937,867.7955134350203,1347.0449608361782,1.0033339020957723
4,gamma,0.08381530366889857,0.1051848524415372,3.2523228627797426e-05,0.24443479572460336,0.004603638488499373,0.0032570844602707602,522.0402385608713,522.0402385608713,608.6118281050582,848.0122729301584,1.003050734983861
5,zeta,2.9084178045513376,2.4585000791562805,0.0008556454286159188,7.837598177638966,0.11166564077820472,0.07900709114208952,484.73159529711364,484.73159529711364,511.6145289511341,970.6575511732108,1.0059468959578846
