,Unnamed: 0,mean,sd,hdi_3%,hdi_97%,mcse_mean,mcse_sd,ess_mean,ess_sd,ess_bulk,ess_tail,r_hat
0,p_error,0.050000004470348365,3.725476371840841e-09,0.05000000074505806,0.05000000074505806,3.7254763718408414e-11,2.6343864464297942e-11,10000.0,10000.0,10000.0,10000.0,
1,v,2.4480921080821366e-08,4.074802628566475e-09,1.6526431461650602e-08,3.172694589203353e-08,1.0516575501000672e-10,7.437787042547903e-11,1501.2895689864233,1501.2895689864233,1474.1810830781274,2046.2887971876276,1.001038154702392
2,alpha,4.2075001482870045e-06,4.148269386293934e-06,7.3704795345483735e-09,1.1693979405745773e-05,1.6053169499908592e-07,1.1356266863636001e-07,667.7475763387598,667.7475763387598,692.1784005957625,1099.9652559491017,1.0007926379569916
3,tau,3.0128495911875297,1.0437319680099792,1.475312526902647,5.098141677011113,0.07935228167375633,0.056205405030619375,173.0051905958729,173.0051905958729,167.11685400133612,402.87701282144656,1.0013009240885364
4,gamma,0.3303938387252245,0.1414196819150268,0.10443208900021657,0.5889596253587898,0.010918257105475422,0.007733835382506594,167.76952628788356,167.76952628788356,170.08204879705067,345.82156090652495,1.0023745049801551
5,zeta,5.225690057983533,2.865097297615736,0.7802131534461327,9.993987112464328,0.19953112925015495,0.14128988074410098,206.18517188905926,206.18517188905926,211.42039796753758,603.3480789688516,1.0022664819906142
