,Unnamed: 0,mean,sd,hdi_3%,hdi_97%,mcse_mean,mcse_sd,ess_mean,ess_sd,ess_bulk,ess_tail,r_hat
0,p_error,0.050000004470348365,3.725476371840841e-09,0.05000000074505806,0.05000000074505806,3.7254763718408414e-11,2.6343864464297942e-11,10000.0,10000.0,10000.0,10000.0,
1,v,4.926667109178709e-08,1.5633648127523818e-08,2.2128606146124125e-08,8.133617450386974e-08,6.836311945142714e-10,4.836701080425347e-10,522.970175958372,522.970175958372,521.3711285619323,902.6929745688901,1.0021440418544945
2,alpha,4.0773926723862184e-05,2.6119803254317067e-05,1.3035515690901807e-06,8.898050088291402e-05,1.4340278290861602e-06,1.0149036062083995e-06,331.76047470223216,331.76047470223216,314.9148924353629,671.5140186019398,1.005635575656973
3,tau,7.677566914706084,1.6244232364453193,4.77609683766315,9.99930412712246,0.03929165464463357,0.028322135861066633,1709.2191504665484,1645.395814066944,1588.5096437930786,1925.4161596316967,1.0009224298180452
4,gamma,0.14535233775016845,0.14045896471362995,4.344881817976566e-05,0.41420351156870094,0.006344272117438204,0.004488749974501792,490.15712642421533,490.15712642421533,480.5179835752214,974.5011600528757,1.0093598422310603
5,zeta,3.3559773331691223,2.708235045112369,0.0020931884392417165,8.397135683457437,0.1286356182927793,0.09101903777172478,443.25151705845815,443.25151705845815,455.04221251192774,1094.971120710915,1.005611913902715
