,Unnamed: 0,mean,sd,hdi_3%,hdi_97%,mcse_mean,mcse_sd,ess_mean,ess_sd,ess_bulk,ess_tail,r_hat
0,p_error,0.050000004470348365,3.725476371840841e-09,0.05000000074505806,0.05000000074505806,3.7254763718408414e-11,2.6343864464297942e-11,10000.0,10000.0,10000.0,10000.0,
1,v,2.510801864429842e-07,4.182490551216393e-08,1.7570058444618902e-07,3.3100005013468704e-07,9.866988660735776e-10,7.063052193673506e-10,1796.8038885864944,1753.878820938725,1837.7963411043372,1773.3464797807526,1.0008747444154718
2,alpha,3.328319675991605e-06,3.5639766714943613e-06,3.2677697297736163e-10,9.640329712665398e-06,8.730616626669732e-08,6.174559072833372e-08,1666.4023482322464,1666.4023482322464,1455.4515850010055,1457.2117428972456,1.00499901786887
3,tau,2.156856078123596,0.7045434976108915,0.9954614315301632,3.419466449135542,0.024285330255478986,0.01717827619980023,841.642377493002,841.642377493002,787.0982485509178,1314.03014238046,1.0013790538376934
4,gamma,0.6999833912807992,0.1776665417305549,0.4088065909211105,0.9962896441862636,0.006231111998103692,0.004407643243535611,812.9806016926045,812.9806016926045,807.4664579949347,1441.3616035250393,1.0006674889275764
5,zeta,3.59699428495061,2.447226943435425,0.012148295091234005,8.053617902204014,0.0951984189779884,0.06734518065933517,660.8288872267618,660.8288872267618,663.2914096863743,1486.4365496430805,1.0035192608911427
