,Unnamed: 0,mean,sd,hdi_3%,hdi_97%,mcse_mean,mcse_sd,ess_mean,ess_sd,ess_bulk,ess_tail,r_hat
0,p_error,0.050000004470348365,3.725476371840841e-09,0.05000000074505806,0.05000000074505806,3.7254763718408414e-11,2.6343864464297942e-11,10000.0,10000.0,10000.0,10000.0,
1,v,1.7690314503509464e-08,2.7523886032256857e-09,1.2782384563616631e-08,2.2921728579170925e-08,6.450946701430446e-11,4.5622391975885466e-11,1820.4241755595635,1820.4241755595635,1817.0563359591024,1841.0497676113791,1.0009739163411642
2,alpha,3.600185670671842e-06,3.573560514348437e-06,8.047645035886744e-10,9.841672929186703e-06,9.443172574454687e-08,6.678691787318741e-08,1432.0771939251888,1432.0771939251888,1276.6818426196367,1377.6387878758471,1.0008451067952566
3,tau,7.1371104941958965,1.5572506823630148,4.369499309301496,9.826147581280805,0.10351163291189344,0.07328830925355434,226.32823690722577,226.32823690722577,245.33923533270752,270.81150722727926,1.0131073837782931
4,gamma,0.06690837493795156,0.04839798445253174,2.3283969412228023e-05,0.1585721253894698,0.002974929107201132,0.0021059150882296613,264.66792321264643,264.66792321264643,297.661083283821,401.38453304523097,1.006281085171559
5,zeta,1.9012234661230019,1.8637773587605249,0.0018864708480803496,5.55812926332358,0.1318601942982474,0.0933756981353564,199.78397071943473,199.78397071943473,259.2013347312726,285.3203608685897,1.0093157211994517
