,Unnamed: 0,mean,sd,hdi_3%,hdi_97%,mcse_mean,mcse_sd,ess_mean,ess_sd,ess_bulk,ess_tail,r_hat
0,p_error,0.050000004470348365,3.725476371840841e-09,0.05000000074505806,0.05000000074505806,3.7254763718408414e-11,2.6343864464297942e-11,10000.0,10000.0,10000.0,10000.0,
1,v,1.1138243619149404e-07,5.1441039899789984e-08,1.4848085148530436e-08,1.9986893993194167e-07,2.7316931947880763e-09,1.9331897352857e-09,354.61380404806823,354.61380404806823,346.3283030870416,716.825981705491,1.007645832940722
2,alpha,3.566242884319156e-05,2.0065580340418525e-05,4.537133975678495e-08,6.905326259770032e-05,1.0884232486612702e-06,7.702929107321354e-07,339.8660863816843,339.8660863816843,340.82293348766035,539.8792545410067,1.006194140820365
3,tau,1.7454954502864028,0.4037752554412912,0.971930701480294,2.4496626750726964,0.011274835008622187,0.007974326099628129,1282.5048333274126,1282.5048333274126,1258.0748423564696,1697.0273694701114,1.001023696067436
4,gamma,0.8547397545464274,0.10820055666763403,0.6583163412547993,0.9998945142691666,0.003304402201188793,0.0023617625996245825,1072.193536069319,1050.0207063800376,1032.923043178427,1535.5203702772199,1.0033789152153056
5,zeta,1.071777508118328,0.9150530806143083,0.0007310795856094103,2.7107108210115753,0.02565491503452456,0.018144925036450408,1272.1883480525364,1272.1883480525364,1167.6077384047505,1464.2883808388856,1.0037340147838076
