,Unnamed: 0,mean,sd,hdi_3%,hdi_97%,mcse_mean,mcse_sd,ess_mean,ess_sd,ess_bulk,ess_tail,r_hat
0,p_error,0.050000004470348365,3.725476371840841e-09,0.05000000074505806,0.05000000074505806,3.7254763718408414e-11,2.6343864464297942e-11,10000.0,10000.0,10000.0,10000.0,
1,v,2.5858097038465305e-08,2.6348039900818747e-08,1.8732552246669627e-11,6.684373255858537e-08,1.018447044570481e-09,7.204648719035954e-10,669.2982977277949,669.2982977277949,805.4308312688634,889.4419059563018,1.0022542471184424
2,alpha,7.044902051681728e-05,2.5319488462039506e-05,2.8297246599784277e-05,0.00011944347076460945,1.5412525857970908e-06,1.0910101610944854e-06,269.87472824202416,269.87472824202416,276.97481146307234,637.2597234276443,1.0037123454276402
3,tau,3.447414853471561,1.2588580054048044,1.518049484855142,5.838679033244286,0.06417233425266497,0.04541112955130582,384.8201621082248,384.8201621082248,362.53084787130547,984.056201892574,1.0051201259801827
4,gamma,0.6068687891898465,0.17863057393622084,0.3341516489844133,0.9625770131705488,0.012011286359899944,0.008504487550911858,221.17322220312266,221.17322220312266,216.08298613440223,487.2938719012989,1.009438091794999
5,zeta,2.0571668307489266,1.8584224698882723,0.00453075756312467,5.708449680671762,0.11205878322845307,0.07932170502783466,275.04077984311635,275.04077984311635,270.31597258442844,686.5085794820119,1.0063831025393812
