,Unnamed: 0,mean,sd,hdi_3%,hdi_97%,mcse_mean,mcse_sd,ess_mean,ess_sd,ess_bulk,ess_tail,r_hat
0,p_error,0.050000004470348365,3.725476371840841e-09,0.05000000074505806,0.05000000074505806,3.7254763718408414e-11,2.6343864464297942e-11,10000.0,10000.0,10000.0,10000.0,
1,v,5.721209563911316e-08,9.452818359674424e-09,3.97685455635861e-08,7.518306535338329e-08,2.359627359589133e-10,1.6762892585791269e-10,1604.8549250894027,1590.5745002534359,1611.0704145769039,1594.3407253407943,1.0024284562517078
2,alpha,2.868534894086655e-06,3.11495042176721e-06,9.170278518130074e-10,8.662187852115802e-06,8.313586225250339e-08,5.8798149636852944e-08,1403.8653872359116,1403.8653872359116,1237.082924822605,2008.7795595040645,1.0020811875778175
3,tau,3.265486939146037,1.1162709876359809,1.5491143364876483,5.335605447632647,0.059236490926168325,0.04192097599218938,355.1081398233745,355.1081398233745,344.714749284966,1052.8763681521125,1.004060393603521
4,gamma,0.1621061935555034,0.11043404010235112,0.0001448523842707373,0.3598295176528496,0.005189519034153725,0.003671910151900489,452.84721672984216,452.84721672984216,452.3872409748037,1209.745180274393,1.0030941958851485
5,zeta,4.553580259789646,2.8977682607344435,0.01574046854225703,9.263492512770533,0.16735809311905805,0.11845536275779665,299.80154378474737,299.80154378474737,314.3619474591915,778.8073983433335,1.0058975041762424
