,Unnamed: 0,mean,sd,hdi_3%,hdi_97%,mcse_mean,mcse_sd,ess_mean,ess_sd,ess_bulk,ess_tail,r_hat
0,p_error,0.050000004470348365,3.725476371840841e-09,0.05000000074505806,0.05000000074505806,3.7254763718408414e-11,2.6343864464297942e-11,10000.0,10000.0,10000.0,10000.0,
1,v,1.2464301584276274e-08,2.5335525941149977e-09,8.038427550118441e-09,1.7434948422797353e-08,6.876813640166833e-11,4.8636868383649607e-11,1357.3296561197906,1357.3296561197906,1346.954038558119,1508.436189430934,1.0025370566272285
2,alpha,2.9139119220730087e-06,2.8803035937017867e-06,4.3639147594759275e-09,8.126887008946392e-06,1.0543958340802663e-07,7.458620498547268e-08,746.2239263914903,746.2239263914903,911.1623755133836,864.8005092592143,1.000440215432754
3,tau,2.8422994946238567,0.9330186578057572,1.3701372463921802,4.584391642599662,0.06614490187861863,0.04684024193527057,198.97013928513994,198.97013928513994,197.6773685860249,619.6774247125351,1.0039956865746027
4,gamma,0.4740035858100484,0.16438265364022928,0.18089029311875934,0.7874749261512941,0.01109585366783938,0.007856403630516363,219.4777669019307,219.4777669019307,212.73074178220762,530.3162537689976,1.003669448394081
5,zeta,5.178581085817196,2.7638126674705745,0.7294532034706679,9.991424319811127,0.1766375739620554,0.1250507295072634,244.82232813028057,244.82232813028057,251.8826382537694,642.1207164958357,1.0036609001536765
