,Unnamed: 0,mean,sd,hdi_3%,hdi_97%,mcse_mean,mcse_sd,ess_mean,ess_sd,ess_bulk,ess_tail,r_hat
0,p_error,0.050000004470348365,3.725476371840841e-09,0.05000000074505806,0.05000000074505806,3.7254763718408414e-11,2.6343864464297942e-11,10000.0,10000.0,10000.0,10000.0,
1,v,2.4380192507805803e-08,1.1993647836276954e-08,2.747677898983392e-09,4.6555111498389774e-08,5.947081051685037e-10,4.208240679518327e-10,406.7193834257344,406.7193834257344,420.51772520957746,610.2609312012461,1.0074803354325463
2,alpha,2.258424134653002e-05,1.0373506902715858e-05,4.642116564862705e-06,4.3485099923391855e-05,6.242540978040384e-07,4.418813816683073e-07,276.13941265368874,276.13941265368874,273.6406256190885,564.6675474944619,1.0158010988580128
3,tau,3.902812086017797,1.0023858461756223,2.242462492456668,5.7837614729404665,0.05424208211311793,0.038387749365861736,341.5050638702909,341.5050638702909,324.53700780983604,968.3503484049867,1.0061553429223684
4,gamma,0.6830432137930126,0.1582708160948299,0.4556593225109558,0.9977441489444556,0.00999110386230137,0.007134109254368931,250.94279801104463,246.67245984839542,263.8029552017063,745.7957609601402,1.0083335649022196
5,zeta,2.617520762656579,1.9707876164442144,0.007604259309047527,6.2452995105410745,0.11862415193368694,0.08396873847817794,276.0154600243853,276.0154600243853,283.59452158382976,877.5100964178281,1.0074563472887421
