,Unnamed: 0,mean,sd,hdi_3%,hdi_97%,mcse_mean,mcse_sd,ess_mean,ess_sd,ess_bulk,ess_tail,r_hat
0,p_error,0.050000004470348365,3.725476371840841e-09,0.05000000074505806,0.05000000074505806,3.7254763718408414e-11,2.6343864464297942e-11,10000.0,10000.0,10000.0,10000.0,
1,v,6.215547031347297e-08,1.3717904627308931e-08,3.5852397447744355e-08,8.614528252747058e-08,4.372675070639423e-10,3.0928649576681506e-10,984.1949792554816,984.1949792554816,982.3103623701868,1369.965372316139,1.0033839961087847
2,alpha,7.5851295475024415e-06,7.191724566684317e-06,4.2009365170642146e-10,2.133052698275531e-05,2.6785707280782145e-07,1.894802383156536e-07,720.8748189724733,720.8748189724733,764.5018300672125,842.5400966952244,1.0060236679047678
3,tau,3.729789190298413,1.1151184980500557,1.8081738820526925,5.69144798094414,0.07646582977610256,0.054143834109144334,212.6704886334388,212.6704886334388,217.0553033064652,614.6087523139071,1.011711872345824
4,gamma,0.5289987931318928,0.1831910666084933,0.2610228071559785,0.9163542862585036,0.012714692696454644,0.009003308012539872,207.58541966503878,207.58541966503878,204.27239611018828,416.10308132838315,1.011632006117083
5,zeta,3.2098047254001965,2.644659733692082,0.0037286141297079743,8.250943707901346,0.18199191262224276,0.12886587641077646,211.17155963047668,211.17155963047668,208.5653637192277,688.7897099875528,1.0122137245540932
