,Unnamed: 0,mean,sd,hdi_3%,hdi_97%,mcse_mean,mcse_sd,ess_mean,ess_sd,ess_bulk,ess_tail,r_hat
0,p_error,0.050000004470348365,3.725476371840841e-09,0.05000000074505806,0.05000000074505806,3.7254763718408414e-11,2.6343864464297942e-11,10000.0,10000.0,10000.0,10000.0,
1,v,8.204660900612168e-08,1.6802989252598008e-08,5.2640166654788656e-08,1.1479293738982241e-07,4.603165995866971e-10,3.2556426300412995e-10,1332.4773224652772,1332.4773224652772,1315.942131705468,1364.5460991755658,1.002379018764938
2,alpha,5.085477844341697e-06,4.8329759669336645e-06,2.0259090746070999e-10,1.391112653384358e-05,1.443396624006258e-07,1.0209011799642208e-07,1121.13497399481,1121.13497399481,1106.2253437423494,1374.2320746673286,1.000955576922368
3,tau,2.864320021755148,0.6746239743320942,1.7396046482502854,4.192862679771592,0.023967833511497404,0.016954060804899532,792.2568138094223,792.2568138094223,779.8710875363926,730.5836855665482,1.0015181652511669
4,gamma,0.7925247211020089,0.13661399547283393,0.5600319649960466,0.9999669773122652,0.005118062476151454,0.0036401678729766985,712.4907331277548,704.8183183261392,671.1448408758216,999.2176583816141,1.0019958064574062
5,zeta,1.7666604939176294,1.4024061842187447,0.003392472465100849,4.349046801372626,0.05204732042242572,0.03681780827414632,726.0238466251245,726.0238466251245,758.6292548022043,1412.5643679409534,1.001508861039949
