,Unnamed: 0,mean,sd,hdi_3%,hdi_97%,mcse_mean,mcse_sd,ess_mean,ess_sd,ess_bulk,ess_tail,r_hat
0,p_error,0.050000004470348365,3.725476371840841e-09,0.05000000074505806,0.05000000074505806,3.7254763718408414e-11,2.6343864464297942e-11,10000.0,10000.0,10000.0,10000.0,
1,v,2.361138385407323e-07,9.112556738566967e-08,5.4101265341434e-08,4.0283610141170245e-07,3.99039047812796e-09,2.823211783282781e-09,521.4944609043439,521.4944609043439,518.7405440103462,836.6703708370078,1.0005787884982549
2,alpha,2.7826842434904077e-05,1.8888177391224247e-05,3.0249927766867865e-10,6.217439184375623e-05,8.716666340355478e-07,6.167446562561427e-07,469.54720660127833,469.54720660127833,461.31029018302536,702.0979667466423,1.0017444914296865
3,tau,3.261882070154413,0.7755792521450267,1.9713294616264507,4.5584302755394885,0.022658298419913743,0.018292165381034627,1171.649685876274,899.4435305077977,1632.4105061489624,1599.8978491520706,1.0022524797451502
4,gamma,0.9180665514052292,0.06608712054879258,0.7958353823237226,0.9999768762776085,0.0015103100336760812,0.001076609061823825,1914.7031176703845,1884.6124324734844,1723.7400493747389,1914.4208790745652,1.00206361566308
5,zeta,0.5186792759925027,0.4807050469730131,1.0292299907841377e-05,1.395454365423355,0.012452447896926296,0.008806934295848676,1490.2114542870236,1490.2114542870236,1484.2285779627155,1841.778046080544,1.0047799391524086
