,Unnamed: 0,mean,sd,hdi_3%,hdi_97%,mcse_mean,mcse_sd,ess_mean,ess_sd,ess_bulk,ess_tail,r_hat
0,p_error,0.050000004470348365,3.725476371840841e-09,0.05000000074505806,0.05000000074505806,3.7254763718408414e-11,2.6343864464297942e-11,10000.0,10000.0,10000.0,10000.0,
1,v,5.7228159895926616e-08,8.782898125267404e-09,4.1650416432301005e-08,7.476939197382392e-08,2.120182665622443e-10,1.499450423718727e-10,1716.0468157089779,1716.0468157089779,1698.8899716546148,2144.316464702252,1.002902911968956
2,alpha,2.752953333106626e-06,3.036306153280155e-06,6.784426906894973e-10,8.239163860257526e-06,1.0293051428667516e-07,7.280727427711276e-08,870.1674504180737,870.1674504180737,787.5925763159787,1441.4610169648895,1.0028664020960316
3,tau,3.959959955636597,1.1750497971265026,2.05922769623387,6.1646085996275435,0.08111271292394437,0.05743525110224285,209.86242614669118,209.86242614669118,228.44821274612002,647.4054052628443,1.0108898343326875
4,gamma,0.3974829300191229,0.15810297134421886,0.1242465859365428,0.6814846446809544,0.009715363530313288,0.0068773797106940465,264.8268120779404,264.8268120779404,259.0361528186591,911.7541163401736,1.0099222108506047
5,zeta,5.161582898452906,2.8298310153230504,0.6882522341635398,9.94055967085618,0.2076091113578845,0.14703288604185955,185.7925029090069,185.7925029090069,195.76147903031202,528.9538039583207,1.0113297111003472
