,WAIC,WAIC_se,p_WAIC,WAIC_i,WAIC_scale
0,-356.9663515230669,20.17325982253905,6.69427283592344,-16.307339987571478,log
1,-356.9663515230669,20.17325982253905,6.69427283592344,-16.199771525704044,log
2,-356.9663515230669,20.17325982253905,6.69427283592344,-16.307297127734152,log
3,-356.9663515230669,20.17325982253905,6.69427283592344,-16.307281019911812,log
4,-356.9663515230669,20.17325982253905,6.69427283592344,-15.545971250035018,log
5,-356.9663515230669,20.17325982253905,6.69427283592344,-9.665114971505252,log
6,-356.9663515230669,20.17325982253905,6.69427283592344,-6.392842345092304,log
7,-356.9663515230669,20.17325982253905,6.69427283592344,-16.306937519547603,log
8,-356.9663515230669,20.17325982253905,6.69427283592344,-6.371054761800276,log
9,-356.9663515230669,20.17325982253905,6.69427283592344,-11.547822361808084,log
10,-356.9663515230669,20.17325982253905,6.69427283592344,-9.422269985580762,log
11,-356.9663515230669,20.17325982253905,6.69427283592344,-8.620227212093214,log
12,-356.9663515230669,20.17325982253905,6.69427283592344,-14.266397175353847,log
13,-356.9663515230669,20.17325982253905,6.69427283592344,-7.746182712452556,log
14,-356.9663515230669,20.17325982253905,6.69427283592344,-16.307229737055216,log
15,-356.9663515230669,20.17325982253905,6.69427283592344,-12.189303147852375,log
16,-356.9663515230669,20.17325982253905,6.69427283592344,-7.238025923879428,log
17,-356.9663515230669,20.17325982253905,6.69427283592344,-13.054795175562315,log
18,-356.9663515230669,20.17325982253905,6.69427283592344,-10.261148376176482,log
19,-356.9663515230669,20.17325982253905,6.69427283592344,-8.436822730106716,log
20,-356.9663515230669,20.17325982253905,6.69427283592344,-8.037435695009334,log
21,-356.9663515230669,20.17325982253905,6.69427283592344,-16.30731858008101,log
22,-356.9663515230669,20.17325982253905,6.69427283592344,-9.033483400405602,log
23,-356.9663515230669,20.17325982253905,6.69427283592344,-16.306955324215618,log
24,-356.9663515230669,20.17325982253905,6.69427283592344,-13.663968004325724,log
25,-356.9663515230669,20.17325982253905,6.69427283592344,-14.500318837964475,log
26,-356.9663515230669,20.17325982253905,6.69427283592344,-7.912852139156176,log
27,-356.9663515230669,20.17325982253905,6.69427283592344,-7.941394776682538,log
28,-356.9663515230669,20.17325982253905,6.69427283592344,-8.474694753227348,log
29,-356.9663515230669,20.17325982253905,6.69427283592344,-16.294094965176086,log
