,WAIC,WAIC_se,p_WAIC,WAIC_i,WAIC_scale
0,-286.8833491867707,9.599952163349352,3.988128490852357,-10.068974490667117,log
1,-286.8833491867707,9.599952163349352,3.988128490852357,-11.036467701403007,log
2,-286.8833491867707,9.599952163349352,3.988128490852357,-13.579858944789322,log
3,-286.8833491867707,9.599952163349352,3.988128490852357,-10.276795956726177,log
4,-286.8833491867707,9.599952163349352,3.988128490852357,-11.133474035916876,log
5,-286.8833491867707,9.599952163349352,3.988128490852357,-8.047388712223247,log
6,-286.8833491867707,9.599952163349352,3.988128490852357,-12.164980435347948,log
7,-286.8833491867707,9.599952163349352,3.988128490852357,-9.054378759452861,log
8,-286.8833491867707,9.599952163349352,3.988128490852357,-8.729364332628812,log
9,-286.8833491867707,9.599952163349352,3.988128490852357,-7.859988388558078,log
10,-286.8833491867707,9.599952163349352,3.988128490852357,-12.009075088650945,log
11,-286.8833491867707,9.599952163349352,3.988128490852357,-12.174333537294139,log
12,-286.8833491867707,9.599952163349352,3.988128490852357,-12.299842194061023,log
13,-286.8833491867707,9.599952163349352,3.988128490852357,-14.110792253938872,log
14,-286.8833491867707,9.599952163349352,3.988128490852357,-10.935388138592172,log
15,-286.8833491867707,9.599952163349352,3.988128490852357,-8.07239139106389,log
16,-286.8833491867707,9.599952163349352,3.988128490852357,-12.26037458109404,log
17,-286.8833491867707,9.599952163349352,3.988128490852357,-9.248934877024073,log
18,-286.8833491867707,9.599952163349352,3.988128490852357,-12.65858122585953,log
19,-286.8833491867707,9.599952163349352,3.988128490852357,-11.343908999361778,log
20,-286.8833491867707,9.599952163349352,3.988128490852357,-12.4617420139946,log
21,-286.8833491867707,9.599952163349352,3.988128490852357,-10.244056427504262,log
22,-286.8833491867707,9.599952163349352,3.988128490852357,-10.508693159635907,log
23,-286.8833491867707,9.599952163349352,3.988128490852357,-15.604138582659186,log
24,-286.8833491867707,9.599952163349352,3.988128490852357,-11.106896167126843,log
25,-286.8833491867707,9.599952163349352,3.988128490852357,-9.89252879119604,log
