,WAIC,WAIC_se,p_WAIC,WAIC_i,WAIC_scale
0,-247.29821491084837,14.728956495851202,10.880733781633733,-14.09274846995953,log
1,-247.29821491084837,14.728956495851202,10.880733781633733,-13.610359440432733,log
2,-247.29821491084837,14.728956495851202,10.880733781633733,-15.973054153863554,log
3,-247.29821491084837,14.728956495851202,10.880733781633733,-16.157470046903494,log
4,-247.29821491084837,14.728956495851202,10.880733781633733,-11.485746710362516,log
5,-247.29821491084837,14.728956495851202,10.880733781633733,-9.983560083005676,log
6,-247.29821491084837,14.728956495851202,10.880733781633733,-15.252877573979955,log
7,-247.29821491084837,14.728956495851202,10.880733781633733,-9.962159972946324,log
8,-247.29821491084837,14.728956495851202,10.880733781633733,-15.53038314171557,log
9,-247.29821491084837,14.728956495851202,10.880733781633733,-16.157301684572477,log
10,-247.29821491084837,14.728956495851202,10.880733781633733,-8.80931077920566,log
11,-247.29821491084837,14.728956495851202,10.880733781633733,-7.580511070909981,log
12,-247.29821491084837,14.728956495851202,10.880733781633733,-9.420172483097538,log
13,-247.29821491084837,14.728956495851202,10.880733781633733,-16.151192142760603,log
14,-247.29821491084837,14.728956495851202,10.880733781633733,-8.194042822639023,log
15,-247.29821491084837,14.728956495851202,10.880733781633733,-8.946806756622086,log
16,-247.29821491084837,14.728956495851202,10.880733781633733,-8.675522307883364,log
17,-247.29821491084837,14.728956495851202,10.880733781633733,-7.8494750310491215,log
18,-247.29821491084837,14.728956495851202,10.880733781633733,-10.719126107784977,log
19,-247.29821491084837,14.728956495851202,10.880733781633733,-14.61573028679832,log
20,-247.29821491084837,14.728956495851202,10.880733781633733,-8.130663844355889,log
