,mean,sd,hdi_3%,hdi_97%,mcse_mean,mcse_sd,ess_mean,ess_sd,ess_bulk,ess_tail,r_hat
Intercept[0],57.943257141467214,2.831003286615312,52.403722390809705,63.06806951126388,0.08241593532362855,0.05829127818995843,1179.935760782033,1179.935760782033,1181.4196784502433,1754.8631490831801,1.0002746277596026
beta_row[0],-8.13672857924428,10.927308509752827,-28.69856266560806,12.162340344461443,0.3444198183703318,0.24881462324547696,1006.5842774014953,964.9554122202467,1006.6324423501578,1187.0377722769827,1.0004111996550793
frac_items_seen_sd,12.947837947776588,0.6843634498780597,11.71784925925986,13.887067689307344,0.01430638790341544,0.010259349459972618,2288.303480618864,2225.4499257358907,1661.4078721454111,1277.7023543623784,1.0001885712719487
