,mean,sd,hdi_3%,hdi_97%,mcse_mean,mcse_sd,ess_mean,ess_sd,ess_bulk,ess_tail,r_hat
Intercept[0],60.42010270864043,1.9240309060055638,57.015381031884864,64.2057956213795,0.0347894264256755,0.024602185513726848,3058.6483585765855,3058.6483585765855,3058.047662582207,2645.2738445028212,0.9998783777872068
beta_col[0],20.949158383738755,13.959181646001763,-4.678506782020537,47.12696867044486,0.48177410584589897,0.3485697508737865,839.5237932250333,802.4654959503199,836.9321832207227,1099.2649122256068,1.0034235472136117
frac_items_seen_sd,12.85004319355796,0.7196320102253585,11.582824453589259,13.888731702203682,0.01587486343568271,0.011458333590900777,2054.9485381674995,1972.7700554127844,1471.5752823322423,1039.3183423688674,1.0025089914319691
