,mean,sd,hdi_3%,hdi_97%,mcse_mean,mcse_sd,ess_mean,ess_sd,ess_bulk,ess_tail,r_hat
Intercept[0],47.76201630970207,3.458540139178868,41.290215117726326,54.16214922274817,0.1383894681065774,0.09981192458621568,624.56775736483,600.9144124528357,626.8005656871574,905.6611481964234,1.0033352356421954
beta_size[0],-188.85173308681917,99.70577597605511,-377.4967903575813,-2.438644025638329,9.31371299746457,7.617972006764621,114.60272217794444,86.23463150238777,123.2664808812189,121.30049154697672,1.0191373034267406
p_choose_last_seen_sd,21.181786680533595,1.2573386645458884,18.977803007272573,23.042274204263947,0.02938129994313041,0.021154291373752354,1831.3127879347276,1766.9366856185443,1353.0472067230414,933.3713313227694,1.0000405326924438
