,mean,sd,hdi_3%,hdi_97%,mcse_mean,mcse_sd,ess_mean,ess_sd,ess_bulk,ess_tail,r_hat
Intercept[0],84.00326071149325,1.5553183787007947,80.93702502948157,86.85974916673544,0.04240638996798496,0.030036691398549104,1345.1663736304058,1341.1994482876028,1334.8308600548182,2255.7414333673205,1.0000037825872914
beta_size[0],30.298884206957446,42.46289714043656,-48.38118231232855,107.26405262623132,2.502904441387596,1.771617240408575,287.82645283335296,287.82645283335296,289.8352089903067,543.2770907951792,1.0013866058800158
p_choose_best_seen_sd,9.572935527358352,0.497326325270964,8.677586570680045,10.258041558944026,0.010440187656409425,0.007484988355338639,2269.166102703389,2207.9305165984947,1771.293091641464,1429.439271867504,1.0000838895047408
