,mean,sd,hdi_3%,hdi_97%,mcse_mean,mcse_sd,ess_mean,ess_sd,ess_bulk,ess_tail,r_hat
Intercept[0],6.05778679604348,0.6000025407675516,4.934287448579587,7.183323977596778,0.01596953036137385,0.011359700711240544,1411.633285011334,1395.481207229354,1406.2973445342193,1497.5577440901209,1.0031725795779807
beta_rating[0],-1.5103688975263865,1.0669065121480366,-3.360727287272664,0.6741816502916356,0.02826405063761734,0.020841802134586418,1424.8984922630789,1310.8274188094638,1429.4063601327073,1600.763444825404,1.0030228092768187
RT_sd,1.8654876547762231,0.10742043347909842,1.67460097052129,2.013458461138413,0.0027125284241664043,0.0019391455084836497,1568.2857834209256,1534.9283056384813,1242.5336664983224,1281.2559867346686,0.9998179813271066
