,mean,sd,hdi_3%,hdi_97%,mcse_mean,mcse_sd,ess_mean,ess_sd,ess_bulk,ess_tail,r_hat
Intercept[0],5.599626154812849,0.2913431318406819,5.06747392961309,6.151987378751494,0.00557973589481632,0.003945891254168049,2726.3542341053812,2726.3542341053812,2711.370184106672,2753.1145965630753,1.0001520499383123
beta_size[0],-18.169602210196405,7.613404589136875,-32.190250273061935,-3.9189361245044814,0.21833861322909623,0.15453157594851175,1215.896823701636,1214.2330710343094,1218.2121709179332,1565.9889992950846,1.000130858908292
RT_sd,1.8396894151817194,0.11396784809525336,1.648730535013304,2.0135112057705253,0.0026053273218700785,0.0018750981438443504,1913.5512948441049,1847.667549375905,1476.7881240550216,963.5975842053011,1.000498064401174
