,mean,sd,hdi_3%,hdi_97%,mcse_mean,mcse_sd,ess_mean,ess_sd,ess_bulk,ess_tail,r_hat
Intercept[0],5.4666937413788945,0.2762609129992193,4.958011607916833,5.993042633512907,0.0043944886573466495,0.003112480170589053,3952.0478097696223,3939.671527135077,3950.2542426774503,2819.3242622686175,1.001763722557601
beta_col[0],3.9628992537322483,2.000552797081978,0.4035730515060525,7.832186826339284,0.035098067624985914,0.02543346612895953,3248.87963665887,3094.146152257323,3252.1756212079654,3005.4941937672006,0.9998061557724827
RT_sd,1.8531835843540783,0.11095549371159419,1.6639674052181508,2.013763454618411,0.002678361425091081,0.00192541890914185,1716.1658571564415,1661.00031000591,1294.9837743171995,916.9498337523981,1.0016104973953048
