,mean,sd,hdi_3%,hdi_97%,mcse_mean,mcse_sd,ess_mean,ess_sd,ess_bulk,ess_tail,r_hat
b,1.0,0.0,1.0,1.0,0.0,0.0,10000.0,10000.0,10000.0,10000.0,
p_error,0.05000000447034836,3.725476371840841e-09,0.05000000074505806,0.05000000074505806,3.7254763718408414e-11,2.6343864464297942e-11,10000.0,10000.0,10000.0,10000.0,
v,0.00017668690577527958,1.1332135088170709e-05,0.0001562939031552428,0.00019784778238820798,4.2519998061782414e-07,3.011205876509562e-07,710.292148302368,708.7127270125353,713.7877492014643,1358.7360468061913,1.002966614854199
s,0.004051102928283082,0.000235728154896587,0.0036303055822323326,0.004506582506959314,6.218392225979686e-06,4.397960068587178e-06,1437.0328308100845,1437.0328308100845,1438.7038818801157,1868.0731097086407,1.0000533024822893
tau,4.648323858996615,1.885422748088817,1.8824721544078946,8.609724719077136,0.08643649867983991,0.061157340277650664,475.7985919329566,475.7985919329566,452.98527597636024,740.1607753593696,1.0027110117694238
gamma,0.7631183570065189,0.15192717794734226,0.5080164245623052,0.9989849914483699,0.006193866180313348,0.00438184971115482,601.6546887508932,601.6546887508932,612.3059997631511,832.8136319000428,1.0007993838276927
zeta,2.622939677130503,1.8929494367227153,0.001375763687391148,6.1230315509810405,0.0885210968900527,0.06263383534698531,457.2823653137213,457.2823653137213,418.69357580091344,773.7995765257687,1.0022232133677391
