,mean,sd,hdi_3%,hdi_97%,mcse_mean,mcse_sd,ess_mean,ess_sd,ess_bulk,ess_tail,r_hat
b,1.0,0.0,1.0,1.0,0.0,0.0,10000.0,10000.0,10000.0,10000.0,
p_error,0.05000000447034836,3.725476371840841e-09,0.05000000074505806,0.05000000074505806,3.7254763718408414e-11,2.6343864464297942e-11,10000.0,10000.0,10000.0,10000.0,
v,0.0002480399306998087,1.6487323221173045e-05,0.00021584267721135795,0.0002774631343122742,4.3688189585676453e-07,3.089854382452681e-07,1424.2040214677756,1424.2040214677756,1421.4556625391597,1496.1824765640872,1.0011406330632353
s,0.00606322369508108,0.00036578443857892987,0.0053879428591116505,0.006749116589779657,9.484319522667664e-06,6.707742132350094e-06,1487.435346351431,1487.435346351431,1494.1405785176803,1447.2747224139046,1.0014295072671828
tau,7.125556523743489,1.7802787809918368,4.166760076477567,9.993436388876907,0.05817790280771477,0.04115080995884795,936.3967712058299,936.3967712058299,927.0209324631186,915.2221819378128,1.0077432965453723
gamma,0.8045064133164973,0.13326602639573548,0.5735199324624921,0.9996709588825232,0.005731766343730093,0.004055159608589604,540.582448491356,540.582448491356,593.9864150527451,895.3773807575088,1.0057917759370762
zeta,2.0654693967795197,1.2956323384128257,0.005703848788438225,4.263717866488822,0.05346099085027881,0.037821417436757473,587.339962357715,587.339962357715,544.9193778024658,1265.1792551734418,1.0094239541489134
