,mean,sd,hdi_3%,hdi_97%,mcse_mean,mcse_sd,ess_mean,ess_sd,ess_bulk,ess_tail,r_hat
b,1.0,0.0,1.0,1.0,0.0,0.0,10000.0,10000.0,10000.0,10000.0,
p_error,0.05000000447034836,3.725476371840841e-09,0.05000000074505806,0.05000000074505806,3.7254763718408414e-11,2.6343864464297942e-11,10000.0,10000.0,10000.0,10000.0,
v,0.00029894390450094016,2.772180181552116e-05,0.0002479953703214617,0.0003509951961873672,8.293958931469634e-07,5.937541526253129e-07,1117.1696986198265,1090.5158409700668,1140.9572408790596,1192.9552814638594,1.0021638624976454
s,0.00703175190312291,0.00036279197890945843,0.006369352429403251,0.007732495212696419,8.930668546749633e-06,6.316052739149506e-06,1650.2411431951639,1650.2411431951639,1645.543561245778,2089.848599558804,1.000774622083341
tau,5.372749700592926,2.086434595467017,2.0304995470183322,9.219752854458967,0.06889847375047302,0.04873408138922552,917.0443669471177,917.0443669471177,863.1190900240509,1054.0360941630538,1.0014734296455932
gamma,0.7972870459424913,0.14112147596401942,0.5439151415990936,0.9998565490427418,0.0039136679854077806,0.002848185765268521,1300.2242471603793,1228.0779924082965,1255.594787587263,1962.735045724351,1.0009628908319592
zeta,2.637274348626141,1.9745518097955461,0.002107772038832429,6.2040196121683255,0.06010726425678379,0.04251374668499166,1079.1533011172787,1079.1533011172787,1054.3670982225474,1818.9334909293423,1.0014732098575139
