,mean,sd,hdi_3%,hdi_97%,mcse_mean,mcse_sd,ess_mean,ess_sd,ess_bulk,ess_tail,r_hat
b,1.0,0.0,1.0,1.0,0.0,0.0,10000.0,10000.0,10000.0,10000.0,
p_error,0.05000000447034836,3.725476371840841e-09,0.05000000074505806,0.05000000074505806,3.7254763718408414e-11,2.6343864464297942e-11,10000.0,10000.0,10000.0,10000.0,
v,0.0004432010941171181,5.154318315431019e-05,0.0003477511448640519,0.0005400230335893524,1.5043612703217205e-06,1.064008460638296e-06,1173.9191399220979,1173.9191399220979,1149.8373317442313,1822.6378625758844,1.0023726965548676
s,0.008224781804265346,0.00042250774828902864,0.007474782302890296,0.009035246238264735,1.0464276562060496e-05,7.414581176563273e-06,1630.2377190858904,1624.1350118497166,1641.8628950895575,1939.4870502067404,1.0012900311921111
tau,2.6692823870109823,1.0900864161319814,1.258964478858321,4.723262577976395,0.05265042487336097,0.03725483306163851,428.66506907533017,428.66506907533017,432.6660394804235,811.4940259312799,1.0065130670773113
gamma,0.7145684896693068,0.16943378691836067,0.4376541891224577,0.9981051009562564,0.008778325380600015,0.006212079568131597,372.5432390504046,372.5432390504046,375.18577324226794,607.8085462798347,1.0058208821895205
zeta,2.134925440907189,1.730428967111932,0.0009333867678894519,5.297518689330656,0.05783248993727225,0.040907075529709354,895.2900772806988,895.2900772806988,830.2025583187192,1630.2103133453288,1.0030239307763298
