,mean,sd,hdi_3%,hdi_97%,mcse_mean,mcse_sd,ess_mean,ess_sd,ess_bulk,ess_tail,r_hat
b,1.0,0.0,1.0,1.0,0.0,0.0,10000.0,10000.0,10000.0,10000.0,
p_error,0.05000000447034836,3.725476371840841e-09,0.05000000074505806,0.05000000074505806,3.7254763718408414e-11,2.6343864464297942e-11,10000.0,10000.0,10000.0,10000.0,
v,0.0003376942873253948,2.803112938938196e-05,0.000284625763720267,0.00038940093279792764,7.590010533981052e-07,5.368096008291718e-07,1363.9436707985153,1363.9436707985153,1371.489171262006,1841.8932884968574,1.0021837706820869
s,0.006017854322029538,0.0003300146859859174,0.005434865161094152,0.0066487320675099,1.002382384757141e-05,7.089821931563714e-06,1083.9261194328271,1083.9261194328271,1072.647896519237,1595.3734031285558,1.0018773463538435
tau,3.7338667273362915,1.8654738125315682,1.2864106596621445,7.722464390529602,0.08158710520475188,0.057723011317891336,522.7996224149276,522.7996224149276,514.8628485965448,910.3307248992004,1.0058263182960658
gamma,0.8151421028521832,0.1301843556474573,0.5896286740394284,0.9998620348363818,0.004277817492475672,0.00303137931024806,926.1324294034417,922.7449754450367,907.0802542718556,1349.7776131212033,1.0026827343171842
zeta,1.9696407422107218,1.558643368018421,0.00035913013728173837,4.9039213270055475,0.062138110440634935,0.043958663556907966,629.1836473185634,629.1836473185634,609.0826582389567,1009.8242326594719,1.0064597512702118
