,mean,sd,hdi_3%,hdi_97%,mcse_mean,mcse_sd,ess_mean,ess_sd,ess_bulk,ess_tail,r_hat
b,1.0,0.0,1.0,1.0,0.0,0.0,10000.0,10000.0,10000.0,10000.0,
p_error,0.05000000447034836,3.725476371840841e-09,0.05000000074505806,0.05000000074505806,3.7254763718408414e-11,2.6343864464297942e-11,10000.0,10000.0,10000.0,10000.0,
v,0.0005353967561220986,0.00010697254037054908,0.0003660387565486739,0.0007333808336875769,3.4060998045181216e-06,2.4091888239650966e-06,986.347345754586,986.347345754586,988.9837560518425,1386.61526358922,1.0015105181284318
s,0.007225017608384864,0.0005640761006659495,0.006215060365388208,0.00831740305754767,1.4741007133086207e-05,1.0425543051639692e-05,1464.2697359102906,1464.2697359102906,1458.5418699096758,1766.1868860723253,1.0010746638779242
tau,6.917399347020734,1.9050354397700617,3.7640008928510946,9.97418894140679,0.044116818094249846,0.03195615422002388,1864.6518462085573,1777.5002052519249,1777.0764773361198,1928.199499521218,1.0010571680064113
gamma,0.8018519778396589,0.13623127291302883,0.5683983383002551,0.9994704096480562,0.0058737305795652445,0.004155608764432363,537.9297766306478,537.9297766306478,556.2665362022836,1192.1674473728908,1.0002397614809724
zeta,1.8622415557972192,1.2559322037251404,0.005776528630685757,4.064487215575277,0.04912840515451613,0.03475454400811376,653.5323061836979,653.5323061836979,621.6369681031101,1148.6959592529993,1.0030593774608396
