,mean,sd,hdi_3%,hdi_97%,mcse_mean,mcse_sd,ess_mean,ess_sd,ess_bulk,ess_tail,r_hat
b,1.0,0.0,1.0,1.0,0.0,0.0,10000.0,10000.0,10000.0,10000.0,
p_error,0.05000000447034836,3.725476371840841e-09,0.05000000074505806,0.05000000074505806,3.7254763718408414e-11,2.6343864464297942e-11,10000.0,10000.0,10000.0,10000.0,
v,0.00024076199779411446,1.680737356107378e-05,0.00021126725264560301,0.0002734474898642158,5.31554917336555e-07,3.7597579315854815e-07,999.7776535725379,999.7776535725379,1006.7926845593029,1598.2853456179942,1.002539265892629
s,0.004777080934696201,0.0002059586013594261,0.004397725154479653,0.005175708230509261,5.977839460347387e-06,4.236406185357554e-06,1187.0564517157861,1182.3580549160538,1180.3391786007187,1742.7220155731452,1.0014378881268857
tau,3.1079255161627852,1.777951959145046,0.9654748866044041,6.902478821967042,0.136153629103257,0.09644030795495442,170.52246444400646,170.52246444400646,171.8990809002846,270.40336391524596,1.0095497577573598
gamma,0.7722264047900598,0.1568818939562185,0.48558496873953594,0.999900483932474,0.0066986529939382766,0.004849409226832945,548.4924900956048,523.8680346352945,564.6916617750452,1179.6661181650818,1.0026278210319464
zeta,2.7051239283634483,2.193528782032387,0.00011674537041208808,6.933938660135591,0.15380407066763696,0.10891223470871021,203.4000310070832,203.4000310070832,207.40734313772134,531.6001599913069,1.009199365764538
