,mean,sd,hdi_3%,hdi_97%,mcse_mean,mcse_sd,ess_mean,ess_sd,ess_bulk,ess_tail,r_hat
b,1.0,0.0,1.0,1.0,0.0,0.0,10000.0,10000.0,10000.0,10000.0,
p_error,0.05000000447034836,3.725476371840841e-09,0.05000000074505806,0.05000000074505806,3.7254763718408414e-11,2.6343864464297942e-11,10000.0,10000.0,10000.0,10000.0,
v,0.0002904150861634252,1.7648720522983252e-05,0.00025967649923514717,0.00032468950251028725,7.164388346156112e-07,5.068424487658446e-07,606.8316365337243,606.8316365337243,603.1815829019664,933.2049529253148,1.0015940465278204
s,0.004886543778345178,0.0004923448836666244,0.0039517727607621,0.005780266043428117,1.3512669441752446e-05,9.55700019241251e-06,1327.5673189816848,1327.5673189816848,1334.001170971105,1620.4155412237808,1.0022879518602983
tau,2.4070179254015236,1.4484885073097917,0.7204812950607196,5.274185062932474,0.06361662008327358,0.04500907549436054,518.4285668939247,518.4285668939247,465.54214660336,774.7195169324983,1.001755200558284
gamma,0.2485750229500538,0.1664338761695486,0.0003612968706122569,0.5452314232164979,0.005301973977475225,0.003750172001874007,985.3902752638046,985.3902752638046,923.3265467518602,1331.5591267203229,0.999908519020196
zeta,5.301468102784007,2.812345059975449,0.866028804181662,9.995910048340011,0.11413767318053869,0.08074632677470504,607.1264882314907,607.1264882314907,614.4788221468309,1409.344355022728,1.0020537637472982
