,mean,sd,hdi_3%,hdi_97%,mcse_mean,mcse_sd,ess_mean,ess_sd,ess_bulk,ess_tail,r_hat
b,1.0,0.0,1.0,1.0,0.0,0.0,10000.0,10000.0,10000.0,10000.0,
p_error,0.05000000447034836,3.725476371840841e-09,0.05000000074505806,0.05000000074505806,3.7254763718408414e-11,2.6343864464297942e-11,10000.0,10000.0,10000.0,10000.0,
v,0.0003503066730814592,3.548382167271139e-05,0.000286779600420845,0.0004194890185713111,8.817937914477823e-07,6.267906638361327e-07,1619.2977131987332,1603.0379858117963,1623.8582647118585,1652.8294328117554,1.000537869812067
s,0.008653195901336232,0.000477788048718095,0.007753893619976973,0.009498684409306504,1.1703127119074701e-05,8.276809106171009e-06,1666.7356308620617,1666.7356308620617,1664.3741986053622,1825.368190496949,1.0011705344804118
tau,7.056354943659123,2.002213947662831,3.5301940838970296,9.997030734006252,0.05198282354972289,0.03676463600352889,1483.5467416700071,1483.5467416700071,1510.4128901823983,1539.8422608831288,1.0034565728131863
gamma,0.6871609784647853,0.17693411457112054,0.41093361577734416,0.9908606204712227,0.01016916368201014,0.007249465660116667,302.728060589893,298.42217517848854,306.9850486344738,722.4822922550742,1.000667200741022
zeta,2.609628094146297,1.8308454607773572,0.0004903720343897946,5.817917677197615,0.09716309383067642,0.06876119977194338,355.0591469103704,355.0591469103704,342.63590289051166,707.1834018103558,1.0003724169682289
