,mean,sd,hdi_3%,hdi_97%,mcse_mean,mcse_sd,ess_mean,ess_sd,ess_bulk,ess_tail,r_hat
b,1.0,0.0,1.0,1.0,0.0,0.0,10000.0,10000.0,10000.0,10000.0,
p_error,0.05000000447034836,3.725476371840841e-09,0.05000000074505806,0.05000000074505806,3.7254763718408414e-11,2.6343864464297942e-11,10000.0,10000.0,10000.0,10000.0,
v,0.00038610627519990734,5.0245231343584986e-05,0.00028607641163182353,0.00047442812410533586,1.614493747066354e-06,1.141963441659734e-06,968.5386713369538,968.5386713369538,972.7398800173457,1552.976531707997,1.0031926709712025
s,0.008640333055632268,0.0007161737994017476,0.0072906245620441455,0.009910790421050043,2.429637933891502e-05,1.7185905018228218e-05,868.8678709838994,868.8678709838994,878.2112503505896,1357.8535916138455,1.0020465654186292
tau,3.021625239847515,1.7697780686693183,1.0066356790174744,6.8053041387980695,0.07789992526248815,0.056378241880362355,516.1352680970696,493.28567604491866,523.3026056751316,692.0064184060675,1.0033059141309117
gamma,0.8520901493098773,0.10892793429562482,0.6550293151574612,0.999829948876938,0.0031800057556161296,0.002259703792617096,1173.3368853124143,1162.4211867813906,1165.3853125949238,1462.6651790087906,1.0007153400596915
zeta,1.1982311731997597,0.8967381671250817,0.0008154613832806792,2.702846516589912,0.02550816522071258,0.018041255064959173,1235.8702178765157,1235.8702178765157,1153.208985545505,2033.868496537769,1.0009805106386154
