,mean,sd,hdi_3%,hdi_97%,mcse_mean,mcse_sd,ess_mean,ess_sd,ess_bulk,ess_tail,r_hat
b,1.0,0.0,1.0,1.0,0.0,0.0,10000.0,10000.0,10000.0,10000.0,
p_error,0.05000000447034836,3.725476371840841e-09,0.05000000074505806,0.05000000074505806,3.7254763718408414e-11,2.6343864464297942e-11,10000.0,10000.0,10000.0,10000.0,
v,0.00034048454695621253,2.141231345393347e-05,0.0002991121688737739,0.000377728404813724,5.472844070789649e-07,3.8706227615071143e-07,1530.7386060054225,1530.7386060054225,1544.9691171480154,1743.8923632359488,1.0004848143996077
s,0.00540069567016649,0.0002988667035400841,0.00486274883549856,0.005973317431339494,8.210962628517643e-06,5.810637453290416e-06,1324.850627646211,1323.332575997808,1323.7822682881529,1321.3934711879672,1.002656991343256
tau,1.4948285777657218,0.43156345615638586,0.8529330415527732,2.3129057724888407,0.026249267637988977,0.01858109989282882,270.3055376308965,270.3055376308965,274.75728294984515,773.2898626448751,1.0116674042488147
gamma,0.6942334396929899,0.1751831530729385,0.4111089796367239,0.9992272309326602,0.010729805483928389,0.0075954353487259745,266.56368276350776,266.56368276350776,273.1541816946544,1045.3939208242077,1.0074047228860001
zeta,4.027091979025348,2.54840887735578,0.0008000106245194135,8.432353112499456,0.16636706341638496,0.11778581896331246,234.64079252508296,234.64079252508296,234.09752638042704,955.9400549876501,1.0111036885331417
