,mean,sd,hdi_3%,hdi_97%,mcse_mean,mcse_sd,ess_mean,ess_sd,ess_bulk,ess_tail,r_hat
b,1.0,0.0,1.0,1.0,0.0,0.0,10000.0,10000.0,10000.0,10000.0,
p_error,0.05000000447034836,3.725476371840841e-09,0.05000000074505806,0.05000000074505806,3.7254763718408414e-11,2.6343864464297942e-11,10000.0,10000.0,10000.0,10000.0,
v,0.00017304486084276675,1.6140178721876784e-05,0.00014184474866458458,0.0002015091430069942,5.425556232525308e-07,3.844121002313376e-07,884.9691688814344,882.0230254599408,887.733502334386,1329.9152530947529,1.0040033460086009
s,0.004626167003872438,0.00034998650441228635,0.003998893670387597,0.005323592053176007,1.174192764900425e-05,8.305523949189354e-06,888.4311887385251,888.4311887385251,883.7219990944423,1274.3074189753447,1.004058267381572
tau,1.6620412500154613,0.6746455615996462,0.6969708438045705,2.8794644757333216,0.02754349108346443,0.01948566559262667,599.9476607499605,599.9476607499605,531.9323114056391,980.1483685079861,1.001407908661315
gamma,0.15263774340708355,0.10113568093909445,0.00031855094218944844,0.3280110904207906,0.003489001721585473,0.0024679536639809242,840.245970195256,840.245970195256,767.6656568716842,1221.988177352141,1.0015421137630005
zeta,6.626970343218852,2.2902613528248783,2.6159024797602664,9.99133482744567,0.09676659671030328,0.06845997527620963,560.1691081418597,560.1691081418597,597.8854851701788,957.4593578014816,1.0013015520856678
