,mean,sd,hdi_3%,hdi_97%,mcse_mean,mcse_sd,ess_mean,ess_sd,ess_bulk,ess_tail,r_hat
b,1.0,0.0,1.0,1.0,0.0,0.0,10000.0,10000.0,10000.0,10000.0,
p_error,0.05000000447034836,3.725476371840841e-09,0.05000000074505806,0.05000000074505806,3.7254763718408414e-11,2.6343864464297942e-11,10000.0,10000.0,10000.0,10000.0,
v,0.0002546347863284085,1.8934269465382254e-05,0.00022023385528917934,0.0002901842786364294,4.939636858902985e-07,3.493544315358799e-07,1469.2884405617579,1469.2884405617579,1460.5221945575825,1782.7023948832855,1.0017078293200794
s,0.0056561694776668305,0.00033144567752849824,0.0050673004898668965,0.00627959857895775,8.14927515974319e-06,5.774146099617365e-06,1654.1951963226009,1648.0596972423975,1675.36028428614,1878.874372444942,1.002600462821652
tau,6.2749065306225855,2.0230354477349026,3.12745821878765,9.951384504901608,0.07200982541033223,0.05093746427343187,789.2661354615659,789.2661354615659,778.3384559601001,902.1027002509633,1.0003762887672936
gamma,0.8831336603681519,0.09446591885654901,0.7161867906096677,0.9999911070894771,0.0030581250232936978,0.002195849082618269,954.2009259771859,925.9531965915962,843.2720933455505,1266.267617376993,1.0023200123226457
zeta,1.0842558650729628,0.9605288865847664,0.0005925871816657749,2.7475564413646585,0.03680389000498789,0.026035432104493682,681.1353376321629,681.1353376321629,692.0051413438703,856.725867056862,1.0032602045248382
