,mean,sd,hdi_3%,hdi_97%,mcse_mean,mcse_sd,ess_mean,ess_sd,ess_bulk,ess_tail,r_hat
b,1.0,0.0,1.0,1.0,0.0,0.0,10000.0,10000.0,10000.0,10000.0,
p_error,0.05000000447034836,3.725476371840841e-09,0.05000000074505806,0.05000000074505806,3.7254763718408414e-11,2.6343864464297942e-11,10000.0,10000.0,10000.0,10000.0,
v,0.00022755821520261112,2.4670710222445443e-05,0.0001829877510738872,0.0002738084401708653,8.410664715048287e-07,5.949255261165818e-07,860.4044806718341,860.4044806718341,868.3355341147779,1428.151533130949,1.0007073835714215
s,0.004912935703118482,0.0003095491878940827,0.004294318243896885,0.005463941137875122,9.099606299925505e-06,6.466792747729101e-06,1157.2152081693844,1146.2320384072996,1150.408643449991,1338.5183698183284,1.0019685533101852
tau,5.611068763727185,1.9689165823986,2.3190002088156945,9.285270847044393,0.09537547974911759,0.06748685831117868,426.1683197855602,426.1683197855602,408.4727826881503,600.6594172348027,1.0062329498852
gamma,0.8736897733015049,0.09350554663015061,0.7071458610711376,0.999935781092336,0.003662850398676355,0.002635672210810738,651.6829887054864,629.8895095156049,611.5538763868333,1148.41185169026,1.0012435908236894
zeta,1.0894287676419465,0.8916866565413113,0.0010236998721996245,2.820381842465776,0.0467988071619586,0.03311837626872277,363.0404093928177,363.0404093928177,376.11969539610385,442.02031855114086,1.001485064998617
