,mean,sd,hdi_3%,hdi_97%,mcse_mean,mcse_sd,ess_mean,ess_sd,ess_bulk,ess_tail,r_hat
b,1.0,0.0,1.0,1.0,0.0,0.0,10000.0,10000.0,10000.0,10000.0,
p_error,0.05000000447034836,3.725476371840841e-09,0.05000000074505806,0.05000000074505806,3.7254763718408414e-11,2.6343864464297942e-11,10000.0,10000.0,10000.0,10000.0,
v,0.00020730031359136744,1.694459007560778e-05,0.0001759259427941407,0.0002393979428250896,6.594630999825309e-07,4.665169917918004e-07,660.208534441803,660.208534441803,660.4377117177194,1177.3459488262583,1.0016952769858234
s,0.0045671819613459985,0.0002858257723883625,0.004013048559560981,0.005076725099449375,1.1015987039174032e-05,7.792856362590823e-06,673.2183405041296,673.2183405041296,673.855134479934,1043.2671326661068,1.0017581199176806
tau,1.778875666980903,0.6507080971568019,0.8347312884815893,2.9846749185838304,0.03756311173705656,0.026586989584028265,300.08846195046635,300.08846195046635,279.80593601806316,693.1977383674861,1.0040839442764578
gamma,0.6100275704823944,0.17409578427662756,0.3181860072476814,0.938487659868347,0.010588291562318265,0.007495145073408406,270.3489743747224,270.3489743747224,278.2130651192737,564.1380156753606,1.0088835371358782
zeta,5.432237282122643,2.7079621227044433,1.051961565699648,9.989212648315036,0.16294681649321663,0.1153426997925231,276.18075388286843,276.18075388286843,288.71013916266816,753.7191600110281,1.011465801821517
