,mean,sd,hdi_3%,hdi_97%,mcse_mean,mcse_sd,ess_mean,ess_sd,ess_bulk,ess_tail,r_hat
b,1.0,0.0,1.0,1.0,0.0,0.0,10000.0,10000.0,10000.0,10000.0,
p_error,0.05000000447034836,3.725476371840841e-09,0.05000000074505806,0.05000000074505806,3.7254763718408414e-11,2.6343864464297942e-11,10000.0,10000.0,10000.0,10000.0,
v,0.0002665395049237374,2.1669504354159363e-05,0.00022318469975025166,0.00030426908048612473,8.561003119396552e-07,6.056301299960253e-07,640.6910320336694,640.6910320336694,646.0444754745811,1071.1797342870607,1.0026478865493025
s,0.005171301039576288,0.00042641566064810705,0.004415003773606546,0.005952110545491791,1.73590737979236e-05,1.2284104153191742e-05,603.410959362563,603.0726611505423,605.1525893337011,1120.010820635567,1.00301477195269
tau,1.8719403562101877,0.7847932142255654,0.8010287382618626,3.3530526571983654,0.048706127778985094,0.03447919867372192,259.6230639094438,259.6230639094438,251.60370401800375,553.0848772820779,1.0075703395835856
gamma,0.5207977200661708,0.18802337322679813,0.2037499691174465,0.8775935684815749,0.012100627460601986,0.008566793524518126,241.43926397637,241.43926397637,235.9180746417817,608.606354461559,1.0066955972378715
zeta,4.5073537000960116,2.862330522878038,0.0018450735210939699,9.204567873212104,0.171419604690366,0.12133898980412967,278.8165730923416,278.8165730923416,280.4276690587643,946.510819994738,1.0095961608943902
