,mean,sd,hdi_3%,hdi_97%,mcse_mean,mcse_sd,ess_mean,ess_sd,ess_bulk,ess_tail,r_hat
b,1.0,0.0,1.0,1.0,0.0,0.0,10000.0,10000.0,10000.0,10000.0,
p_error,0.05000000447034836,3.725476371840841e-09,0.05000000074505806,0.05000000074505806,3.7254763718408414e-11,2.6343864464297942e-11,10000.0,10000.0,10000.0,10000.0,
v,0.0003300314451122132,2.600323648890959e-05,0.0002784103286124173,0.0003751180270057443,7.542888116038712e-07,5.355082522478445e-07,1188.4460724882515,1179.5254728402233,1179.8611934055568,1592.0918250782045,1.0026994921533858
s,0.006700662216032357,0.0004062033290985239,0.0059693912808480515,0.007467075781196416,1.2769593541424708e-05,9.032070116778961e-06,1011.8888470930185,1011.8888470930185,1007.881099880485,1416.8064044966757,1.0037159178789279
tau,4.338085701965265,1.9642149133503894,1.6996648342372442,8.426407185013916,0.0759562212566696,0.05373260177763408,668.7307696410633,668.7307696410633,629.8208210072765,1295.523093897744,1.0053575595041924
gamma,0.9102720902957694,0.07141911520487772,0.7802771520557964,0.99997002010927,0.0020196316229310965,0.0014421437192213276,1250.502622089564,1226.8413501616117,1140.8982500039224,1467.5568563769518,1.0017025545129528
zeta,0.7403766032855127,0.6540581082935075,0.0009514612727523549,1.9645132132850787,0.022570016163825993,0.015964957634631252,839.7865750535499,839.7865750535499,828.0868057274554,1248.0452300580446,1.001167047168363
