,mean,sd,hdi_3%,hdi_97%,mcse_mean,mcse_sd,ess_mean,ess_sd,ess_bulk,ess_tail,r_hat
b,1.0,0.0,1.0,1.0,0.0,0.0,10000.0,10000.0,10000.0,10000.0,
p_error,0.05000000447034836,3.725476371840841e-09,0.05000000074505806,0.05000000074505806,3.7254763718408414e-11,2.6343864464297942e-11,10000.0,10000.0,10000.0,10000.0,
v,0.0002636099739419652,2.6259866816110342e-05,0.00021744070891095439,0.0003154394822503582,5.883105458568246e-07,4.1669244627435507e-07,1992.3781546889718,1986.329766443393,2003.727172397362,2052.0479198417897,1.0002646323597824
s,0.006353396645699414,0.0003486888601617119,0.005716379238706743,0.00702859549318241,9.229908521590419e-06,6.5278651609371094e-06,1427.1885482242847,1427.1885482242847,1428.132836886464,1933.489892737612,1.0027460508754844
tau,4.65377652500463,1.5739362851501764,2.106148950388546,7.618477484439458,0.07284387750909375,0.051540613362449264,466.86163258825235,466.86163258825235,441.88285193138165,1213.1704219670496,1.0012702117419925
gamma,0.6112002538679102,0.18964279607516257,0.33682228669744846,0.9946749651081507,0.009879100775451738,0.0069911156805349635,368.5003193013508,368.5003193013508,362.56519250491726,632.4468182570924,1.0016861962693966
zeta,3.4005157169995495,2.5208539698027232,0.0011272847157919072,7.987601797724753,0.1292408692517482,0.09145724767987293,380.44828941554846,380.44828941554846,364.3439948265811,847.5400729493576,1.0017605093285253
