,mean,sd,hdi_3%,hdi_97%,mcse_mean,mcse_sd,ess_mean,ess_sd,ess_bulk,ess_tail,r_hat
b,1.0,0.0,1.0,1.0,0.0,0.0,10000.0,10000.0,10000.0,10000.0,
p_error,0.05000000447034836,3.725476371840841e-09,0.05000000074505806,0.05000000074505806,3.7254763718408414e-11,2.6343864464297942e-11,10000.0,10000.0,10000.0,10000.0,
v,0.0003074622285503603,3.16618980236927e-05,0.000250020522125194,0.00036327759833193934,8.306956437331906e-07,5.934618895117076e-07,1452.747128299822,1423.7580944971874,1510.0897783511862,1494.2292505343564,1.0023963873018336
s,0.005567020560215563,0.00031413066275798074,0.004960218756532486,0.006122069733703219,8.498032834296726e-06,6.0551274466460715e-06,1366.4188723445666,1346.2704569124453,1426.151421503739,1454.2165760502735,1.0005010082200378
tau,5.922127665570259,1.9391988979972168,2.8639268107463804,9.506816506932799,0.05528161264519636,0.03969928289405751,1230.5047776474378,1193.6079431009596,1203.32129037203,1420.2997903002686,1.0012996975316828
gamma,0.8894171970336323,0.08508028823919543,0.7341324535249135,0.9997010581187733,0.002174145521432578,0.0015625475475959589,1531.3719456437266,1482.9697713194162,1407.646815072299,1956.920460971629,1.0013062676910143
zeta,0.9263850158596025,0.7871410220732534,0.00031270065351914755,2.365860595982254,0.020736223637105936,0.014665693319541546,1440.9395331753592,1440.9395331753592,1329.2264249986756,1847.6657278327323,1.0028833796760006
