,mean,sd,hdi_3%,hdi_97%,mcse_mean,mcse_sd,ess_mean,ess_sd,ess_bulk,ess_tail,r_hat
b,1.0,0.0,1.0,1.0,0.0,0.0,10000.0,10000.0,10000.0,10000.0,
p_error,0.05000000447034836,3.725476371840841e-09,0.05000000074505806,0.05000000074505806,3.7254763718408414e-11,2.6343864464297942e-11,10000.0,10000.0,10000.0,10000.0,
v,0.000160652524694316,1.1836023317540932e-05,0.00013931283169626435,0.0001832647633858414,3.580802471897891e-07,2.532685946968167e-07,1092.5740841554486,1092.5740841554486,1095.474299734351,1361.4657404044035,1.00236314508414
s,0.003969224264702757,0.0002217677245770585,0.003577765282933423,0.0043868382889501786,6.900641902261456e-06,4.889361596859583e-06,1032.8034951842537,1029.2209103074351,1049.3121334723348,1650.6781599858887,1.0027826472072234
tau,2.5272566032621877,1.1803914405909186,1.1009652324662231,4.403515214002615,0.050382586468678464,0.03564481616127339,548.8974148888499,548.8974148888499,539.2826953353805,805.7902995284559,1.0084610981568494
gamma,0.7983647650265583,0.13129777679636526,0.5763909691782652,0.9994900702239197,0.0048065570076659256,0.003430962185196449,746.1850605369054,732.8224314326371,766.8647182058269,1352.1850921111234,1.0052002958110429
zeta,1.9456112580096603,1.4493735408099706,0.0037753756473746978,4.502143177011698,0.06105424238958,0.04319423242630255,563.5454717137908,563.5454717137908,530.8081430272111,1049.9209491999031,1.0065658075722599
