,mean,sd,hdi_3%,hdi_97%,mcse_mean,mcse_sd,ess_mean,ess_sd,ess_bulk,ess_tail,r_hat
b,1.0,0.0,1.0,1.0,0.0,0.0,10000.0,10000.0,10000.0,10000.0,
p_error,0.05000000447034836,3.725476371840841e-09,0.05000000074505806,0.05000000074505806,3.7254763718408414e-11,2.6343864464297942e-11,10000.0,10000.0,10000.0,10000.0,
v,0.00017759188640008829,1.201608432675434e-05,0.00015496626976730613,0.0001997177673159714,3.6439705739613806e-07,2.5773677665368427e-07,1087.367159591946,1087.367159591946,1094.6288319922076,1225.6257837699495,1.0019390911826722
s,0.0038658259820531023,0.0002407914166177817,0.0034415991386707112,0.004361383136059493,7.262493365395658e-06,5.136721456667939e-06,1099.2855170314117,1099.2855170314117,1103.232062755062,1442.9194161340781,1.0010255196573459
tau,3.0357232929020594,1.2764043600522523,1.4118331725099786,5.23683932702848,0.07168229844976785,0.05073373885832272,317.0682192590707,317.0682192590707,334.20649153931964,603.2755209344745,1.001808619735506
gamma,0.6855198095855826,0.17909941820024933,0.38539846546305245,0.9979210043485878,0.008181412368876144,0.005788656840559517,479.2165233456347,479.2165233456347,492.95469013523285,707.7082662276515,1.0036822201971087
zeta,3.817613908593709,2.6268526213254284,0.015010486255523552,8.562984931252702,0.12565805956283743,0.08891303585179355,437.00933805489717,437.00933805489717,427.03173944035143,1034.0170963744317,1.0031506532071328
