,mean,sd,hdi_3%,hdi_97%,mcse_mean,mcse_sd,ess_mean,ess_sd,ess_bulk,ess_tail,r_hat
b,1.0,0.0,1.0,1.0,0.0,0.0,10000.0,10000.0,10000.0,10000.0,
p_error,0.05000000447034836,3.725476371840841e-09,0.05000000074505806,0.05000000074505806,3.7254763718408414e-11,2.6343864464297942e-11,10000.0,10000.0,10000.0,10000.0,
v,0.0001999823424525435,1.7750498601420965e-05,0.00016696638829216548,0.00023351744407062314,6.442779081113568e-07,4.557484458357036e-07,759.0574261048129,759.0574261048129,759.9033276914479,1111.228025350141,1.0057202964471024
s,0.004999900289435154,0.0002614767223287176,0.004521697896229546,0.005477451951987822,7.752252021781143e-06,5.483075954385937e-06,1137.6542635793407,1137.6542635793407,1135.2985661613952,1707.389703553498,1.0039356739071754
tau,3.141035328823943,1.29156996124931,1.2752788742333376,5.591765744067477,0.052577122384895036,0.03719562369002419,603.451325890975,603.451325890975,514.1740853272728,673.5589987712503,1.0077157280105153
gamma,0.7472303624253004,0.16280654208641082,0.47154168248831146,0.9996755694305659,0.006635955547387227,0.00469460477448441,601.917220232578,601.917220232578,618.4469619106175,1203.936655249532,1.0027363190461676
zeta,3.3118002649385847,2.2507510716968406,0.011758388103662082,7.343001458409518,0.09295636557968309,0.0657628046978573,586.2686354530794,586.2686354530794,564.4429105508078,1376.8231740214806,1.0026320780055509
