,mean,sd,hdi_3%,hdi_97%,mcse_mean,mcse_sd,ess_mean,ess_sd,ess_bulk,ess_tail,r_hat
b,1.0,0.0,1.0,1.0,0.0,0.0,10000.0,10000.0,10000.0,10000.0,
p_error,0.05000000447034836,3.725476371840841e-09,0.05000000074505806,0.05000000074505806,3.7254763718408414e-11,2.6343864464297942e-11,10000.0,10000.0,10000.0,10000.0,
v,0.00022377947232509338,1.266497721471646e-05,0.00019740947892900537,0.0002451569977111574,4.270243006763222e-07,3.0205195533903556e-07,879.6373172246131,879.6373172246131,886.7247857893582,1510.1852433894503,1.003678698432988
s,0.003829638278125021,0.0002778406729230921,0.0033223913836712055,0.004334162915601835,9.99419175763516e-06,7.075593118605728e-06,772.8519168257328,771.5506583232273,775.1069309514718,1401.3043966345501,1.002140876466513
tau,2.3197022842237334,0.9277658138166415,1.044573228001635,4.040158194659114,0.04459796767235851,0.031556803792658246,432.7594842585477,432.7594842585477,408.6268393546891,790.1181110455577,1.0038641352332422
gamma,0.661873714928269,0.19377463255237162,0.3547414677620955,0.9999473244453082,0.00945055081099388,0.006687190115988804,420.4163536430451,420.4163536430451,433.95380049596673,972.5493631572621,1.002733681559047
zeta,4.368344100720623,2.749179269633312,0.0038317755815350054,8.994963804201717,0.12535911093505517,0.08869608984604212,480.9437818209653,480.9437818209653,493.4120523954852,1193.6461355310078,1.0043540870817218
