,mean,sd,hdi_3%,hdi_97%,mcse_mean,mcse_sd,ess_mean,ess_sd,ess_bulk,ess_tail,r_hat
b,1.0,0.0,1.0,1.0,0.0,0.0,10000.0,10000.0,10000.0,10000.0,
p_error,0.05000000447034836,3.725476371840841e-09,0.05000000074505806,0.05000000074505806,3.7254763718408414e-11,2.6343864464297942e-11,10000.0,10000.0,10000.0,10000.0,
v,0.00015201173255685835,1.0237317321182077e-05,0.00013315604749111802,0.00017129799146223794,3.090563473711144e-07,2.1859395682094847e-07,1097.228286532825,1097.228286532825,1100.6139501017597,1460.8074633323308,1.001404175354674
s,0.0035395261323013087,0.00018804739028236965,0.0031985764954314847,0.003893178441294957,6.462122186362797e-06,4.570985190948154e-06,846.806709623777,846.806709623777,854.1222884531085,1442.521833297822,1.0021776603906922
tau,1.4722353262968078,0.5495352541333531,0.7473672876512937,2.5754394374886465,0.05299788989477054,0.037577301400451776,107.51621336142374,107.51621336142374,104.37130831836832,274.8129066116971,1.0210087590941375
gamma,0.44167637775476754,0.16058445430979873,0.15558009536282444,0.7208965761342052,0.015267925786004631,0.010824647032441577,110.62337901791318,110.62337901791318,108.54586559250333,265.5139584777568,1.0213887994686504
zeta,5.939556359816715,2.7042012893004856,1.2320771635483156,9.996442324210593,0.2154947587669534,0.15266092989843924,157.47245836349012,157.47245836349012,164.2428562020764,463.87600043123064,1.010244051761022
