,mean,sd,hdi_3%,hdi_97%,mcse_mean,mcse_sd,ess_mean,ess_sd,ess_bulk,ess_tail,r_hat
b,1.0,0.0,1.0,1.0,0.0,0.0,10000.0,10000.0,10000.0,10000.0,
p_error,0.05000000447034836,3.725476371840841e-09,0.05000000074505806,0.05000000074505806,3.7254763718408414e-11,2.6343864464297942e-11,10000.0,10000.0,10000.0,10000.0,
v,0.000251303254781428,1.9160786227461045e-05,0.00021485750823370032,0.00028636501581163256,6.16502934881663e-07,4.3606510236640653e-07,965.9537978380461,965.9537978380461,964.172502945157,1120.804244573232,1.0008308227299776
s,0.005510821987714834,0.0002999798669772742,0.004940842122302444,0.006066964358143537,9.307502002953354e-06,6.5832466035851715e-06,1038.7665106077905,1038.7665106077905,1040.0262522920093,1496.8230152829071,1.000359202492366
tau,2.7201143858652324,1.1111928053426565,1.1438871965010422,4.706054729607087,0.07286918737865462,0.05159106362721749,232.53642363841936,232.53642363841936,211.14067754156505,613.6912496201202,1.0046604438184923
gamma,0.5836666626294656,0.18724891720407189,0.2731618979293842,0.940790525383602,0.013773525170611605,0.009754764326010499,184.81976597225614,184.81976597225614,181.6926313127102,415.2000272239821,1.0043717512069033
zeta,4.270022561676797,2.8027983949325623,0.0023506033605648693,9.0711362277057,0.20186812312761024,0.14295884627911826,192.77389832365327,192.77389832365327,188.78436852027446,455.3970006267867,1.0057453120362099
