,mean,sd,hdi_3%,hdi_97%,mcse_mean,mcse_sd,ess_mean,ess_sd,ess_bulk,ess_tail,r_hat
b,1.0,0.0,1.0,1.0,0.0,0.0,10000.0,10000.0,10000.0,10000.0,
p_error,0.05000000447034836,3.725476371840841e-09,0.05000000074505806,0.05000000074505806,3.7254763718408414e-11,2.6343864464297942e-11,10000.0,10000.0,10000.0,10000.0,
v,0.00027078410144498695,1.8187617101734917e-05,0.00023666146435020744,0.00030488473680086013,4.879978945550689e-07,3.45139102306289e-07,1389.0430588112329,1389.0430588112329,1379.0906818673825,1392.3134238240298,1.0039825486378255
s,0.005508525552635658,0.00023474635931061583,0.0050829601104357275,0.005954536334405045,5.934743250955502e-06,4.1972797572255765e-06,1564.5659001709062,1564.5659001709062,1555.197004097838,1738.4412775151811,1.0006140886860977
tau,6.228877174651641,2.0079997942943355,3.102197476504535,9.900821056604682,0.08528836823041802,0.06033974521920654,554.3036229420729,554.3036229420729,528.3507930372665,582.3805210851164,1.0048576922487145
gamma,0.8277983970340627,0.11514334245251423,0.6218484793950697,0.9996729411386146,0.004940096288303746,0.0035104504443974637,543.2588834628295,538.508703868757,530.052955067235,837.2835864966056,1.0030319588364291
zeta,1.4167720026406097,1.0434665559891787,0.0007364650120538774,3.300341114864847,0.05048862491948633,0.03572525530730642,427.13974388627145,427.13974388627145,442.30552461375555,773.1189263798603,1.0035442481252632
