,mean,sd,hdi_3%,hdi_97%,mcse_mean,mcse_sd,ess_mean,ess_sd,ess_bulk,ess_tail,r_hat
b,1.0,0.0,1.0,1.0,0.0,0.0,10000.0,10000.0,10000.0,10000.0,
p_error,0.05000000447034836,3.725476371840841e-09,0.05000000074505806,0.05000000074505806,3.7254763718408414e-11,2.6343864464297942e-11,10000.0,10000.0,10000.0,10000.0,
v,0.0005633893778157613,3.8375902697938545e-05,0.000492254953834932,0.0006371057374847046,9.802374327931062e-07,6.932644798064097e-07,1532.6911241705861,1532.6911241705861,1513.5192845805857,1849.0528447623092,1.0008826548444891
s,0.007054944467082939,0.00037185426938946697,0.006334539006470221,0.007728617950556786,8.876011374670384e-06,6.277331117347614e-06,1755.1322408564824,1755.1322408564824,1756.904234003168,1689.7398984133417,1.001980922196293
tau,5.024578302451054,2.1684944189788085,1.629430627389865,9.107871749340005,0.06878438613362826,0.048832888677252974,993.8867159311764,986.5490323006154,983.0271834694004,1270.9387224012482,1.0012443153663722
gamma,0.9484359747387392,0.043087404621002544,0.8708940213705414,0.9999961220008896,0.001165726921146434,0.0008294314044912295,1366.1771518599853,1349.8871007501903,1210.2395470353142,1680.9386828069105,1.0011586395319398
zeta,0.3762510203972054,0.33626121503055634,6.613472132649081e-05,0.9391344918058964,0.00930999782174352,0.006584635014946948,1304.5309796410868,1304.5309796410868,1214.0584877649515,1630.5635858438661,1.0025013910321303
