,mean,sd,hdi_3%,hdi_97%,mcse_mean,mcse_sd,ess_mean,ess_sd,ess_bulk,ess_tail,r_hat
b,1.0,0.0,1.0,1.0,0.0,0.0,10000.0,10000.0,10000.0,10000.0,
p_error,0.05000000447034836,3.725476371840841e-09,0.05000000074505806,0.05000000074505806,3.7254763718408414e-11,2.6343864464297942e-11,10000.0,10000.0,10000.0,10000.0,
v,0.00023632453847716604,1.9684855105293936e-05,0.00019911752550365647,0.00027303566478939056,7.533515236714897e-07,5.394716831714876e-07,682.7616242382844,666.3118739956203,703.0341274211015,1063.3811516384153,1.0011976881973184
s,0.005135566799728155,0.00027425580289941725,0.004636473238029143,0.0056589706538249995,7.1694844790151795e-06,5.071878366894117e-06,1463.3081556779964,1462.5719891299832,1463.950669166464,1769.4516836181035,1.000155081450978
tau,3.9574665612919198,1.9387331060650388,1.160716726419314,7.681301714405762,0.1714406738436252,0.12150443136904386,127.8816769982257,127.8816769982257,122.67460759099885,341.18711406789566,1.0057841701378871
gamma,0.3040682463274155,0.16743168642890377,0.062452737799686506,0.6001095318496262,0.01513975080011337,0.010731054826862384,122.30320829905347,122.30320829905347,117.31357218725508,399.5512753757321,1.0067199345197668
zeta,4.080005812629821,2.8426892206120398,0.005533733865973082,9.010244938522105,0.240163073684478,0.1701757320066215,140.1026335755721,140.1026335755721,147.17300339623065,684.8199930759915,1.0059815328182302
