,mean,sd,hdi_3%,hdi_97%,mcse_mean,mcse_sd,ess_mean,ess_sd,ess_bulk,ess_tail,r_hat
b,1.0,0.0,1.0,1.0,0.0,0.0,10000.0,10000.0,10000.0,10000.0,
p_error,0.05000000447034836,3.725476371840841e-09,0.05000000074505806,0.05000000074505806,3.7254763718408414e-11,2.6343864464297942e-11,10000.0,10000.0,10000.0,10000.0,
v,0.0002000460459376022,1.299531411434405e-05,0.00017426197746284733,0.00022297501339117395,3.4462650880959247e-07,2.4373774436729075e-07,1421.9234020124538,1421.9234020124538,1422.6429264310825,1665.7620572996298,1.0005993329139193
s,0.004427933157951314,0.0002203555278191958,0.003997295140097717,0.0048241424848623924,5.759706618542524e-06,4.073539451779061e-06,1463.6834914279248,1463.6834914279248,1470.6674191577324,1528.9673353090118,1.0004823496384923
tau,2.4856579987158725,0.853885311358022,1.1992653476092188,4.089031939200836,0.0677729171236723,0.04801101843008729,158.7401283934908,158.7401283934908,155.9284970519339,436.17742658964573,1.0153435247039986
gamma,0.6603494746830852,0.1891475246399361,0.36586731362767916,0.9995254815153821,0.015407239849942337,0.010915717195746133,150.71332016185633,150.71332016185633,157.72883201589204,346.9842719649035,1.011710384901035
zeta,4.726161003865672,2.776241074059631,0.0005108476664026502,9.148852097956796,0.20241592507388034,0.1433521789078348,188.11567932640256,188.11567932640256,200.9621378976617,839.0264728173478,1.008049801798631
