,mean,sd,hdi_3%,hdi_97%,mcse_mean,mcse_sd,ess_mean,ess_sd,ess_bulk,ess_tail,r_hat
b,1.0,0.0,1.0,1.0,0.0,0.0,10000.0,10000.0,10000.0,10000.0,
p_error,0.05000000447034836,3.725476371840841e-09,0.05000000074505806,0.05000000074505806,3.7254763718408414e-11,2.6343864464297942e-11,10000.0,10000.0,10000.0,10000.0,
v,0.0004282535370658027,3.322833353760052e-05,0.0003677531131248957,0.0004889942039257977,1.2887822138032903e-06,9.188794626380066e-07,664.7495539718317,654.421204672816,671.3622849249359,1026.7402166964507,1.0022485421406733
s,0.00597896380150972,0.0004243080203437051,0.005224908887170668,0.006810766441039759,1.6665868488040843e-05,1.1789855344423023e-05,648.1963497507317,648.1963497507317,651.7351494886469,1038.6077862900258,1.0029100550283268
tau,1.3420845723555836,0.46099612622817543,0.6518188937725834,2.182875183688914,0.02811403542745245,0.019901229918094187,268.8736089235327,268.8736089235327,247.11253111412023,544.4174977016153,1.0052938557098305
gamma,0.6655768707935845,0.19224093548069857,0.3749209666204666,0.9992882150315486,0.01191290932805039,0.008433151837432148,260.4090479376133,260.4090479376133,273.65892352415153,778.1044812720228,1.0096036993197488
zeta,3.9212637391687344,2.5865746463318735,0.0005723254913048096,8.405872303549234,0.15148953460636924,0.10722662940370342,291.5310184464161,291.5310184464161,299.0799197177703,951.9776708024499,1.0109874698999235
