,mean,sd,hdi_3%,hdi_97%,mcse_mean,mcse_sd,ess_mean,ess_sd,ess_bulk,ess_tail,r_hat
b,1.0,0.0,1.0,1.0,0.0,0.0,10000.0,10000.0,10000.0,10000.0,
p_error,0.05000000447034836,3.725476371840841e-09,0.05000000074505806,0.05000000074505806,3.7254763718408414e-11,2.6343864464297942e-11,10000.0,10000.0,10000.0,10000.0,
v,0.00019732705856660406,2.0136625078606383e-05,0.0001599404650671343,0.0002347349609435748,5.325783691403273e-07,3.7912739126360956e-07,1429.5729476503723,1411.0832179156716,1425.1722217652218,1683.9918416996377,1.0006417617540235
s,0.004360854720699217,0.00030476320076803197,0.0037582906821576937,0.0048958473245280035,9.373099230429656e-06,6.632105643105845e-06,1057.2035738163827,1056.4089605728605,1062.0755353696595,1457.6637317263892,1.0015924636248117
tau,4.903257967926421,2.0926774029361406,1.6787992893736288,9.021917032562781,0.10437760196515145,0.07385973013318232,401.96657345640966,401.96657345640966,389.58096127577124,749.5726988506614,1.007902796284571
gamma,0.7393576530564839,0.17097613008771684,0.44945949683724035,0.9999685395831102,0.005895330997596439,0.004174002386110619,841.1134507435405,839.5324201188549,835.7124060073157,1379.5083662225543,1.0011381018368588
zeta,3.2386653653499997,2.394977088101279,0.0019739504298667944,7.842328780059351,0.12443247054730276,0.08805641081251864,370.45484426248254,370.45484426248254,388.1257746562099,1150.0228198654595,1.0073207999208638
