,mean,sd,hdi_3%,hdi_97%,mcse_mean,mcse_sd,ess_mean,ess_sd,ess_bulk,ess_tail,r_hat
b,1.0,0.0,1.0,1.0,0.0,0.0,10000.0,10000.0,10000.0,10000.0,
p_error,0.05000000447034836,3.725476371840841e-09,0.05000000074505806,0.05000000074505806,3.7254763718408414e-11,2.6343864464297942e-11,10000.0,10000.0,10000.0,10000.0,
v,9.253414075384923e-05,8.581467926323124e-06,7.641985278177444e-05,0.00010828169440958642,2.451555811983971e-07,1.7339245492315273e-07,1225.2919989484394,1225.2919989484394,1233.3502214690488,1576.0624791753087,1.0007890707523452
s,0.003634618389242329,0.00014248566670744143,0.0033718950304538853,0.003893796014209984,3.968131773817025e-06,2.81204292213241e-06,1289.348104509356,1284.2979329781408,1291.1717408598167,1651.9383157086754,1.0021857443338915
tau,5.4138359262794,1.877735002379307,2.3263753112997296,9.058827626234024,0.10242435274942727,0.07248789859898247,336.09507415622215,336.09507415622215,336.1404145393691,788.0058920324985,1.0003382095542237
gamma,0.3144852339660711,0.11854532399548297,0.10609882210170389,0.5274435157599603,0.006347020715203537,0.004491779174456349,348.8422061725817,348.8422061725817,345.2040997436496,850.7171728672653,1.0009353644569485
zeta,5.485592720726486,2.7074639380007586,1.1118786442312287,9.9812856009363,0.13863367927809905,0.09810387654913501,381.40630034816854,381.40630034816854,396.69679494373906,1048.6547117584944,1.000834005936125
