,mean,sd,hdi_3%,hdi_97%,mcse_mean,mcse_sd,ess_mean,ess_sd,ess_bulk,ess_tail,r_hat
b,1.0,0.0,1.0,1.0,0.0,0.0,10000.0,10000.0,10000.0,10000.0,
p_error,0.05000000447034836,3.725476371840841e-09,0.05000000074505806,0.05000000074505806,3.7254763718408414e-11,2.6343864464297942e-11,10000.0,10000.0,10000.0,10000.0,
v,0.00016915759350656713,1.0775501850833953e-05,0.0001475581909000555,0.0001881018236422855,2.7569674960337955e-07,1.959667979666223e-07,1527.6072816251817,1512.3335158731913,1530.65719802322,1375.7155578647748,1.001621435985037
s,0.004684583104167629,0.00028645404739588464,0.004146266361364736,0.005206324096932057,6.684155739560413e-06,4.74466563096993e-06,1836.609410220129,1823.0882592274397,1831.2533250218146,1807.9153921624375,1.0035819161353476
tau,5.932575634024393,1.9721430321953572,2.769614868283912,9.707900557682043,0.06040411668341327,0.042723852742008614,1065.9669589472471,1065.9669589472471,1024.6744141072788,1314.3153831209693,1.0015224948042327
gamma,0.378251584373687,0.11435550885553197,0.1761128998053558,0.5852267256676076,0.005509247651121197,0.0038982665677425787,430.85346616509116,430.85346616509116,436.44421982350445,1057.429154374577,1.001963871181313
zeta,6.451395669517819,2.4851560857183417,2.0043357827781363,9.999523197657602,0.12246646844740838,0.08665828053035267,411.7873042870793,411.7873042870793,423.98167794713675,830.5947530516543,1.003631821874
