,mean,sd,hdi_3%,hdi_97%,mcse_mean,mcse_sd,ess_mean,ess_sd,ess_bulk,ess_tail,r_hat
b,1.0,0.0,1.0,1.0,0.0,0.0,10000.0,10000.0,10000.0,10000.0,
p_error,0.05000000447034836,3.725476371840841e-09,0.05000000074505806,0.05000000074505806,3.7254763718408414e-11,2.6343864464297942e-11,10000.0,10000.0,10000.0,10000.0,
v,0.00017098676129581302,1.2729082418159762e-05,0.00014825679681375808,0.00019494633923553556,4.687681762708916e-07,3.3160035956212797e-07,737.3572515151532,737.3572515151532,739.344333720925,1166.6561805989797,1.0014724272988205
s,0.004388698442883323,0.00021440302309494333,0.003991739640074412,0.004783414837557242,6.554194832851055e-06,4.635779386523162e-06,1070.0969217181635,1070.0969217181635,1068.5595406561367,1572.3272172157306,1.0022815667712823
tau,2.621864060847253,1.084597305446837,1.064123986860962,4.498289042081331,0.06160453516179142,0.04360203993634282,309.9642966922988,309.9642966922988,285.0158989104346,555.2254256752838,1.0081725605425973
gamma,0.42737677742234026,0.17826603118944698,0.11853269950055317,0.7630223279125459,0.009205967550428042,0.006514672212557815,374.9715447683446,374.9715447683446,360.51723126715154,772.2063222881212,1.0030968347312537
zeta,5.433643699257704,2.7628966767111485,0.8668858789532745,9.938666866072367,0.14969385989674916,0.10594030223876325,340.66013500374135,340.66013500374135,365.35764171728454,1085.8456710178261,1.0081883701802234
