,mean,sd,hdi_3%,hdi_97%,mcse_mean,mcse_sd,ess_mean,ess_sd,ess_bulk,ess_tail,r_hat
b,1.0,0.0,1.0,1.0,0.0,0.0,10000.0,10000.0,10000.0,10000.0,
p_error,0.05000000447034836,3.725476371840841e-09,0.05000000074505806,0.05000000074505806,3.7254763718408414e-11,2.6343864464297942e-11,10000.0,10000.0,10000.0,10000.0,
v,0.00019932758458745593,1.4129497820204094e-05,0.0001719986304376096,0.00022456175860830198,4.5769979452600515e-07,3.2374173151103884e-07,952.9980644899356,952.9980644899356,967.4125342184908,1364.7727864701621,1.001562148816146
s,0.0040769784387608265,0.00018673413393309837,0.003746385568920342,0.004440663574540195,6.023961253262074e-06,4.260877438698046e-06,960.9108207321848,960.9108207321848,964.1660074611985,1717.029764253621,1.0005396890415925
tau,3.0819179668541246,1.6511189934380708,1.0768664113876694,6.662563546534647,0.10544326016780592,0.07464851387151862,245.19922660159878,245.19922660159878,251.5510578125975,474.76056275052537,1.002165680819146
gamma,0.7861749940101375,0.14265823534058972,0.5343836984852202,0.999984184515655,0.007136618329800547,0.005050039260570226,399.5846099587711,399.5846099587711,421.0396245007782,808.9763146692671,1.0056695419083421
zeta,2.754314421187205,2.0614355068327677,0.005329670205879072,6.531228785233766,0.12466626067429865,0.08824656235234854,273.4271515057894,273.4271515057894,259.08669867532313,648.4505946659399,1.004517263859836
