,mean,sd,hdi_3%,hdi_97%,mcse_mean,mcse_sd,ess_mean,ess_sd,ess_bulk,ess_tail,r_hat
b,1.0,0.0,1.0,1.0,0.0,0.0,10000.0,10000.0,10000.0,10000.0,
p_error,0.05000000447034836,3.725476371840841e-09,0.05000000074505806,0.05000000074505806,3.7254763718408414e-11,2.6343864464297942e-11,10000.0,10000.0,10000.0,10000.0,
v,0.00043132099472687103,4.033568416570844e-05,0.0003559221726533466,0.0005054922516544394,1.267478567754634e-06,8.96500932962225e-07,1012.739167720413,1012.739167720413,1020.9153112392413,1519.6285177811026,1.0048132105661114
s,0.0075481746403920115,0.0004264350419842487,0.0067934942127576845,0.008410850670777787,1.4595331285745898e-05,1.0370356400607136e-05,853.6460920053696,846.034313116816,853.5165220119882,1494.7251989067495,1.0052886852531107
tau,1.623612838375022,0.7915249732307184,0.6932211620294542,2.894895239751225,0.026974022535359573,0.01907997868400856,861.0687171609003,861.0687171609003,821.5094930069428,1290.493955795928,1.007294427022138
gamma,0.8261399416667177,0.11823699753197635,0.6167468804135082,0.9996939294595478,0.0036896718536664082,0.002649616265794518,1026.9074372998562,996.2428355349617,1005.8996058978818,1581.8788272937534,1.006988100005756
zeta,1.5049312352173196,1.1778802057901974,0.001666270974571086,3.6494796746422073,0.03415278023634012,0.024155586696915893,1189.4607616687156,1189.4607616687156,1064.8543594572855,1494.2923376815097,1.0058418007924679
