,mean,sd,hdi_3%,hdi_97%,mcse_mean,mcse_sd,ess_mean,ess_sd,ess_bulk,ess_tail,r_hat
b,1.0,0.0,1.0,1.0,0.0,0.0,10000.0,10000.0,10000.0,10000.0,
p_error,0.05000000447034836,3.725476371840841e-09,0.05000000074505806,0.05000000074505806,3.7254763718408414e-11,2.6343864464297942e-11,10000.0,10000.0,10000.0,10000.0,
v,0.000219819598292996,2.6698022837493558e-05,0.00017248965697680811,0.0002707991144601537,8.202271444459005e-07,5.801479182436232e-07,1059.4730772622033,1059.4730772622033,1071.7841784177256,1785.599326157022,1.002139964843624
s,0.005815596294939045,0.0003590894660265688,0.005193078648594357,0.006540274950574681,1.197951238985508e-05,8.473545659064262e-06,898.5185514728714,898.5185514728714,894.1125940505545,1499.053900502347,1.0007505918791841
tau,1.9510948053556763,0.8649083811035492,0.878670810212045,3.4604414820927056,0.040192939613289576,0.02843862054368095,463.0636277851318,463.0636277851318,405.0611858883148,950.5907026412498,1.0025235894385591
gamma,0.7142151899996153,0.17801449458399815,0.4270109439983049,0.9997964024062701,0.00810657510083876,0.00573568495946046,482.20966445648884,482.20966445648884,501.2160854935728,1297.0917333740667,1.003513991595719
zeta,3.8281648189423048,2.4579651770663626,0.028142125902621374,8.165288669849605,0.11905389505978974,0.08424148759091128,426.249845100024,426.249845100024,405.93757369415783,1430.710085780925,1.0048309087010645
