,mean,sd,hdi_3%,hdi_97%,mcse_mean,mcse_sd,ess_mean,ess_sd,ess_bulk,ess_tail,r_hat
b,1.0,0.0,1.0,1.0,0.0,0.0,10000.0,10000.0,10000.0,10000.0,
p_error,0.05000000447034836,3.725476371840841e-09,0.05000000074505806,0.05000000074505806,3.7254763718408414e-11,2.6343864464297942e-11,10000.0,10000.0,10000.0,10000.0,
v,0.00016045097647117909,1.6083134324024195e-05,0.0001310153916094359,0.00018993505467072063,4.5062922762088405e-07,3.1871597174155594e-07,1273.804167217704,1273.804167217704,1273.472984104245,1561.102359815257,1.0002129929321226
s,0.004341789222000548,0.00028737465704804755,0.00382701616283363,0.004892955040497894,8.767468549115128e-06,6.222409031029189e-06,1074.3567052803514,1067.056265820154,1083.668894016548,1650.449170138933,1.0010488027629834
tau,3.488323148538521,1.3662935694933012,1.3942024869112575,5.98483758257622,0.11021444997959225,0.07808177582955331,153.6777428960825,153.6777428960825,132.62825939813663,539.9855167176313,1.0165838453214113
gamma,0.5333645476125946,0.17737159641548708,0.2535817898742102,0.8553917541949101,0.01675009367660402,0.011875049532233676,112.13305884362796,112.13305884362796,113.03176882649113,352.3633627800407,1.030705303600911
zeta,4.044201692134793,2.749791261429969,0.008127696916317604,8.852460672084593,0.26360341220403016,0.18689765832898736,108.8171631307738,108.8171631307738,117.43263306096907,484.0341335197622,1.0256178188701226
