,mean,sd,hdi_3%,hdi_97%,mcse_mean,mcse_sd,ess_mean,ess_sd,ess_bulk,ess_tail,r_hat
b,1.0,0.0,1.0,1.0,0.0,0.0,10000.0,10000.0,10000.0,10000.0,
p_error,0.05000000447034836,3.725476371840841e-09,0.05000000074505806,0.05000000074505806,3.7254763718408414e-11,2.6343864464297942e-11,10000.0,10000.0,10000.0,10000.0,
v,0.00019777040449219015,2.1660382463137508e-05,0.00015817983000173395,0.00023890281272010984,5.586262968036056e-07,3.950850987904897e-07,1503.451732684855,1503.451732684855,1504.019106561417,1826.6579482813331,1.0022052502758394
s,0.003853307730788641,0.0003558070842445258,0.003178409749769106,0.004520107063753537,8.849623759106262e-06,6.25875837786901e-06,1616.5143616287298,1616.5143616287298,1600.5304710913451,1895.9412203712263,1.0026301174676886
tau,6.334147884091048,1.8933316689197845,3.384688309477281,9.923093291559503,0.058595193999818315,0.04144463909387601,1044.0694913056543,1044.0694913056543,1029.334951672084,1591.4622842841836,1.0041124644488255
gamma,0.856327980736431,0.10975880436765703,0.6495589114273996,0.9999679270902398,0.003006192745949168,0.002135410488123489,1333.045858636188,1321.5321953787513,1287.5349485445379,1764.4127904685024,1.0013906409004223
zeta,1.4158779653798075,1.1893586843655546,0.0011562001810779077,3.56178055403791,0.037967040337368314,0.026854735057195548,981.3235214907635,981.3235214907635,938.8254693441723,1453.163925290591,1.0007975147352248
