,mean,sd,hdi_3%,hdi_97%,mcse_mean,mcse_sd,ess_mean,ess_sd,ess_bulk,ess_tail,r_hat
b,1.0,0.0,1.0,1.0,0.0,0.0,10000.0,10000.0,10000.0,10000.0,
p_error,0.05000000447034836,3.725476371840841e-09,0.05000000074505806,0.05000000074505806,3.7254763718408414e-11,2.6343864464297942e-11,10000.0,10000.0,10000.0,10000.0,
v,0.0002819390169866547,2.731756742686099e-05,0.000234326374947471,0.00033652565220760125,9.878412424151418e-07,6.987758237283732e-07,764.7328379340496,764.7328379340496,766.9516035616654,1098.1629071597295,1.0036009557055783
s,0.006366811306177755,0.0004532584218520371,0.005534474705718867,0.0072201845314923,1.6254397159926346e-05,1.1502334674136504e-05,777.5888606346947,776.990962970463,779.5845746951254,1123.783547724685,1.0030504192334686
tau,2.5958142627584944,1.2444668253089755,1.1931613591943473,4.6629851562655915,0.050390620048105995,0.03564860244236592,609.9120909692875,609.9120909692875,628.64612346466,848.1026776391262,1.0019440501396277
gamma,0.8343844528492754,0.12210836116585995,0.6101934861230865,0.9999275961968004,0.003312574380447194,0.0023903721924324445,1358.8124822956117,1305.3407147567827,1194.9571754686067,1039.0435895230476,1.001099056861409
zeta,1.7468204722817209,1.5324067691232977,0.0003498981735909772,4.544492160152437,0.043968571400337574,0.031097943413165834,1214.6842866447998,1214.6842866447998,1150.3462063976178,1801.2047226213217,1.0042174940025521
