,mean,sd,hdi_3%,hdi_97%,mcse_mean,mcse_sd,ess_mean,ess_sd,ess_bulk,ess_tail,r_hat
b,1.0,0.0,1.0,1.0,0.0,0.0,10000.0,10000.0,10000.0,10000.0,
p_error,0.05000000447034836,3.725476371840841e-09,0.05000000074505806,0.05000000074505806,3.7254763718408414e-11,2.6343864464297942e-11,10000.0,10000.0,10000.0,10000.0,
v,0.0002889689764391501,2.5647620499030738e-05,0.00023877998841381393,0.0003354773312599262,9.541426475726266e-07,6.783272511340799e-07,722.5493949753959,715.3851739498643,728.2309149942546,921.3060736421511,1.0036697641610044
s,0.006079298454133718,0.0003252717320956878,0.005494576322441387,0.006687534376022149,9.690203103606135e-06,6.853782798600964e-06,1126.748231357633,1126.748231357633,1119.879612698582,1227.585070051416,1.0033482557465998
tau,3.860387100880342,1.9617074045853364,1.1355642308161729,7.723561463891542,0.11680855725810668,0.08268168743179498,282.045479228528,282.045479228528,253.78406691787578,578.2012781332203,1.0025589737379608
gamma,0.41728700864716267,0.1687735892572155,0.14509098043239024,0.7161887630965863,0.011808315786811342,0.00836169064206152,204.2833895729587,204.2833895729587,209.1692250483931,726.332624082917,1.0019200844302916
zeta,4.736605545907035,2.9622450086398637,0.032553643231822464,9.40601952081085,0.20706422788296208,0.14662569073236847,204.6594478731686,204.6594478731686,223.20036484061112,871.5091264714445,1.0028957723231797
