,mean,sd,hdi_3%,hdi_97%,mcse_mean,mcse_sd,ess_mean,ess_sd,ess_bulk,ess_tail,r_hat
b,1.0,0.0,1.0,1.0,0.0,0.0,10000.0,10000.0,10000.0,10000.0,
p_error,0.05000000447034836,3.725476371840841e-09,0.05000000074505806,0.05000000074505806,3.7254763718408414e-11,2.6343864464297942e-11,10000.0,10000.0,10000.0,10000.0,
v,0.00023333441205405952,1.668474265472947e-05,0.00020230329820439803,0.0002630781430363087,5.986613286011725e-07,4.2347654267601316e-07,776.7416882229721,776.7416882229721,785.1845407530362,1212.1386462255134,1.0010435000868958
s,0.004651508224451318,0.00022329586286813318,0.0042290544706261955,0.005082549341088548,6.450791040620707e-06,4.562508872682492e-06,1198.2168021619839,1198.2168021619839,1193.8087844905401,1733.34377244567,1.0027263418567078
tau,3.4576993403675953,1.5802471673298883,1.2529061450792665,6.658007466959248,0.13275679589144546,0.0940671491299388,141.6891245142387,141.6891245142387,149.47379311656084,686.5955872618654,1.0240936014025348
gamma,0.3501774622547712,0.12896340334941253,0.12101099899472156,0.5571193297413493,0.011268643482622857,0.007985945956060307,130.9753879569325,130.9753879569325,125.47346965541628,477.4344808189607,1.0379472021086775
zeta,5.217437834639246,2.9585428310493804,0.5878104932162386,9.98164522259403,0.2750668287863383,0.19499411542788234,115.6855939990441,115.6855939990441,117.89133851598142,526.0927814866241,1.0390450901561177
