,mean,sd,hdi_3%,hdi_97%,mcse_mean,mcse_sd,ess_mean,ess_sd,ess_bulk,ess_tail,r_hat
b,1.0,0.0,1.0,1.0,0.0,0.0,10000.0,10000.0,10000.0,10000.0,
p_error,0.05000000447034836,3.725476371840841e-09,0.05000000074505806,0.05000000074505806,3.7254763718408414e-11,2.6343864464297942e-11,10000.0,10000.0,10000.0,10000.0,
v,0.00041783603160667457,3.923398883639624e-05,0.00034690594684313325,0.000493352342534231,1.335618062253196e-06,9.447439955465121e-07,862.899785682383,862.899785682383,866.0537786313757,1343.4707953890666,1.000860427103876
s,0.0071698525874368995,0.0005475032233450413,0.006195868465548316,0.008274956343960594,1.8784658359239214e-05,1.3287322434998101e-05,849.5066032515124,849.5066032515124,855.9168104848617,1137.507149997385,1.002825608793112
tau,2.725110723425523,1.3195068155601386,0.8021200590293925,5.0456873883129045,0.08376678260562587,0.05930182463044564,248.13018860513674,248.13018860513674,209.9828274948976,573.3853819483628,1.0046029237380776
gamma,0.3387275837089007,0.17181841292396743,0.08186581922405925,0.6783023012536844,0.012993621627120082,0.009203247473697442,174.85536992570087,174.85536992570087,185.1740089630859,504.4795998888163,1.0082183346101277
zeta,3.278637377439556,2.6726373794913556,0.000274224754836757,8.348175238805705,0.1932606562286893,0.1368648755790613,191.24635937904262,191.24635937904262,209.17156214888905,643.9374296230955,1.0093843885587916
