,mean,sd,hdi_3%,hdi_97%,mcse_mean,mcse_sd,ess_mean,ess_sd,ess_bulk,ess_tail,r_hat
b,1.0,0.0,1.0,1.0,0.0,0.0,10000.0,10000.0,10000.0,10000.0,
p_error,0.05000000447034836,3.725476371840841e-09,0.05000000074505806,0.05000000074505806,3.7254763718408414e-11,2.6343864464297942e-11,10000.0,10000.0,10000.0,10000.0,
v,0.0004109862594641095,4.902983656722469e-05,0.00032551308387517876,0.000502635450460971,1.7732013441685073e-06,1.263651256104251e-06,764.5480544877553,753.3085326819513,781.6896658774808,1166.2990678557221,1.0035527140827831
s,0.0073907510311315835,0.0004775076569830974,0.006547118041646942,0.008331351121829601,1.4528358904756359e-05,1.0275876086069939e-05,1080.258171154001,1080.258171154001,1085.4267112154098,1865.2921318331223,1.001729394145625
tau,4.472560655661777,2.3826191285584026,1.3811597822619162,9.15393618463929,0.09135894620261008,0.06462825294252744,680.1537319264413,680.1537319264413,617.3669403292498,768.335060409549,1.0031797889823653
gamma,0.7675834718515807,0.1529036745876185,0.5003515364730766,0.9977069633076462,0.005563791832441124,0.0039691910039485355,755.2558533069638,742.5798731229505,747.521087129896,1164.8782890314565,1.0011851085892995
zeta,2.471961195537357,1.7817148215440217,0.017208766126740046,5.6771366338792255,0.057894995056887597,0.04095055741803403,947.0967431577913,947.0967431577913,904.8177261542221,1494.357564784629,1.0005811493106622
