,mean,sd,hdi_3%,hdi_97%,mcse_mean,mcse_sd,ess_mean,ess_sd,ess_bulk,ess_tail,r_hat
b,1.0,0.0,1.0,1.0,0.0,0.0,10000.0,10000.0,10000.0,10000.0,
p_error,0.05000000447034836,3.725476371840841e-09,0.05000000074505806,0.05000000074505806,3.7254763718408414e-11,2.6343864464297942e-11,10000.0,10000.0,10000.0,10000.0,
v,0.0004656904390114039,3.477503722073492e-05,0.0004047414051333474,0.0005343845041091535,9.536799421064718e-07,6.75474040574291e-07,1329.6272580537377,1325.8030651168572,1331.765331407405,1752.9293266763257,1.001585244972523
s,0.007770519287608976,0.00048030294259484674,0.006891226962554743,0.008645160599554799,1.2761014570794941e-05,9.087130804902315e-06,1416.6419093016782,1397.424249074803,1444.9989111123177,1630.664963636655,1.001076096032932
tau,5.119244120609318,1.7946589487063531,2.179922887014658,8.69613428681591,0.06240655640805047,0.04414367177691733,826.9960207166907,826.9960207166907,707.8101892276969,774.5238610157245,1.0078394827594466
gamma,0.6989064443821482,0.14478426299716393,0.46777606923706,0.9706268116566803,0.008126889697813309,0.005769899671428164,317.39054776202636,315.4135097855306,332.1398592953764,974.281558191693,1.0129014365327929
zeta,1.905897869066146,1.4289004245202734,0.014574631424114496,4.339989741413338,0.08057734460917113,0.05702971580880434,314.46913632911975,314.46913632911975,317.92996879138525,1009.6233414942437,1.0147938507172118
