,mean,sd,hdi_3%,hdi_97%,mcse_mean,mcse_sd,ess_mean,ess_sd,ess_bulk,ess_tail,r_hat
b,1.0,0.0,1.0,1.0,0.0,0.0,10000.0,10000.0,10000.0,10000.0,
p_error,0.05000000447034836,3.725476371840841e-09,0.05000000074505806,0.05000000074505806,3.7254763718408414e-11,2.6343864464297942e-11,10000.0,10000.0,10000.0,10000.0,
v,0.00017788215489654484,1.174363236635238e-05,0.0001543280255686615,0.00019824175735085658,3.657963915221647e-07,2.587303399171458e-07,1030.6852489320333,1030.6852489320333,1034.0506984527806,1651.6086736805435,1.000475196514928
s,0.004163428920179854,0.0002644447695955854,0.00370374450662186,0.004678645722523125,8.261079723662287e-06,5.8431289929840525e-06,1024.6990569655497,1024.6990569655497,1022.7002617834853,1564.2730529983437,1.001913929457567
tau,2.9762504095092654,1.0194254583921054,1.5297305600645927,4.889554636305525,0.06786574110104032,0.04805049429743613,225.6367098055065,225.6367098055065,222.43656749736294,673.2731544499096,1.0106820052084589
gamma,0.6799491743719677,0.18116312254087677,0.391568681269979,0.9925081773890818,0.013616814502133832,0.009644452256578333,177.0062301889984,177.0062301889984,181.50665334362833,452.15011642034403,1.0239440565470468
zeta,4.895875762243822,2.6784681427586614,0.0015408368225259057,9.08938833793192,0.19600157732402293,0.13881108234257855,186.7470877636053,186.7470877636053,191.06864992890945,500.4963518654108,1.0249287878146007
