,mean,sd,hdi_3%,hdi_97%,mcse_mean,mcse_sd,ess_mean,ess_sd,ess_bulk,ess_tail,r_hat
b,1.0,0.0,1.0,1.0,0.0,0.0,10000.0,10000.0,10000.0,10000.0,
p_error,0.05000000447034836,3.725476371840841e-09,0.05000000074505806,0.05000000074505806,3.7254763718408414e-11,2.6343864464297942e-11,10000.0,10000.0,10000.0,10000.0,
v,0.00033181937908800146,2.3235325925688053e-05,0.0002899541772116472,0.000375216437581749,6.165595637774672e-07,4.3722416109617376e-07,1420.1933022007913,1412.6631421605675,1425.4028111800037,1658.731411373568,1.0058835998752136
s,0.006284032473474447,0.00042252887215634555,0.005534745009103979,0.007099022212040714,1.1981131146819703e-05,8.475186600764448e-06,1243.7043026279978,1243.3347217246314,1249.025642786346,1650.3931861554063,1.0008152063518347
tau,4.466666886459066,1.8472913777522375,1.5070714880139793,8.025887295092764,0.06923540885171697,0.04897689902705577,711.8922811209211,711.8922811209211,688.2015768242682,1141.8116063734342,1.003233722303693
gamma,0.6978209414227429,0.17199568481859306,0.4285415906881065,0.998011419783192,0.008344331737527737,0.0059043888267725185,424.8660009920091,424.8660009920091,432.0113784271947,1132.8634345913667,1.0033939096613786
zeta,3.01891978934213,2.1341356984837936,0.0028161365313495402,6.804327914555071,0.10078398343978938,0.07131144518642196,448.3952689279697,448.3952689279697,451.44395085816774,1276.1535063379777,1.0036242695483035
