,mean,sd,hdi_3%,hdi_97%,mcse_mean,mcse_sd,ess_mean,ess_sd,ess_bulk,ess_tail,r_hat
b,1.0,0.0,1.0,1.0,0.0,0.0,10000.0,10000.0,10000.0,10000.0,
p_error,0.05000000447034836,3.725476371840841e-09,0.05000000074505806,0.05000000074505806,3.7254763718408414e-11,2.6343864464297942e-11,10000.0,10000.0,10000.0,10000.0,
v,0.00033969828344319365,2.6086240031746694e-05,0.0002946437062055305,0.0003918374528788799,1.1658763942277564e-06,8.357610290018296e-07,500.6312484605454,487.69530948268556,547.295161655982,590.7445534784234,1.0039617402364176
s,0.00593650197541384,0.0003592020929862668,0.0052267637640789275,0.006589822967672598,1.0724252908904344e-05,7.585164322077545e-06,1121.8728097152207,1121.8728097152207,1159.679138722046,1048.2019253153808,1.0017953342953185
tau,4.97511279652308,2.3524738909213156,1.3773793122997522,9.318471690698399,0.09929579684849262,0.07024924867315269,561.2907606727102,561.2907606727102,500.9675645008136,583.4245637409163,1.0032638961532252
gamma,0.6854630863774228,0.18539098166810203,0.38497558519998115,0.9996863661231299,0.0075324589876737845,0.005371605940546115,605.764274354817,596.161768222102,595.9373259722023,1099.1110263656399,1.0028605737140204
zeta,4.044093219900101,2.517828089790921,0.00294252160205433,8.30500218190634,0.09562001020269123,0.06764202042300081,693.3532847587632,693.3532847587632,687.6421912079527,1315.1465680942608,1.0025652009095147
