,mean,sd,hdi_3%,hdi_97%,mcse_mean,mcse_sd,ess_mean,ess_sd,ess_bulk,ess_tail,r_hat
b,1.0,0.0,1.0,1.0,0.0,0.0,10000.0,10000.0,10000.0,10000.0,
p_error,0.05000000447034836,3.725476371840841e-09,0.05000000074505806,0.05000000074505806,3.7254763718408414e-11,2.6343864464297942e-11,10000.0,10000.0,10000.0,10000.0,
v,0.0003641141624255085,2.2660788387521885e-05,0.00032169331656899873,0.00040583843161413067,6.555908514589278e-07,4.643306409557376e-07,1194.7698687771408,1191.4560853763958,1203.8232927091417,1536.7105036388862,1.0027781339628727
s,0.005569307126816715,0.0002725954693284712,0.005041436137924772,0.006051835797182134,8.222902960809846e-06,5.8160142996689944e-06,1098.9727819147884,1098.9727819147884,1103.5794887831473,1395.3394153340528,1.0040296650424425
tau,2.2808972097498272,1.1203730349890113,1.0136524888496474,4.204958580918242,0.04017556101540584,0.02841907292899691,777.6808332305567,777.6808332305567,743.8649246539325,1049.8047927394414,1.0025899496523587
gamma,0.89328652744923,0.08531506419817836,0.7340156905782079,0.9999586763818238,0.002427638567527896,0.0017369476824523925,1235.0467208768837,1206.8629338365633,1182.6118743614852,2028.095177497421,1.001134307456544
zeta,0.9765238981378347,0.8545026807864068,0.0005139178290091091,2.5671366141795953,0.027769795569813127,0.019642262650245136,946.8506764487577,946.8506764487577,943.7641970804794,1558.2265064231099,1.0024204992037788
