,mean,sd,hdi_3%,hdi_97%,mcse_mean,mcse_sd,ess_mean,ess_sd,ess_bulk,ess_tail,r_hat
b,1.0,0.0,1.0,1.0,0.0,0.0,10000.0,10000.0,10000.0,10000.0,
p_error,0.05000000447034836,3.725476371840841e-09,0.05000000074505806,0.05000000074505806,3.7254763718408414e-11,2.6343864464297942e-11,10000.0,10000.0,10000.0,10000.0,
v,0.0004106949720749763,3.4698829168902855e-05,0.0003461090995891268,0.00047575906066902414,1.3287948811473626e-06,9.619379444493523e-07,681.8891006215524,651.1706152504055,700.8485910894391,1158.3885053347913,1.0052601487360577
s,0.006778650732119448,0.00047023215597578953,0.005886311833930927,0.00763076541170178,1.6754850065968367e-05,1.1866351283072702e-05,787.6686434632288,785.7471470132284,791.6352695385502,1244.4403390644131,1.0046068272884683
tau,2.9354293396553457,1.7638760754096598,1.0010723207226464,6.63777722471637,0.08473590945646627,0.05995771343346607,433.3124318617257,433.3124318617257,414.85669870357066,840.6550955958716,1.0078551257618202
gamma,0.8579131277966284,0.10655512617950594,0.6620033929623986,0.999886600856739,0.003254187724830954,0.0023201059852506456,1072.1696027649527,1055.220480769533,1014.8893690268933,1561.6623626180935,1.00168692127586
zeta,1.5569308701647184,1.1852483638100686,0.000910194229575552,3.7520411423290994,0.04596682095109584,0.032517720387846664,664.8593652801649,664.8593652801649,662.4555291411324,1127.574865080321,1.0040760319812052
