,mean,sd,hdi_3%,hdi_97%,mcse_mean,mcse_sd,ess_mean,ess_sd,ess_bulk,ess_tail,r_hat
b,1.0,0.0,1.0,1.0,0.0,0.0,10000.0,10000.0,10000.0,10000.0,
p_error,0.05000000447034836,3.725476371840841e-09,0.05000000074505806,0.05000000074505806,3.7254763718408414e-11,2.6343864464297942e-11,10000.0,10000.0,10000.0,10000.0,
v,0.00017900943325993866,1.4237121236437777e-05,0.0001513264232322169,0.00020466776129276915,5.150844478647646e-07,3.643588438605689e-07,763.9896798439046,763.9896798439046,759.9485096194352,1352.0279264603962,1.004248656310151
s,0.0044189696982227,0.00029860016875090707,0.003847415337086811,0.004961168130028204,1.2898204705670987e-05,9.139320558865297e-06,535.9466579301586,534.3142179759093,534.7358574828244,1070.670876625823,1.0040968764594789
tau,2.1595395837921885,0.8181541607933828,1.0115893721635263,3.788155168964674,0.043114326952013435,0.030511159665167424,360.103270006383,360.103270006383,352.76376855586545,649.1916999865697,1.0069076426642085
gamma,0.16822515175853564,0.11515545360581517,1.447437733140957e-05,0.37068052398271933,0.004033591137266716,0.0028532009223131882,815.0519158274225,815.0519158274225,759.4158302502235,1457.302639254021,1.0019154730248356
zeta,5.987998434353382,2.659987795357846,1.3313401789511528,9.998902773102888,0.10733935268226465,0.07593646206021748,614.1031769829851,614.1031769829851,613.5877281765902,924.6194302324898,1.0022242822041347
