,mean,sd,hdi_3%,hdi_97%,mcse_mean,mcse_sd,ess_mean,ess_sd,ess_bulk,ess_tail,r_hat
b,1.0,0.0,1.0,1.0,0.0,0.0,10000.0,10000.0,10000.0,10000.0,
p_error,0.05000000447034836,3.725476371840841e-09,0.05000000074505806,0.05000000074505806,3.7254763718408414e-11,2.6343864464297942e-11,10000.0,10000.0,10000.0,10000.0,
v,0.0001741643110336082,1.2983781847003588e-05,0.00014686335316394878,0.00019671040583891516,3.312509701337652e-07,2.34274288979363e-07,1536.3427029872976,1536.3427029872976,1537.4128764061352,1747.593965489341,1.0026310363710376
s,0.004067825601876442,0.00022650542290413077,0.00366687629490612,0.004505719150384614,5.772801460998153e-06,4.103421850087548e-06,1539.5151444642358,1524.0567685948372,1558.8741098119992,1713.2172273008664,1.001392073456563
tau,2.8482001095193605,0.8885492575398991,1.3860500808636298,4.4326040904718464,0.06998063858708133,0.04957358574729455,161.21565580490807,161.21565580490807,164.15942710724218,554.2002588924148,1.0044207708839583
gamma,0.5490788549610466,0.16329583814833817,0.2739823570203384,0.8460035119668207,0.014525969875332086,0.010295211409093181,126.37464658485028,126.37464658485028,128.0427643689258,408.44600565555805,1.0093727525671006
zeta,4.987860925890856,2.7086738194815596,0.631898337219412,9.90156615209572,0.2429358092101665,0.1721862031203955,124.3169508321601,124.3169508321601,130.04772893259536,444.2530483677846,1.0083739972479435
