,mean,sd,hdi_3%,hdi_97%,mcse_mean,mcse_sd,ess_mean,ess_sd,ess_bulk,ess_tail,r_hat
b,1.0,0.0,1.0,1.0,0.0,0.0,10000.0,10000.0,10000.0,10000.0,
p_error,0.05000000447034836,3.725476371840841e-09,0.05000000074505806,0.05000000074505806,3.7254763718408414e-11,2.6343864464297942e-11,10000.0,10000.0,10000.0,10000.0,
v,0.0002514866264355123,2.2070121338245424e-05,0.0002105930500216663,0.00029070140152429676,6.782071066606445e-07,4.796969899487382e-07,1058.9727119772385,1058.9727119772385,1061.736320733132,1674.1229278888134,1.0018139777126387
s,0.006022562849624099,0.0003891073671270374,0.005292725519172176,0.006733338431596206,1.2018117544928671e-05,8.500458050544864e-06,1048.2527546891804,1048.2527546891804,1048.3948459339497,1418.6810619615096,1.002055423957919
tau,1.3586811777187748,0.529113023732648,0.5787127463191306,2.258999456722697,0.02908943899106252,0.02058750033299037,330.8462463435449,330.8462463435449,322.0084421429325,576.4402413835104,1.0039069262309297
gamma,0.5089960071238454,0.20741810579793693,0.18717030864447393,0.924835637209983,0.011400516984626994,0.008068496722205833,331.0123791846254,331.0123791846254,327.4063119658671,639.7148226270954,1.0019382854396224
zeta,5.541042037149841,2.7339901122559502,0.9931214070126508,9.955238405900683,0.11042011017275837,0.0781159857163758,613.0523010710845,613.0523010710845,635.1030695182493,1383.6834074218143,1.001225326293634
