,mean,sd,hdi_3%,hdi_97%,mcse_mean,mcse_sd,ess_mean,ess_sd,ess_bulk,ess_tail,r_hat
b,1.0,0.0,1.0,1.0,0.0,0.0,10000.0,10000.0,10000.0,10000.0,
p_error,0.05000000447034836,3.725476371840841e-09,0.05000000074505806,0.05000000074505806,3.7254763718408414e-11,2.6343864464297942e-11,10000.0,10000.0,10000.0,10000.0,
v,0.00030925741947838975,2.4206713524304282e-05,0.0002608598317249597,0.00035035141684983725,8.016401849187418e-07,5.670266267348845e-07,911.8275334580042,911.8275334580042,923.5959195666002,1197.2444443928907,1.002579921955167
s,0.005669589570645358,0.00024197347817533416,0.005221893671025979,0.006123410224662351,6.101114621998573e-06,4.3176110344141356e-06,1572.958142712162,1571.013086383269,1590.4701638442577,1833.9574939231475,1.0004366258970148
tau,2.7270028310312373,1.5801334486874101,1.0663221047654488,5.935997249137347,0.07844042137265765,0.05762362738964604,405.79593936547633,376.55615940112796,502.61667853214914,536.1881578448673,1.0023497237833328
gamma,0.7567573630192624,0.160682113029762,0.4785053124564302,0.9999149862432892,0.0053835524516666665,0.0038287456222819076,890.8347935298726,881.2104731802152,865.7394637748073,1615.711335759155,1.0019336161717085
zeta,2.436605272531753,1.9448989743803144,3.268763529978656e-05,6.08930029591375,0.06922679026989374,0.048968832645762225,789.30654304307,789.30654304307,816.636246835628,1810.0632604728223,1.0006154172939958
