,mean,sd,hdi_3%,hdi_97%,mcse_mean,mcse_sd,ess_mean,ess_sd,ess_bulk,ess_tail,r_hat
b,1.0,0.0,1.0,1.0,0.0,0.0,10000.0,10000.0,10000.0,10000.0,
p_error,0.05000000447034836,3.725476371840841e-09,0.05000000074505806,0.05000000074505806,3.7254763718408414e-11,2.6343864464297942e-11,10000.0,10000.0,10000.0,10000.0,
v,0.0005157847614077336,4.7752004856833387e-05,0.00043109551967230686,0.0006081317885749753,1.910291474208069e-06,1.351411060943698e-06,624.8617565344664,624.8617565344664,617.3207533897977,1471.2026527275516,1.0015449063593573
s,0.0070278837214124605,0.0005060272771312084,0.006092262744377884,0.00802374533290958,2.1863997829617433e-05,1.5468607021526016e-05,535.6593680602753,535.6593680602753,531.7734987991252,1106.6153388447872,1.0022046801225908
tau,1.2525014216726482,0.43208563013076046,0.6554443421604833,2.1628668108651254,0.0267023033226841,0.01890245165755417,261.8437406455813,261.8437406455813,248.5357153195735,802.1477984751829,1.0022984840303828
gamma,0.6584225415514245,0.19142850365499803,0.3441793762911617,0.9997390856883012,0.010195222618634458,0.007215083624313321,352.54923984500056,352.54923984500056,358.3440354998431,587.6378804703661,1.005135141258504
zeta,4.606900024623829,2.7757374241363384,0.03905801249521919,9.09880780580679,0.13738491167368802,0.09721529893172257,408.2053421532559,408.2053421532559,407.98569439948704,1162.7980796638367,1.0043711565600346
