,mean,sd,hdi_3%,hdi_97%,mcse_mean,mcse_sd,ess_mean,ess_sd,ess_bulk,ess_tail,r_hat
b,1.0,0.0,1.0,1.0,0.0,0.0,10000.0,10000.0,10000.0,10000.0,
p_error,0.05000000447034836,3.725476371840841e-09,0.05000000074505806,0.05000000074505806,3.7254763718408414e-11,2.6343864464297942e-11,10000.0,10000.0,10000.0,10000.0,
v,0.00039973896865308836,3.0106977267479265e-05,0.00034585548153418547,0.00045102698604375846,1.9269576103322136e-06,1.3641961145438598e-06,244.1124824512826,244.1124824512826,267.7702275719058,830.1647871672628,1.0056957270578115
s,0.003976661686644149,0.0005961360509089311,0.0030290937928444746,0.004971369253094713,4.042351897673151e-05,2.8622166169515784e-05,217.48160924572892,217.48160924572892,247.7094026149468,736.1112116491295,1.0055642535424207
tau,1.1723500689697233,0.40790595136674435,0.5363653417296252,1.9314620110857756,0.022578544763156624,0.015979731104208524,326.38349523826344,326.38349523826344,298.0317084610694,675.1397512316602,1.0010997987637607
gamma,0.7374882735231757,0.15668191109671942,0.48100027759604597,0.9965356880406848,0.007870880035109233,0.005581194419245099,396.26994448838786,394.6353179134589,406.57146112141487,760.7963909215488,1.0042506085746916
zeta,3.7928995119782427,2.3675416727292165,0.02153360680662575,7.978134225328345,0.12780654509532988,0.09044979936081658,343.1540066530924,343.1540066530924,343.1018154300222,1108.0399322376488,1.0037385215690158
