,mean,sd,hdi_3%,hdi_97%,mcse_mean,mcse_sd,ess_mean,ess_sd,ess_bulk,ess_tail,r_hat
b,1.0,0.0,1.0,1.0,0.0,0.0,10000.0,10000.0,10000.0,10000.0,
p_error,0.05000000447034836,3.725476371840841e-09,0.05000000074505806,0.05000000074505806,3.7254763718408414e-11,2.6343864464297942e-11,10000.0,10000.0,10000.0,10000.0,
v,0.00028032065467980806,1.3857545467347546e-05,0.00025553122828423947,0.00030764668832132443,4.799673459022412e-07,3.395069860722158e-07,833.5837526870608,833.5837526870608,833.8150304244444,1262.4014852106764,1.0047349792513292
s,0.0038689804518670626,0.00027087850957177324,0.0033720772862050317,0.004389436361786997,1.0219313024705035e-05,7.23744007324431e-06,702.596040837268,700.988233714419,704.6392822883719,1121.9131595036154,1.0073339231136864
tau,1.7935156270472525,0.5492641870122008,0.9294623004642331,2.844378122788319,0.03898350198412566,0.027606100009591097,198.5184455074427,198.5184455074427,158.4675701893433,546.1945193742478,1.0352124442581032
gamma,0.531663056801848,0.17334877139041402,0.22824430150851416,0.8392104141746852,0.013348851646887898,0.009455437138035115,168.6373320661392,168.6373320661392,152.6872998896243,598.4340141259853,1.0327129736083014
zeta,5.423354179941035,2.879297763693686,0.7497554469914671,9.975814938670739,0.26613683100366176,0.18865809542893527,117.04778440194447,117.04778440194447,127.15535025240717,617.0420013252674,1.0376136266282239
