,mean,sd,hdi_3%,hdi_97%,mcse_mean,mcse_sd,ess_mean,ess_sd,ess_bulk,ess_tail,r_hat
b,1.0,0.0,1.0,1.0,0.0,0.0,10000.0,10000.0,10000.0,10000.0,
p_error,0.05000000447034836,3.725476371840841e-09,0.05000000074505806,0.05000000074505806,3.7254763718408414e-11,2.6343864464297942e-11,10000.0,10000.0,10000.0,10000.0,
v,0.00034821627847932796,2.6491793947780425e-05,0.00030110609972512,0.000400041579910302,7.859925972930721e-07,5.568058167597021e-07,1136.019602639591,1132.423822866622,1139.9756251772744,1201.3470611815417,1.00116185979836
s,0.005925334771898268,0.000306732440758699,0.005336076403452674,0.0064806257540346275,7.88309342115862e-06,5.575263013816565e-06,1514.0006938382598,1514.0006938382598,1505.2152674300246,1855.9573347653045,1.001586833341504
tau,5.116656251738096,2.1001679278602996,1.9893619492808723,9.234739829019745,0.07526237273105665,0.05323848100027259,778.6678295809661,778.6678295809661,747.547832937659,1150.4198567512456,1.003612260613235
gamma,0.6885073787439532,0.1788471516923953,0.3848959347887071,0.992206880647284,0.006500428634203503,0.004598269393495377,756.972437722917,756.972437722917,747.8038485469842,1253.734319508805,1.0011980029907146
zeta,4.3672155592144755,2.611386699699699,0.052678492893829795,8.8856482152643,0.09211954968650675,0.06516201493245306,803.5978442933425,803.5978442933425,794.889465036494,1321.9687077392334,1.002566948609133
