,mean,sd,hdi_3%,hdi_97%,mcse_mean,mcse_sd,ess_mean,ess_sd,ess_bulk,ess_tail,r_hat
b,1.0,0.0,1.0,1.0,0.0,0.0,10000.0,10000.0,10000.0,10000.0,
p_error,0.05000000447034836,3.725476371840841e-09,0.05000000074505806,0.05000000074505806,3.7254763718408414e-11,2.6343864464297942e-11,10000.0,10000.0,10000.0,10000.0,
v,0.000377867171247083,5.3681434582854366e-05,0.0002807770590513698,0.00047855983896549705,1.4130310159210169e-06,9.993658026356882e-07,1443.2608711427745,1443.2608711427745,1433.701263181444,1849.574028754834,1.000079499920386
s,0.008877533985367293,0.0004980873040677967,0.007985781368541034,0.009847811236222715,1.2083041293019576e-05,8.545467390255271e-06,1699.2544840973428,1699.2544840973428,1695.134113479962,1793.6346257297778,1.0017841116665265
tau,6.513881221068789,1.8438966996360502,3.695736952098674,9.998059346804983,0.053440781290067574,0.03779760070676181,1190.4950017995343,1190.4950017995343,1168.5559137906669,1623.3950017999011,1.0013105192923548
gamma,0.7679290996942596,0.15888450288583675,0.48655567218528406,0.9990515190137316,0.008079132145804066,0.00571712294108522,386.7529683395012,386.7529683395012,411.01700970202063,616.5653314363846,1.0008819810131633
zeta,4.051553810560841,2.1161993952186804,0.0134025076295983,7.339108371862782,0.09777382515898436,0.06917962589201744,468.45508709144286,468.45508709144286,480.2338454235393,830.7393964129128,1.0005234743459817
