,mean,sd,hdi_3%,hdi_97%,mcse_mean,mcse_sd,ess_mean,ess_sd,ess_bulk,ess_tail,r_hat
b,1.0,0.0,1.0,1.0,0.0,0.0,10000.0,10000.0,10000.0,10000.0,
p_error,0.05000000447034836,3.725476371840841e-09,0.05000000074505806,0.05000000074505806,3.7254763718408414e-11,2.6343864464297942e-11,10000.0,10000.0,10000.0,10000.0,
v,0.0001564972807048525,1.187437613336417e-05,0.00013323599744383645,0.00017786979140954696,3.5905235322149037e-07,2.539560899745992e-07,1093.7197341524816,1093.7197341524816,1092.6783949470848,1716.174405212049,1.0003912699145756
s,0.004360419011950765,0.0002467054983569833,0.003919516523165145,0.004828843985556663,7.326579074677459e-06,5.186038348903416e-06,1133.8488790833162,1132.0876778431168,1141.221359134046,1560.415895627504,1.0003993212546407
tau,3.3477725879663085,1.3502272778365658,1.4958712394034803,5.764598465753059,0.0681842906181827,0.04824947984787642,392.14357342919,392.14357342919,424.2053333283951,625.4169454883021,1.0025597858273134
gamma,0.7752762736606131,0.14665752191636897,0.5184592747595415,0.9999260851351607,0.004931235589139536,0.0034880605927522785,884.4986656034031,884.4986656034031,858.0107460005258,1129.094119867827,1.0017854846819256
zeta,3.0963267946913664,2.1776270546977035,0.0030188251504854177,6.964039696896753,0.08867814233199589,0.06273526956071751,603.0229397746953,603.0229397746953,570.8564808912521,1440.4310446464672,1.0011505106962304
