,mean,sd,hdi_3%,hdi_97%,mcse_mean,mcse_sd,ess_mean,ess_sd,ess_bulk,ess_tail,r_hat
b,1.0,0.0,1.0,1.0,0.0,0.0,10000.0,10000.0,10000.0,10000.0,
p_error,0.05000000447034836,3.725476371840841e-09,0.05000000074505806,0.05000000074505806,3.7254763718408414e-11,2.6343864464297942e-11,10000.0,10000.0,10000.0,10000.0,
v,0.00014763634858762576,8.375418425550497e-06,0.00013241548183192054,0.00016332336405323747,2.1517353169219536e-07,1.5217996342168045e-07,1515.0791790153655,1515.0791790153655,1520.7584945444917,1821.2419351398346,1.0018258409920437
s,0.0035273756757727044,0.0001771078278178553,0.003206300314345134,0.0038713233313567006,4.798105446445596e-06,3.3934994457553833e-06,1362.4981992899259,1362.4981992899259,1375.3188302182268,1761.411250819464,1.0047746078187136
tau,5.634511760662599,1.9556098966362867,2.536941129846519,9.35667126170162,0.08583790260496797,0.06073070280106396,519.0464894540867,519.0464894540867,497.9219908493803,731.5348056150158,1.0066638995116355
gamma,0.9319046053740476,0.051903802550245244,0.8339212763628704,0.9999802649663837,0.0017272245212286636,0.0012276314847957104,903.0270550569519,894.3668458184549,854.9726761278379,1471.8013690911328,1.001744730136785
zeta,0.573989217952955,0.4720966751700687,0.0005776535806778485,1.4394246176506111,0.020845139334211994,0.014748129058881844,512.923124188277,512.923124188277,543.8219272970351,710.1838233840152,1.00309163851043
