,mean,sd,hdi_3%,hdi_97%,mcse_mean,mcse_sd,ess_mean,ess_sd,ess_bulk,ess_tail,r_hat
b,1.0,0.0,1.0,1.0,0.0,0.0,10000.0,10000.0,10000.0,10000.0,
p_error,0.05000000447034836,3.725476371840841e-09,0.05000000074505806,0.05000000074505806,3.7254763718408414e-11,2.6343864464297942e-11,10000.0,10000.0,10000.0,10000.0,
v,0.0002872550541026504,1.9269411022916333e-05,0.00025327712019377084,0.00032532029807799396,5.122835463389366e-07,3.6352410828407795e-07,1414.8684627743103,1405.467304140043,1409.2632364014262,1726.712291250617,1.0015930605257937
s,0.005851580024416645,0.0003733386720965357,0.005177336514224748,0.006555042602052407,9.913365350591582e-06,7.053390321179074e-06,1418.2857278655415,1401.3962376110007,1433.4399879334328,1409.3320296284678,1.0007646746991756
tau,5.779059938959605,2.072416846040361,2.512462936451991,9.6007134387963,0.0645283771012521,0.045641361627622216,1031.4608353136105,1031.4608353136105,977.0060840763479,1047.6819633231833,1.0022004013176802
gamma,0.8444302534599063,0.10515538075994861,0.6520383853267683,0.9994819532745558,0.0030405831512598834,0.0021759820841205308,1196.0497132985329,1168.2594177668248,1131.3544482676296,2114.6867304812004,1.0006661145628823
zeta,1.3386054278813506,1.0523425824972774,0.0011381184397312798,3.2253078592530935,0.033153334460750986,0.023449737361837683,1007.5343432624339,1007.5343432624339,952.8449192495805,1358.7597033326138,1.004427490924989
