,mean,sd,hdi_3%,hdi_97%,mcse_mean,mcse_sd,ess_mean,ess_sd,ess_bulk,ess_tail,r_hat
b,1.0,0.0,1.0,1.0,0.0,0.0,10000.0,10000.0,10000.0,10000.0,
p_error,0.05000000447034836,3.725476371840841e-09,0.05000000074505806,0.05000000074505806,3.7254763718408414e-11,2.6343864464297942e-11,10000.0,10000.0,10000.0,10000.0,
v,0.0003430547583448133,3.618055652019025e-05,0.00027711415077827253,0.0004146344672992645,9.73489220999844e-07,6.885062318154059e-07,1381.300570837791,1381.300570837791,1377.9668524879128,1621.6249270241403,1.0021010788930982
s,0.008522498163459437,0.0005393858882768395,0.0074372849359535835,0.009509950917028111,1.491925491156822e-05,1.0551861254864177e-05,1307.0881915878244,1307.0881915878244,1304.5625217290406,1587.6108299350647,1.0020813255209602
tau,4.934997296061519,2.1936439461427044,1.7791800482912934,9.387547216375387,0.07429108138399629,0.05371153279910783,871.8844173328428,834.5855584291394,829.9239726180197,886.9640024291873,1.0010649730001602
gamma,0.8892476270179571,0.09199768399701806,0.7190862852788887,0.9999835161134104,0.002717447518747801,0.0019419451455584332,1146.1236065495382,1122.73068451997,1038.8952481510537,1379.8987746116472,1.0031987395574797
zeta,0.891155277703532,0.7906148852499048,0.0005156872962297489,2.3453663854207103,0.02242847390141855,0.01586305002993526,1242.597643337533,1242.597643337533,1050.3691005769847,1753.5418184376329,1.0007606071822515
