,mean,sd,hdi_3%,hdi_97%,mcse_mean,mcse_sd,ess_mean,ess_sd,ess_bulk,ess_tail,r_hat
b,1.0,0.0,1.0,1.0,0.0,0.0,10000.0,10000.0,10000.0,10000.0,
p_error,0.05000000447034836,3.725476371840841e-09,0.05000000074505806,0.05000000074505806,3.7254763718408414e-11,2.6343864464297942e-11,10000.0,10000.0,10000.0,10000.0,
v,0.00021634042759778946,1.6011056738103866e-05,0.0001877311023035337,0.000247190474228307,6.110101239490744e-07,4.322330522738602e-07,686.6622632579401,686.6622632579401,688.8022221705338,1062.577742912275,1.0066120784510895
s,0.00408047854176175,0.00027398643675287837,0.0035440261186808876,0.004585678224330816,9.840276147838306e-06,6.96074546705666e-06,775.2531797650842,775.2531797650842,773.7553473156877,1267.18794226318,1.0080641360278026
tau,1.9494995644548854,0.6723323181083508,0.9858240898138361,3.1995236415003667,0.04896627132060921,0.034678090875106385,188.52715166253645,188.52715166253645,181.93133221826864,463.8162048757146,1.0250026873253373
gamma,0.5988474986563522,0.19650887053472202,0.2870638413815834,0.9854374718298174,0.013482291505577093,0.009546539221911069,212.44029365658253,212.44029365658253,207.00470427457665,458.06903156789724,1.0192326632445916
zeta,5.554661024270225,2.6897296542929188,1.0140426919019194,9.999904642561216,0.18875292026819593,0.13366064644718176,203.06258160630645,203.06258160630645,207.15110276153518,708.3917536586549,1.0169076882813148
