,mean,sd,hdi_3%,hdi_97%,mcse_mean,mcse_sd,ess_mean,ess_sd,ess_bulk,ess_tail,r_hat
b,1.0,0.0,1.0,1.0,0.0,0.0,10000.0,10000.0,10000.0,10000.0,
p_error,0.05000000447034836,3.725476371840841e-09,0.05000000074505806,0.05000000074505806,3.7254763718408414e-11,2.6343864464297942e-11,10000.0,10000.0,10000.0,10000.0,
v,0.0004436019601990558,3.491675131556874e-05,0.0003770393772026083,0.0005042395112479285,1.3965082304168968e-06,9.87941523785288e-07,625.1448537663503,625.1448537663503,643.1300361139092,973.092616659411,1.0045209411425702
s,0.005827182043439069,0.0005823747326987397,0.004758980954253622,0.00687125931411003,2.84028743004995e-05,2.009781480726123e-05,420.4171895326042,420.4171895326042,418.1630758530461,831.0330440134678,1.007706301332903
tau,0.9097195276347274,0.2619019428000086,0.48484050638645926,1.3948679630609688,0.013124178233675237,0.009287000819948911,398.2292910921422,398.2292910921422,389.9214568843233,712.5658075886714,1.0084793939161227
gamma,0.7630008248476965,0.15944181588403203,0.4845941735691308,0.9992809072226402,0.0062391648729671016,0.004413727656837936,653.0576773019634,653.0576773019634,669.4869689069083,865.4271437167642,1.0024153179252757
zeta,3.299222379002977,2.2556900812032716,0.004959442378422382,7.383443805550875,0.0906049644171894,0.06409755767138614,619.8047089008418,619.8047089008418,602.5716411440263,1364.7630193529294,1.0018918544129196
