,mean,sd,hdi_3%,hdi_97%,mcse_mean,mcse_sd,ess_mean,ess_sd,ess_bulk,ess_tail,r_hat
b,1.0,0.0,1.0,1.0,0.0,0.0,10000.0,10000.0,10000.0,10000.0,
p_error,0.05000000447034836,3.725476371840841e-09,0.05000000074505806,0.05000000074505806,3.7254763718408414e-11,2.6343864464297942e-11,10000.0,10000.0,10000.0,10000.0,
v,0.0002467989176892988,1.6949025877000988e-05,0.00021556598792490155,0.00027880931316438573,5.977629094720268e-07,4.233751270105356e-07,803.9546609918356,801.9085939155868,811.6157911358848,1229.3803066355028,1.0023618186985186
s,0.005370594346019942,0.0002578239150861385,0.00490894857986549,0.005866659288760184,7.2506461481889745e-06,5.1281641728700955e-06,1264.4247149434023,1264.4247149434023,1263.9515439359886,1724.9380120206752,1.0012603607228505
tau,2.933191046727224,1.581038814753347,0.9215752093051588,5.977688859100223,0.07363080871643156,0.05209781528723069,461.0689996518546,461.0689996518546,451.58117208558036,747.1440798024777,1.0020670941631302
gamma,0.45418031277147003,0.21068932092405976,0.09358131204647957,0.8734712539265245,0.008364305562896152,0.005917178109895189,634.4907086366906,634.4907086366906,607.8904728695926,1455.7303435874921,1.0017575173990625
zeta,5.1323876338756,2.8249685752651086,0.7453348672063351,9.995551741042917,0.12385116817308098,0.08762514368915124,520.2678958989499,520.2678958989499,560.6933032611134,1092.1772982406478,1.00250897187262
