,mean,sd,hdi_3%,hdi_97%,mcse_mean,mcse_sd,ess_mean,ess_sd,ess_bulk,ess_tail,r_hat
b,1.0,0.0,1.0,1.0,0.0,0.0,10000.0,10000.0,10000.0,10000.0,
p_error,0.05000000447034836,3.725476371840841e-09,0.05000000074505806,0.05000000074505806,3.7254763718408414e-11,2.6343864464297942e-11,10000.0,10000.0,10000.0,10000.0,
v,0.000273919883524051,1.9541252903052502e-05,0.00023643221484004627,0.00030908756483020154,7.868776103424095e-07,5.636940689964222e-07,616.7234107544705,601.463578608036,624.3226446183369,770.9628914368475,1.0040270558223474
s,0.004296867261775225,0.0003562742028536452,0.0036250051543107614,0.004924046959899878,1.7679532191663844e-05,1.2510306845436728e-05,406.0946010597989,406.0946010597989,421.7155352748468,610.3175098831173,1.0027856238051716
tau,3.6423165736095195,2.132613572857269,0.9274040240476212,8.07607492418504,0.18750297634459742,0.1328847116228276,129.36238264471643,129.36238264471643,120.47215008984908,274.62039477812925,1.0137266926647985
gamma,0.6613087925494581,0.21274721419507542,0.307724870710983,0.9997137065096227,0.010651227952033644,0.007537068469743897,398.9591273272958,398.9591273272958,416.78862494560394,1047.1227333304582,1.007455584880784
zeta,3.845156268215709,2.704465163595503,0.002915692772265258,8.660476652787711,0.213840959124556,0.15148498083212678,159.94880359843265,159.94880359843265,160.2873677076746,472.29356702315613,1.0063479029432372
