,mean,sd,hdi_3%,hdi_97%,mcse_mean,mcse_sd,ess_mean,ess_sd,ess_bulk,ess_tail,r_hat
b,1.0,0.0,1.0,1.0,0.0,0.0,10000.0,10000.0,10000.0,10000.0,
p_error,0.05000000447034836,3.725476371840841e-09,0.05000000074505806,0.05000000074505806,3.7254763718408414e-11,2.6343864464297942e-11,10000.0,10000.0,10000.0,10000.0,
v,0.0002428398828653701,1.559046775723204e-05,0.00021298335494765168,0.00027127263366232934,7.548814570719263e-07,5.380098072971209e-07,426.5409932142583,420.446711635428,427.77293180315974,540.109672992679,1.0058073839842823
s,0.003656547323978594,0.0003150333996332902,0.003041295157726805,0.0041962247477802285,1.6949177984952077e-05,1.1995011500211056e-05,345.47443808842644,345.47443808842644,348.708219404691,580.8070754747205,1.006585377139825
tau,1.5895831750883624,0.775146880199809,0.6014710837879144,2.792621726081032,0.06914236585060936,0.04900494494407657,125.68386725603743,125.68386725603743,135.26186482997204,169.36703356262038,1.0144189799667693
gamma,0.5933854322059108,0.20465602313731632,0.27230076362994193,0.9709948934048945,0.010504109496353645,0.007514156275166287,379.6038258897291,371.4849525193023,392.02159474731997,994.2032423773625,1.005822046421336
zeta,4.166030330750768,2.7017135513381274,0.0001234336221264189,8.815190890837803,0.2192998736590352,0.15536740205659158,151.77555838433415,151.77555838433415,158.52407612541347,655.9017361541341,1.0172702717958715
