,mean,sd,hdi_3%,hdi_97%,mcse_mean,mcse_sd,ess_mean,ess_sd,ess_bulk,ess_tail,r_hat
b,1.0,0.0,1.0,1.0,0.0,0.0,10000.0,10000.0,10000.0,10000.0,
p_error,0.05000000447034836,3.725476371840841e-09,0.05000000074505806,0.05000000074505806,3.7254763718408414e-11,2.6343864464297942e-11,10000.0,10000.0,10000.0,10000.0,
v,0.0005398547126666515,3.865584646407089e-05,0.0004714748651000297,0.0006173237550520729,2.166603705400232e-06,1.559705442436731e-06,318.325487010265,307.7084711119259,317.68054072573904,374.4060049912902,1.0058901616113731
s,0.005284063155123896,0.0007509842572013416,0.0037728950757163543,0.006545186055098562,4.7352022312776955e-05,3.352183926020039e-05,251.52699530940967,251.52699530940967,260.4079753419667,358.7742077929832,1.0103465729812495
tau,0.7472798976982873,0.29639581708803336,0.2980991026841321,1.276626677254388,0.01648719191604288,0.011668742676863304,323.1846714092545,323.1846714092545,287.1040200375796,700.2592961006311,1.0071853617331739
gamma,0.7410140798821789,0.17058961125492653,0.44826732083127013,0.9986511810075916,0.006341781083147008,0.004486125243258333,723.5735227519671,723.5735227519671,737.4493226617345,1446.9428079269671,1.0025147618522996
zeta,3.711560641855895,2.4995560578881086,0.001350057881899092,8.254660557110107,0.1179423942718665,0.0834520839456747,449.1442897920496,449.1442897920496,436.45088557206253,1097.9107875251868,1.0056539597117329
