,Unnamed: 0,mean,sd,hdi_3%,hdi_97%,mcse_mean,mcse_sd,ess_mean,ess_sd,ess_bulk,ess_tail,r_hat
0,b,1.0,0.0,1.0,1.0,0.0,0.0,10000.0,10000.0,10000.0,10000.0,
1,p_error,0.050000004470348365,3.725476371840841e-09,0.05000000074505806,0.05000000074505806,3.7254763718408414e-11,2.6343864464297942e-11,10000.0,10000.0,10000.0,10000.0,
2,v,0.0003293058029226368,2.2584898669211647e-05,0.00028434524754052484,0.00036919655601768303,5.592592912214643e-07,3.9552678418955907e-07,1630.8344494332246,1630.8344494332246,1627.2260158256727,2041.547280316241,1.0007269789410635
3,s,0.006805897421550529,0.00042336843784295815,0.006011477243917436,0.007615039457827519,9.516133385405936e-06,6.73024676710884e-06,1979.319552285639,1979.124033607962,1978.8465618293174,2007.18270721871,1.0015974521958
4,tau,5.888566203283231,1.9240088714883523,2.84380519191126,9.599429772423095,0.062327268322596836,0.044085530500182414,952.9233180981211,952.9233180981211,916.0685835816563,1152.4868681782725,1.0045097392785485
5,gamma,0.7762097383515747,0.14683122105008545,0.5215861394682905,0.9990293684240829,0.00457255195031773,0.0032687495668027016,1031.1444868849353,1009.4726950575773,1025.9202444895416,1810.671884260323,1.0010798917317338
6,zeta,2.3280308687950533,1.7919353682927224,0.0010482495565919546,5.603538118813384,0.062323403056204325,0.044084858499801115,826.6893913866604,826.6893913866604,820.9740641653317,1516.4368066498623,1.0024031083706693
