,Unnamed: 0,mean,sd,hdi_3%,hdi_97%,mcse_mean,mcse_sd,ess_mean,ess_sd,ess_bulk,ess_tail,r_hat
0,b,1.0,0.0,1.0,1.0,0.0,0.0,10000.0,10000.0,10000.0,10000.0,
1,p_error,0.050000004470348365,3.725476371840841e-09,0.05000000074505806,0.05000000074505806,3.7254763718408414e-11,2.6343864464297942e-11,10000.0,10000.0,10000.0,10000.0,
2,v,0.00022381981744621144,1.5271917876737927e-05,0.0001969041987767923,0.00025370880377903525,4.3128408313609217e-07,3.050348652866213e-07,1253.8924837366833,1253.8924837366833,1258.9892303581066,1609.7789263210354,1.0008060900670341
3,s,0.005033912866773209,0.00032124434537608097,0.004440551054002059,0.0056334126553688225,9.059203442170932e-06,6.407310609782307e-06,1257.4506748405922,1257.4506748405922,1256.5994438140792,1626.2423952523754,1.000080254836403
4,tau,1.8397015181356235,0.5377555140311441,1.0159258707549121,2.8822984992822622,0.02465263587529372,0.0174427426104484,475.8203610802263,475.8203610802263,468.15075398205664,1064.6118567135354,1.003411577278839
5,gamma,0.7707125850764733,0.14794346060099509,0.513646242542597,0.9995575144694392,0.007486993308827065,0.00529806338121816,390.4600957708742,390.4600957708742,428.5857854607243,784.6260893660344,1.0047527024837013
6,zeta,2.830992339170208,1.8126561941398476,0.013881505015053952,6.107394796010526,0.07960121395612292,0.056318247762907225,518.5510247969225,518.5510247969225,465.9959859261586,1304.2628285067233,1.0059291713051666
