,Unnamed: 0,mean,sd,hdi_3%,hdi_97%,mcse_mean,mcse_sd,ess_mean,ess_sd,ess_bulk,ess_tail,r_hat
0,b,1.0,0.0,1.0,1.0,0.0,0.0,10000.0,10000.0,10000.0,10000.0,
1,p_error,0.050000004470348365,3.725476371840841e-09,0.05000000074505806,0.05000000074505806,3.7254763718408414e-11,2.6343864464297942e-11,10000.0,10000.0,10000.0,10000.0,
2,v,0.00017572712420803075,2.0155125246949357e-05,0.00013737635749823778,0.00021137480699801408,6.121131172995724e-07,4.3294582778145245e-07,1084.1955736206098,1084.1955736206098,1085.4933779600212,1565.023746734564,1.0018959364740387
3,s,0.006386343351839885,0.0003780760891947794,0.0056261951353101065,0.007047503536427175,9.982557366641397e-06,7.0601697920247176e-06,1434.4149227823693,1434.4149227823693,1436.9431551576095,1591.0225806862954,1.0014547514860752
4,tau,3.4350503316215484,1.8647168178287747,0.9400920299719308,7.400829619876666,0.07149498879813157,0.05057628293636874,680.2594295639092,680.2594295639092,606.4234475226593,1192.5293731847582,1.002525980606524
5,gamma,0.5846086961452275,0.20985903557393887,0.21834690653215072,0.9521071890793256,0.008765968985167386,0.006201633247639576,573.133093427366,573.133093427366,562.2397110856091,972.7746135433417,1.0043850626300954
6,zeta,4.488927300371138,2.8007779619704856,0.04253401033060656,9.120312956177877,0.10062611747227834,0.07118021561629502,774.7042319222516,774.7042319222516,768.2665176143913,1239.6095908887787,1.0076822450022325
