,Unnamed: 0,mean,sd,hdi_3%,hdi_97%,mcse_mean,mcse_sd,ess_mean,ess_sd,ess_bulk,ess_tail,r_hat
0,b,1.0,0.0,1.0,1.0,0.0,0.0,10000.0,10000.0,10000.0,10000.0,
1,p_error,0.050000004470348365,3.725476371840841e-09,0.05000000074505806,0.05000000074505806,3.7254763718408414e-11,2.6343864464297942e-11,10000.0,10000.0,10000.0,10000.0,
2,v,0.0005068059082291059,3.573037853403416e-05,0.0004409418011923251,0.0005754876607653709,8.96589512324053e-07,6.366816415871487e-07,1588.136859289005,1575.2933503582917,1590.9495704404233,1854.6305921380285,1.0006959885825608
3,s,0.008216139765470714,0.0005747009146952585,0.007118588056561817,0.00930854523183352,1.430971508781626e-05,1.0139325480270693e-05,1612.9533355858905,1606.9166158461135,1619.5573112231066,1485.9886899206228,1.0002439657457622
4,tau,6.765417973239423,2.204894555988141,2.7554759173891927,9.992496847701274,0.05857093251383804,0.04142443053824739,1417.1354862645487,1417.1354862645487,1321.255813691007,1549.1878436838504,1.0026829603347187
5,gamma,0.8765127810737349,0.08971401370102333,0.7218769306956404,0.999916578240553,0.002730539224109219,0.0019539694142714924,1079.502704700162,1054.6184227443732,996.1688466900827,1885.8209096789249,1.0012094133549865
6,zeta,0.98951361709821,0.8103896374557797,0.001200955952202457,2.3068267563556577,0.021921790900898797,0.015504356562345743,1366.582000093419,1366.582000093419,1144.6907956441205,1867.2746638169479,1.0010348697832068
