,Unnamed: 0,mean,sd,hdi_3%,hdi_97%,mcse_mean,mcse_sd,ess_mean,ess_sd,ess_bulk,ess_tail,r_hat
0,b,1.0,0.0,1.0,1.0,0.0,0.0,10000.0,10000.0,10000.0,10000.0,
1,p_error,0.050000004470348365,3.725476371840841e-09,0.05000000074505806,0.05000000074505806,3.7254763718408414e-11,2.6343864464297942e-11,10000.0,10000.0,10000.0,10000.0,
2,v,0.00016071795344398422,1.1665235810047427e-05,0.00013878345966148058,0.00018272014930411533,3.373534184241425e-07,2.387395507183277e-07,1195.6850915702694,1194.319398960864,1198.1837451729405,1636.563664647354,1.0011797727747012
3,s,0.00422444176502865,0.00019189659342007308,0.0038791532405804533,0.004599132871350859,6.093396545044954e-06,4.309949766361289e-06,991.7806854020987,991.7806854020987,992.8096865586044,1986.8623964863586,1.0019081124534643
4,tau,1.5557447516779257,0.5321871017397021,0.8065336270656023,2.5723801489580094,0.0351441307463467,0.0248823301875705,229.31004383920293,229.31004383920293,239.21873086998372,660.1171389620915,1.0054700255739362
5,gamma,0.5965335682500305,0.18535446177446646,0.2672928626793729,0.9236294931699388,0.011614541984133015,0.008222145080629715,254.6841470294476,254.6841470294476,259.46659714901,563.3274087867683,1.0027157715778503
6,zeta,5.70427490645322,2.7848689608217208,0.931601448371418,9.96123278211293,0.17983441429070776,0.12731711614061014,239.80813956965375,239.80813956965375,258.74670846659404,510.6298180629581,1.0027654315630263
