,Unnamed: 0,mean,sd,hdi_3%,hdi_97%,mcse_mean,mcse_sd,ess_mean,ess_sd,ess_bulk,ess_tail,r_hat
0,b,1.0,0.0,1.0,1.0,0.0,0.0,10000.0,10000.0,10000.0,10000.0,
1,p_error,0.050000004470348365,3.725476371840841e-09,0.05000000074505806,0.05000000074505806,3.7254763718408414e-11,2.6343864464297942e-11,10000.0,10000.0,10000.0,10000.0,
2,v,0.00045620215573848516,3.5768371520929134e-05,0.00038649497689097466,0.0005189016095545557,1.0273524257613772e-06,7.268015714993338e-07,1212.1585642526873,1211.562397544976,1220.7627111109864,1814.227245921741,1.000880729513742
3,s,0.0076357801216821375,0.00041512746610151334,0.006838002364700318,0.008407450085783785,1.1891096293318527e-05,8.41028786150715e-06,1218.7626743943224,1218.7626743943224,1224.270288183102,1590.170814798615,1.000895744939196
4,tau,1.9835346874906872,0.6320766884543978,1.0298762282584222,3.125134894396464,0.031177385030379725,0.0220614034462742,411.0173682451269,411.0173682451269,400.84414948854914,952.2656527875633,1.0085832652253477
5,gamma,0.7137369484939796,0.17218686751306478,0.4178304609683053,0.9904119479672484,0.008979363085728163,0.006354411609429266,367.7130006370734,367.7130006370734,382.93058746986634,680.8779258208112,1.0060395384647105
6,zeta,4.333978922999795,2.6461146721051017,0.047991819892695436,8.936873571595429,0.1294100364432632,0.09157062524225687,418.10118909345175,418.10118909345175,435.16801024457436,1288.9910246509414,1.007860537069024
