,Unnamed: 0,mean,sd,hdi_3%,hdi_97%,mcse_mean,mcse_sd,ess_mean,ess_sd,ess_bulk,ess_tail,r_hat
0,b,1.0,0.0,1.0,1.0,0.0,0.0,10000.0,10000.0,10000.0,10000.0,
1,p_error,0.050000004470348365,3.725476371840841e-09,0.05000000074505806,0.05000000074505806,3.7254763718408414e-11,2.6343864464297942e-11,10000.0,10000.0,10000.0,10000.0,
2,v,0.0001724987270919027,1.4854278162149615e-05,0.00014577652559447782,0.0002015216145468114,5.52062133960335e-07,3.905242517847664e-07,723.9810268293637,723.9810268293637,724.393437418134,1381.9323515064652,1.0047790507538643
3,s,0.004857669667002375,0.00029096597143593643,0.004313617445323859,0.005386388256288759,7.673145700588331e-06,5.426834282692624e-06,1437.9292314159604,1437.9292314159604,1441.0229501674592,1968.789382269624,1.0022540893970584
4,tau,3.7334351277825713,1.9096698237001044,1.1039122446076193,7.613702546856038,0.09727243228513076,0.06883411417546692,385.42246089112365,385.42246089112365,348.13672839654333,833.8521215923073,1.0029669746007002
5,gamma,0.6029678749987577,0.1977857370433969,0.2729679138019545,0.9611090178607988,0.012063985639408827,0.008539799868415042,268.78703522632094,268.78703522632094,270.82945741929956,447.84974779113935,1.0009191760964429
6,zeta,4.554906154198988,2.6604425673987016,0.0004831198783550497,8.906892775161525,0.15434208816149705,0.1092436482193294,297.1248890297124,297.1248890297124,299.4895696700478,731.2634843062577,1.0007691184090963
