,Unnamed: 0,mean,sd,hdi_3%,hdi_97%,mcse_mean,mcse_sd,ess_mean,ess_sd,ess_bulk,ess_tail,r_hat
0,b,1.0,0.0,1.0,1.0,0.0,0.0,10000.0,10000.0,10000.0,10000.0,
1,p_error,0.050000004470348365,3.725476371840841e-09,0.05000000074505806,0.05000000074505806,3.7254763718408414e-11,2.6343864464297942e-11,10000.0,10000.0,10000.0,10000.0,
2,v,0.00044360196019905586,3.4916751315568735e-05,0.0003770393772026083,0.0005042395112479285,1.3965082304168968e-06,9.879415237852881e-07,625.1448537663503,625.1448537663503,643.1300361139092,973.092616659411,1.0045209411425702
3,s,0.0058271820434390685,0.0005823747326987398,0.004758980954253622,0.00687125931411003,2.84028743004995e-05,2.009781480726123e-05,420.4171895326042,420.4171895326042,418.1630758530461,831.0330440134677,1.0077063013329028
4,tau,0.9097195276347274,0.2619019428000086,0.4848405063864593,1.3948679630609688,0.013124178233675236,0.009287000819948913,398.2292910921422,398.2292910921422,389.92145688432333,712.5658075886714,1.0084793939161227
5,gamma,0.7630008248476965,0.15944181588403206,0.4845941735691308,0.9992809072226402,0.006239164872967102,0.004413727656837936,653.0576773019634,653.0576773019634,669.4869689069083,865.4271437167642,1.0024153179252755
6,zeta,3.299222379002977,2.255690081203272,0.004959442378422382,7.383443805550875,0.0906049644171894,0.06409755767138614,619.8047089008418,619.8047089008418,602.5716411440262,1364.7630193529296,1.0018918544129196
