,Unnamed: 0,mean,sd,hdi_3%,hdi_97%,mcse_mean,mcse_sd,ess_mean,ess_sd,ess_bulk,ess_tail,r_hat
0,b,1.0,0.0,1.0,1.0,0.0,0.0,10000.0,10000.0,10000.0,10000.0,
1,p_error,0.050000004470348365,3.725476371840841e-09,0.05000000074505806,0.05000000074505806,3.7254763718408414e-11,2.6343864464297942e-11,10000.0,10000.0,10000.0,10000.0,
2,v,0.0003242040943628205,3.5779348732971886e-05,0.00026012631575898293,0.0003928809886592698,1.3967912344150223e-06,9.88119923954334e-07,656.1480770255812,656.1480770255812,646.6181790534373,1236.3184161714314,1.0065630966303358
3,s,0.0071612451438324955,0.00044081087163773603,0.006274578906866344,0.007932630797090539,1.3965326804575556e-05,9.892718351527457e-06,996.3281192160773,993.3411698055116,993.2124574471068,1566.50417635328,1.0018931734789498
4,tau,2.092896461093769,1.265050410791137,0.8107663744871845,3.98441149050911,0.07458814058327705,0.054520236141248735,287.6577654945257,269.7804599471449,391.0587953604013,512.336513287735,1.0077793178373633
5,gamma,0.7256073789375328,0.17276570308448194,0.4349831309940516,0.9999823526482096,0.006207124756776489,0.004390753517443945,774.7009974020748,774.7009974020748,780.1016564673799,1151.037786826118,1.0004506766111756
6,zeta,2.8351455370918734,2.0894694269045715,0.002816043037586799,6.6609704645157,0.06917432811965699,0.04892928134466643,912.3934160298384,912.3934160298384,854.8515851673727,1555.2448494653422,1.00293803150054
