,Unnamed: 0,mean,sd,hdi_3%,hdi_97%,mcse_mean,mcse_sd,ess_mean,ess_sd,ess_bulk,ess_tail,r_hat
0,b,1.0,0.0,1.0,1.0,0.0,0.0,10000.0,10000.0,10000.0,10000.0,
1,p_error,0.050000004470348365,3.725476371840841e-09,0.05000000074505806,0.05000000074505806,3.7254763718408414e-11,2.6343864464297942e-11,10000.0,10000.0,10000.0,10000.0,
2,v,0.00040099337209953927,3.965078189392287e-05,0.0003248855862599602,0.0004705034814890655,1.1359410509047301e-06,8.03423979238312e-07,1218.4057017593386,1218.4057017593386,1217.4194026571088,1503.8631775472472,1.0026305641567923
3,s,0.007005759393831554,0.0005137922135302807,0.006056355723328022,0.007971241642699193,1.3760397048199203e-05,9.75000069066417e-06,1394.1615653032104,1389.0509522072027,1406.699928841032,1561.4019853485113,1.0015083706141032
4,tau,2.07610292061783,0.8721794350151431,0.9912769044527996,3.456290078985422,0.03373780806496414,0.023866652052235284,668.3099979051434,668.3099979051434,636.6895793898441,1047.9286591916866,1.0032194617711827
5,gamma,0.8109818999107208,0.1343990708520834,0.573718690345415,0.9998919154659459,0.003937146981336233,0.002799604875818101,1165.2772730815896,1152.8926303006394,1095.4961642132598,1439.1276561352029,1.0021206260704352
6,zeta,1.302181864086445,1.166326251638964,0.0008528124168471746,3.4620703895025486,0.029442603700381573,0.0208229355097078,1569.2338759263598,1569.2338759263598,1419.7300705260309,1954.7400052136145,1.0016843504950448
