,Unnamed: 0,mean,sd,hdi_3%,hdi_97%,mcse_mean,mcse_sd,ess_mean,ess_sd,ess_bulk,ess_tail,r_hat
0,b,1.0,0.0,1.0,1.0,0.0,0.0,10000.0,10000.0,10000.0,10000.0,
1,p_error,0.050000004470348365,3.725476371840841e-09,0.05000000074505806,0.05000000074505806,3.7254763718408414e-11,2.6343864464297942e-11,10000.0,10000.0,10000.0,10000.0,
2,v,0.00015201173255685835,1.0237317321182076e-05,0.00013315604749111802,0.00017129799146223794,3.090563473711144e-07,2.1859395682094847e-07,1097.228286532825,1097.228286532825,1100.6139501017597,1460.8074633323306,1.001404175354674
3,s,0.0035395261323013095,0.00018804739028236962,0.003198576495431485,0.003893178441294957,6.462122186362798e-06,4.570985190948154e-06,846.806709623777,846.806709623777,854.1222884531085,1442.521833297822,1.0021776603906922
4,tau,1.4722353262968078,0.5495352541333531,0.7473672876512937,2.5754394374886465,0.052997889894770535,0.037577301400451776,107.51621336142374,107.51621336142374,104.37130831836832,274.8129066116971,1.0210087590941377
5,gamma,0.4416763777547675,0.16058445430979873,0.15558009536282444,0.7208965761342052,0.015267925786004631,0.010824647032441577,110.6233790179132,110.6233790179132,108.54586559250332,265.51395847775683,1.0213887994686504
6,zeta,5.939556359816715,2.7042012893004856,1.2320771635483156,9.99644232421059,0.2154947587669534,0.15266092989843924,157.47245836349012,157.47245836349012,164.2428562020764,463.8760004312305,1.0102440517610218
