,Unnamed: 0,mean,sd,hdi_3%,hdi_97%,mcse_mean,mcse_sd,ess_mean,ess_sd,ess_bulk,ess_tail,r_hat
0,b,1.0,0.0,1.0,1.0,0.0,0.0,10000.0,10000.0,10000.0,10000.0,
1,p_error,0.050000004470348365,3.725476371840841e-09,0.05000000074505806,0.05000000074505806,3.7254763718408414e-11,2.6343864464297942e-11,10000.0,10000.0,10000.0,10000.0,
2,v,0.00047776713458427833,4.3492498552590165e-05,0.0003973408322334879,0.0005568921017613115,1.1957410018420842e-06,8.505150024590647e-07,1322.9836363534116,1308.062480863804,1341.0350590283688,1564.8561655881904,1.0014384332990467
3,s,0.007885378149555995,0.00041773138323277756,0.007121010534211912,0.008702849579638752,1.0589137632549624e-05,7.4890548031742114e-06,1556.2272725266141,1556.2272725266141,1550.968892267789,1863.141577473748,1.00225173632709
4,tau,3.2536264287859096,1.059824988103958,1.5060559222456285,5.197122750981986,0.0582692849408805,0.04123898760916799,330.81784829107016,330.81784829107016,307.6699929049656,761.2000699924845,1.0057167775083171
5,gamma,0.5683788023881688,0.17884266568120766,0.2819103529963723,0.9264523552049632,0.011744992222857872,0.008315433004594234,231.8658568975296,231.8658568975296,246.7715358631609,563.9448710502651,1.0115534965106967
6,zeta,2.3712211723511487,1.9594974167895247,0.0003443019911574617,6.12197457174932,0.1214524654040588,0.08597627403162401,260.3015297096862,260.3015297096862,279.9954281269743,656.2493537677507,1.0106393793710184
