,Unnamed: 0,mean,sd,hdi_3%,hdi_97%,mcse_mean,mcse_sd,ess_mean,ess_sd,ess_bulk,ess_tail,r_hat
0,b,1.0,0.0,1.0,1.0,0.0,0.0,10000.0,10000.0,10000.0,10000.0,
1,p_error,0.050000004470348365,3.725476371840841e-09,0.05000000074505806,0.05000000074505806,3.7254763718408414e-11,2.6343864464297942e-11,10000.0,10000.0,10000.0,10000.0,
2,v,0.0001333402481392275,1.2114558199404567e-05,0.00011133002870200856,0.0001553082610352253,4.879201022479171e-07,3.466692224073045e-07,616.4782212866563,611.1802873378681,620.85840219157,940.8531437856692,1.0030352007264285
3,s,0.004038541081388921,0.00022223991430949937,0.0035958242287636093,0.004426498795554893,6.9976722522076125e-06,4.9495330386929725e-06,1008.6417170710727,1008.6417170710727,1018.8796872103633,1261.1132105797521,1.0018187609818463
4,tau,4.3051949731848005,1.8655385235957551,1.5752726352966808,8.061786956446104,0.12291867647187404,0.08702692458913179,230.34176628380104,230.34176628380104,226.6481299084773,572.0334715654011,1.0045537909496034
5,gamma,0.5736216610659544,0.1733095346281339,0.2617806340991177,0.8833805096849837,0.014232972718978696,0.01008409581411054,148.27013341375573,148.27013341375573,140.1367863337907,193.600278696693,1.019334891659871
6,zeta,5.322658442426099,2.6360542637520146,1.0783753889715992,9.934871414311754,0.217305503198882,0.15396378948958125,147.15236366572918,147.15236366572918,148.9611612874559,381.9094282941461,1.0224286669599398
