,Unnamed: 0,mean,sd,hdi_3%,hdi_97%,mcse_mean,mcse_sd,ess_mean,ess_sd,ess_bulk,ess_tail,r_hat
0,b,1.0,0.0,1.0,1.0,0.0,0.0,10000.0,10000.0,10000.0,10000.0,
1,p_error,0.050000004470348365,3.725476371840841e-09,0.05000000074505806,0.05000000074505806,3.7254763718408414e-11,2.6343864464297942e-11,10000.0,10000.0,10000.0,10000.0,
2,v,0.0005519782382302099,2.5665311935558288e-05,0.0005028586582101467,0.0005999076880291315,1.1072243737288305e-06,7.83351253287368e-07,537.3061593309111,537.3061593309111,555.8610370123547,741.3703867508784,1.0013308200896434
3,s,0.0038589494401477507,0.00043582345762969684,0.003190810221810935,0.004769265066537854,2.058132908922838e-05,1.4562673965849698e-05,448.4090507235951,448.4090507235951,485.56462043496964,772.9406393763492,1.003775152908176
4,tau,0.5104495567869765,0.13364650039365722,0.29832037919122384,0.7807456968468779,0.006414830563396478,0.004547241641128243,434.0550391854444,432.4892968559568,465.32236903630434,602.5730818562896,1.0009727057411624
5,gamma,0.8010726221532056,0.1328329743300906,0.5728229083218677,0.9992220764752526,0.0060699161109505784,0.004294695574623349,478.90174178235185,478.90174178235185,507.10193814698783,810.5999597140599,1.0003394132918857
6,zeta,2.47876137053227,1.6644878644256669,0.0010707267262187864,5.379756311921195,0.0702200316694617,0.0496788580907701,561.8743727335099,561.8743727335099,538.1180085372404,996.6379554034269,1.0004220426873518
