,Unnamed: 0,mean,sd,hdi_3%,hdi_97%,mcse_mean,mcse_sd,ess_mean,ess_sd,ess_bulk,ess_tail,r_hat
0,b,1.0,0.0,1.0,1.0,0.0,0.0,10000.0,10000.0,10000.0,10000.0,
1,p_error,0.050000004470348365,3.725476371840841e-09,0.05000000074505806,0.05000000074505806,3.7254763718408414e-11,2.6343864464297942e-11,10000.0,10000.0,10000.0,10000.0,
2,v,0.00038710281418300553,2.3569031979204045e-05,0.000344435568692651,0.00043273711111258684,7.406022586875386e-07,5.238357679274451e-07,1012.7760598609917,1012.7760598609917,1025.7914331447837,1424.5353226950253,1.0002904359039342
3,s,0.005263195082194382,0.00027773431511704,0.004726745613289415,0.005787896235952497,7.920358002206183e-06,5.6018678459301115e-06,1229.6158680503183,1229.6158680503183,1228.0710976249645,1639.7066864865774,1.001729609904609
4,tau,1.3432913304295624,0.3712818073480192,0.7283308254633722,1.9943845088542356,0.017750612935311157,0.012559955965438824,437.5025926452089,437.5025926452089,407.4472216789656,834.4988906829593,1.0011591405620908
5,gamma,0.7406660876341162,0.16430372210747932,0.4665890145780646,0.9991621412351144,0.007426764394803747,0.00528559705389039,489.4355495741224,483.72753230885314,494.282777542451,956.8800391474748,1.0018105426498891
6,zeta,4.220327199207711,2.489522971339841,0.02023056282787053,8.484442303585041,0.10663175273032896,0.07544041815313485,545.0786607370279,545.0786607370279,535.6302533854989,1252.7145267570884,1.0026431269206535
