,Unnamed: 0,mean,sd,hdi_3%,hdi_97%,mcse_mean,mcse_sd,ess_mean,ess_sd,ess_bulk,ess_tail,r_hat
0,b,1.0,0.0,1.0,1.0,0.0,0.0,10000.0,10000.0,10000.0,10000.0,
1,p_error,0.050000004470348365,3.725476371840841e-09,0.05000000074505806,0.05000000074505806,3.7254763718408414e-11,2.6343864464297942e-11,10000.0,10000.0,10000.0,10000.0,
2,v,0.00016102722096268218,1.035922613591675e-05,0.00014159843394839512,0.00018003602825749856,2.962529782083945e-07,2.096163552022905e-07,1222.7260846757158,1221.7482286185655,1227.0711590654826,1800.549187097374,1.0060527525740748
3,s,0.003724480089990573,0.00024658238302967446,0.003237890627521917,0.004164454996847882,1.0295927445971955e-05,7.2840253926722425e-06,573.5788696830275,573.5788696830275,595.7160417049403,1022.9274192515084,1.0088276714863793
4,tau,3.8064939564063365,1.8870589308138703,1.4146190767044298,7.897070441096716,0.08155459687634174,0.05769925334585405,535.394659890148,535.394659890148,405.90502244995855,536.7097389980705,1.0114855722437321
5,gamma,0.8152236606399903,0.14167440071380755,0.5474505508850922,0.999373061020432,0.005047795959336186,0.003570653170229142,787.7332642702161,787.7332642702161,779.214061275543,1053.5926482528039,1.0043104092668802
6,zeta,1.884223217173016,1.7669142851707118,0.0012914291701379478,5.163626818929107,0.07192016358972649,0.05087983059508138,603.5727592452888,603.5727592452888,628.8751725167459,1397.1739173828626,1.0046863884069344
