,Unnamed: 0,mean,sd,hdi_3%,hdi_97%,mcse_mean,mcse_sd,ess_mean,ess_sd,ess_bulk,ess_tail,r_hat
0,b,1.0,0.0,1.0,1.0,0.0,0.0,10000.0,10000.0,10000.0,10000.0,
1,p_error,0.050000004470348365,3.725476371840841e-09,0.05000000074505806,0.05000000074505806,3.7254763718408414e-11,2.6343864464297942e-11,10000.0,10000.0,10000.0,10000.0,
2,v,0.00039704188878500365,2.546766166466859e-05,0.00035098090063040335,0.0004446014183923589,5.934286105553429e-07,4.1968386319128364e-07,1841.7945422671494,1841.7945422671494,1845.423059109092,1951.2198321751998,1.002006029411845
3,s,0.0060775081744676145,0.00025550204003638687,0.005614586384326135,0.006570045147637607,6.134593133064121e-06,4.345311056921296e-06,1734.6713906278874,1729.2729056725348,1725.8103517020575,1911.5762767092417,1.001417199505796
4,tau,5.798839039213305,1.9312789408331383,2.754572741038426,9.478544859983518,0.05644400467921652,0.040675521148143996,1170.7235950874103,1127.7646303613758,1171.0305781132156,1390.9493909879475,1.001830291724379
5,gamma,0.9199022748892176,0.06407376694397568,0.8005225496659186,0.9998149271650202,0.0017379749960779044,0.0012428546243533135,1359.1690182155444,1329.4758698391593,1195.9514419354682,1667.0050939420455,1.001917695552091
6,zeta,0.5961445147146,0.5078603986159389,0.00018213339843976134,1.517574572377978,0.013745870212753008,0.00972187562212225,1365.0363621545962,1365.0363621545962,1149.8019746469774,1575.4149899440995,1.0017946768375263
