,Unnamed: 0,mean,sd,hdi_3%,hdi_97%,mcse_mean,mcse_sd,ess_mean,ess_sd,ess_bulk,ess_tail,r_hat
0,b,1.0,0.0,1.0,1.0,0.0,0.0,10000.0,10000.0,10000.0,10000.0,
1,p_error,0.050000004470348365,3.725476371840841e-09,0.05000000074505806,0.05000000074505806,3.7254763718408414e-11,2.6343864464297942e-11,10000.0,10000.0,10000.0,10000.0,
2,v,0.000340521217308778,2.922351796235189e-05,0.00028592834162482957,0.0003933898591213323,9.062839674851324e-07,6.410193878373936e-07,1039.76787889774,1039.76787889774,1027.9750604580538,1504.366706449077,1.0035156448797615
3,s,0.006118905208704768,0.00028551017704126077,0.005593139096571176,0.0066568868072661505,6.667449866299416e-06,4.722072063481521e-06,1833.6805101897141,1828.464568595275,1843.5861511021044,1880.2430810826372,1.0019400440546002
4,tau,4.838897297744865,1.8502713243730644,2.1201553211977235,8.680013959851946,0.14573480194465885,0.10323710598769173,161.19229776888832,161.19229776888832,160.33762235636962,380.7140496819087,1.00482023689271
5,gamma,0.4030842275433101,0.1615035004377429,0.16749604225224618,0.6968594156643493,0.014186669907039753,0.010054153596966769,129.59938834927507,129.59938834927507,133.54748365618306,364.7988387450065,1.0051638301994674
6,zeta,4.010756797225443,2.8356741315204044,0.00016857588507814732,8.955932527831218,0.2435346513115157,0.17257682761158016,135.57859084581312,135.57859084581312,145.80660360489983,496.6559690211897,1.0068082412141408
