,Unnamed: 0,mean,sd,hdi_3%,hdi_97%,mcse_mean,mcse_sd,ess_mean,ess_sd,ess_bulk,ess_tail,r_hat
0,b,1.0,0.0,1.0,1.0,0.0,0.0,10000.0,10000.0,10000.0,10000.0,
1,p_error,0.050000004470348365,3.725476371840841e-09,0.05000000074505806,0.05000000074505806,3.7254763718408414e-11,2.6343864464297942e-11,10000.0,10000.0,10000.0,10000.0,
2,v,0.00022038546017288173,1.871613812731992e-05,0.00017955372425377853,0.0002515653425824016,5.266707234056427e-07,3.724984854140755e-07,1262.8568621281129,1262.8568621281129,1266.275191285561,1493.2402713343988,1.0033568870358898
3,s,0.004176326023019615,0.0003281846296228882,0.003594971272698244,0.0048001041672649574,1.0857602450529702e-05,7.734422048176297e-06,913.6263201974792,900.8076997984796,911.5404384861804,1384.005344531013,1.0033287374361877
4,tau,0.9401669616189314,0.2712225956994622,0.5088458303510464,1.389059823887464,0.011076155883683058,0.007835837764968916,599.6165584730737,599.6165584730737,648.5430180361833,1051.619578867014,1.002165940776688
5,gamma,0.8138951304594291,0.1366480146859861,0.5709099417216078,0.9997300985296096,0.0052186190110596635,0.003691691785320332,685.6389302167687,685.6389302167687,696.0113031517355,1034.1353182820678,1.0005395547234688
6,zeta,2.1033482082533403,1.8701491905656404,0.0006781426516337643,5.673644407684571,0.04793529035978465,0.035481183221140966,1522.0950811870052,1389.6603672372935,1611.0446513881552,1704.8406029936216,1.0016662488052348
