,Unnamed: 0,mean,sd,hdi_3%,hdi_97%,mcse_mean,mcse_sd,ess_mean,ess_sd,ess_bulk,ess_tail,r_hat
0,b,1.0,0.0,1.0,1.0,0.0,0.0,10000.0,10000.0,10000.0,10000.0,
1,p_error,0.050000004470348365,3.725476371840841e-09,0.05000000074505806,0.05000000074505806,3.7254763718408414e-11,2.6343864464297942e-11,10000.0,10000.0,10000.0,10000.0,
2,v,0.00020204094563600644,1.4782827543259521e-05,0.00017455671705999122,0.00022946314132596608,7.066460640510102e-07,5.000076166083115e-07,437.63407764888314,437.63407764888314,454.94049990498263,555.125903070705,1.0017224079163252
3,s,0.003987552121608268,0.0003003645853816452,0.003439483079376006,0.004587152369481746,1.180561513010307e-05,8.351594724696785e-06,647.3217649936182,647.3217649936182,644.4925670047003,1239.88351223352,1.0019831222487543
4,tau,1.6373754003957144,0.6479271254176919,0.7047014870173998,2.7881268548850424,0.05666856719397725,0.040160471391039065,130.72777209977332,130.72777209977332,121.31973366607427,376.2399188057267,1.01523408595924
5,gamma,0.4797226166581288,0.18484269035303388,0.1644489628220757,0.8329273581132044,0.014857130130204062,0.010525437027938863,154.78707996849587,154.78707996849587,146.89340515782328,519.1777751968601,1.015572771876631
6,zeta,5.115659125523486,2.8054962071153122,0.7986738042883037,9.987236458704805,0.20051517198204255,0.14199742458078654,195.76042247391786,195.76042247391786,194.8394617906346,913.1992445546837,1.010543720179829
