,Unnamed: 0,mean,sd,hdi_3%,hdi_97%,mcse_mean,mcse_sd,ess_mean,ess_sd,ess_bulk,ess_tail,r_hat
0,b,1.0,0.0,1.0,1.0,0.0,0.0,10000.0,10000.0,10000.0,10000.0,
1,p_error,0.050000004470348365,3.725476371840841e-09,0.05000000074505806,0.05000000074505806,3.7254763718408414e-11,2.6343864464297942e-11,10000.0,10000.0,10000.0,10000.0,
2,v,0.00021413260495925382,7.76644366994431e-06,0.00019856004520417132,0.00022717996902428585,3.9989527573186176e-07,2.8298760825491533e-07,377.1827705842038,377.1827705842038,418.3339694649822,437.39143828114084,1.0032385087406768
3,s,0.0022226599339086467,0.00018999351974438678,0.0018739246368306,0.002570502215770525,9.250192451742496e-06,6.644532626643603e-06,421.8674715013098,409.39077684252334,476.8167295948088,477.3075386180927,1.001083264075233
4,tau,0.7596312816410449,0.2398302607074343,0.42543266339383456,1.2322831228537292,0.020476296891665056,0.014509823910935731,137.18452483384016,137.18452483384016,144.38110348510574,234.0033899362156,1.0076083757968473
5,gamma,0.5406996578972936,0.172193331958561,0.2370304178744268,0.8630144539707534,0.013117219572572985,0.009291019075891223,172.32531568819286,172.32531568819286,167.417581378788,263.75426894253536,1.0071624339406082
6,zeta,5.394090915139529,2.828018569302244,0.6770628669984785,9.998451012162908,0.23160146659256914,0.1640883945291787,149.10146244689525,149.10146244689525,160.19359833256726,290.6239219536851,1.0049926178411592
