,Unnamed: 0,mean,sd,hdi_3%,hdi_97%,mcse_mean,mcse_sd,ess_mean,ess_sd,ess_bulk,ess_tail,r_hat
0,b,1.0,0.0,1.0,1.0,0.0,0.0,10000.0,10000.0,10000.0,10000.0,
1,p_error,0.050000004470348365,3.725476371840841e-09,0.05000000074505806,0.05000000074505806,3.7254763718408414e-11,2.6343864464297942e-11,10000.0,10000.0,10000.0,10000.0,
2,v,0.00043132099472687103,4.033568416570844e-05,0.00035592217265334664,0.0005054922516544393,1.2674785677546342e-06,8.96500932962225e-07,1012.7391677204131,1012.7391677204131,1020.9153112392412,1519.6285177811026,1.0048132105661114
3,s,0.007548174640392011,0.00042643504198424867,0.006793494212757685,0.008410850670777787,1.4595331285745898e-05,1.0370356400607137e-05,853.6460920053696,846.034313116816,853.5165220119882,1494.7251989067495,1.0052886852531109
4,tau,1.6236128383750221,0.7915249732307184,0.6932211620294542,2.894895239751225,0.026974022535359573,0.01907997868400856,861.0687171609003,861.0687171609003,821.5094930069428,1290.493955795928,1.007294427022138
5,gamma,0.8261399416667177,0.11823699753197635,0.6167468804135082,0.9996939294595478,0.003689671853666408,0.002649616265794518,1026.9074372998562,996.2428355349617,1005.8996058978818,1581.8788272937534,1.0069881000057561
6,zeta,1.5049312352173196,1.1778802057901974,0.001666270974571086,3.6494796746422073,0.03415278023634012,0.02415558669691589,1189.4607616687156,1189.4607616687156,1064.8543594572857,1494.2923376815095,1.005841800792468
