,Unnamed: 0,mean,sd,hdi_3%,hdi_97%,mcse_mean,mcse_sd,ess_mean,ess_sd,ess_bulk,ess_tail,r_hat
0,b,1.0,0.0,1.0,1.0,0.0,0.0,10000.0,10000.0,10000.0,10000.0,
1,p_error,0.050000004470348365,3.725476371840841e-09,0.05000000074505806,0.05000000074505806,3.7254763718408414e-11,2.6343864464297942e-11,10000.0,10000.0,10000.0,10000.0,
2,v,0.00029894390450094016,2.7721801815521162e-05,0.0002479953703214617,0.0003509951961873672,8.293958931469634e-07,5.937541526253129e-07,1117.1696986198262,1090.5158409700666,1140.9572408790596,1192.9552814638596,1.0021638624976454
3,s,0.00703175190312291,0.0003627919789094584,0.006369352429403251,0.0077324952126964185,8.930668546749632e-06,6.3160527391495066e-06,1650.2411431951639,1650.2411431951639,1645.543561245778,2089.848599558804,1.000774622083341
4,tau,5.372749700592926,2.0864345954670167,2.030499547018332,9.219752854458966,0.06889847375047302,0.04873408138922552,917.0443669471176,917.0443669471176,863.1190900240509,1054.0360941630538,1.0014734296455932
5,gamma,0.7972870459424913,0.14112147596401942,0.5439151415990936,0.9998565490427418,0.003913667985407781,0.002848185765268521,1300.2242471603793,1228.0779924082965,1255.594787587263,1962.7350457243508,1.0009628908319592
6,zeta,2.6372743486261414,1.974551809795546,0.002107772038832429,6.2040196121683255,0.06010726425678379,0.042513746684991666,1079.1533011172787,1079.1533011172787,1054.3670982225474,1818.9334909293427,1.001473209857514
