,Unnamed: 0,mean,sd,hdi_3%,hdi_97%,mcse_mean,mcse_sd,ess_mean,ess_sd,ess_bulk,ess_tail,r_hat
0,b,1.0,0.0,1.0,1.0,0.0,0.0,10000.0,10000.0,10000.0,10000.0,
1,p_error,0.050000004470348365,3.725476371840841e-09,0.05000000074505806,0.05000000074505806,3.7254763718408414e-11,2.6343864464297942e-11,10000.0,10000.0,10000.0,10000.0,
2,v,0.00012882331063055488,1.034494040600938e-05,0.00011061960370497969,0.0001486721169631416,3.484685121251466e-07,2.4663488088305016e-07,881.310418644532,880.2477301413029,877.9555369704268,1399.479753843996,1.0011062413839191
3,s,0.0036154499655532413,0.00021467631167347212,0.003200390703900617,0.004005847453136355,7.391745271983041e-06,5.228561631791599e-06,843.4789832838443,843.4789832838443,852.4757472712694,1273.266629558109,1.0021605083167529
4,tau,1.622847439436385,0.4460330137953421,0.9540314824260924,2.391957577144796,0.016807854390248615,0.011889873667445771,704.2217847630864,704.2217847630864,683.9615158911707,1070.51608947829,1.000519646384072
5,gamma,0.8765760932069601,0.09807103019819208,0.7018544134938715,0.9997689893484734,0.00288127529767745,0.0020378824356282565,1158.5424813674088,1158.5424813674088,1108.38043423174,1340.1735244961428,1.0006298328639187
6,zeta,1.259325187547086,1.1595857590882683,0.0014216253048295359,3.307671406704192,0.02809651819873236,0.01987064145486412,1703.3376178363785,1703.3376178363785,1598.4868218867707,1939.8807739089746,1.000737220745251
