,Unnamed: 0,mean,sd,hdi_3%,hdi_97%,mcse_mean,mcse_sd,ess_mean,ess_sd,ess_bulk,ess_tail,r_hat
0,b,1.0,0.0,1.0,1.0,0.0,0.0,10000.0,10000.0,10000.0,10000.0,
1,p_error,0.050000004470348365,3.725476371840841e-09,0.05000000074505806,0.05000000074505806,3.7254763718408414e-11,2.6343864464297942e-11,10000.0,10000.0,10000.0,10000.0,
2,v,0.00028212844432884355,2.1019517817864247e-05,0.00024284002056314897,0.0003220502553738189,5.862063433040871e-07,4.146045493275651e-07,1285.7142909935328,1285.7142909935328,1284.4832565491274,1615.6328071975388,1.000882842148456
3,s,0.006081770560739292,0.00036617302179597385,0.00543532169060625,0.006819427131617754,9.356932566947616e-06,6.617610962247874e-06,1531.460108422238,1531.460108422238,1532.9661933432214,1773.3038900083764,1.0018527211951076
4,tau,4.674283008000361,1.9702948319649864,1.9067885429876463,8.665939986070217,0.06681052533783842,0.04725802782080812,869.7063941688476,869.7063941688476,892.3392614955452,1447.571606395005,1.0034130609589365
5,gamma,0.8977149944703285,0.0860785007654633,0.7375842927940026,0.99996730425211,0.002260706436239461,0.0016178172556551929,1449.776470583504,1416.0526966707525,1371.3455166845324,1942.2682140757274,1.0051257512319922
6,zeta,0.8521702106704703,0.8215002188147612,0.000296426517934479,2.328091607358895,0.024975688984222862,0.01766524235110599,1081.8832866794837,1081.8832866794837,982.2673892995304,1720.5078799939706,1.0002500253118982
