,Unnamed: 0,mean,sd,hdi_3%,hdi_97%,mcse_mean,mcse_sd,ess_mean,ess_sd,ess_bulk,ess_tail,r_hat
0,b,1.0,0.0,1.0,1.0,0.0,0.0,10000.0,10000.0,10000.0,10000.0,
1,p_error,0.050000004470348365,3.725476371840841e-09,0.05000000074505806,0.05000000074505806,3.7254763718408414e-11,2.6343864464297942e-11,10000.0,10000.0,10000.0,10000.0,
2,v,0.00013776297968579087,1.0334184887184416e-05,0.00011777097201324487,0.00015597891089708433,4.572563340189808e-07,3.254191807172305e-07,510.778953600906,504.8220900256632,510.80853250277323,980.8103517363556,1.0033031769778422
3,s,0.002875815749448912,0.00025181938015132965,0.0024149965931635625,0.0033563491423542285,1.0720668397842744e-05,7.584668303539476e-06,551.7401329035047,551.7401329035047,555.5763733930111,852.5697703414813,1.003371436296376
4,tau,2.3726846546689537,0.7958944896367889,1.180719225459412,3.785884898908901,0.041902724116604714,0.029653687955407963,360.76673052517526,360.76673052517526,302.71916413113826,477.0635880755068,1.0049210257345875
5,gamma,0.7309331406772246,0.14816072916326606,0.5111549004153265,0.9995482553871162,0.00944540853559813,0.006724721285762081,246.0507649726214,243.29345910262882,254.07184727103981,830.0428990654152,1.001983907094312
6,zeta,2.330461152686341,1.77022723145245,0.005821639096505443,5.471161537021042,0.106961804642873,0.07571410168462461,273.90539794574767,273.90539794574767,290.05125063118464,941.8027418417123,1.006114789184381
