,Unnamed: 0,mean,sd,hdi_3%,hdi_97%,mcse_mean,mcse_sd,ess_mean,ess_sd,ess_bulk,ess_tail,r_hat
0,b,1.0,0.0,1.0,1.0,0.0,0.0,10000.0,10000.0,10000.0,10000.0,
1,p_error,0.050000004470348365,3.725476371840841e-09,0.05000000074505806,0.05000000074505806,3.7254763718408414e-11,2.6343864464297942e-11,10000.0,10000.0,10000.0,10000.0,
2,v,0.00028896897643915015,2.5647620499030734e-05,0.00023877998841381396,0.00033547733125992616,9.541426475726266e-07,6.783272511340799e-07,722.5493949753958,715.3851739498642,728.2309149942546,921.3060736421512,1.0036697641610044
3,s,0.006079298454133718,0.0003252717320956878,0.005494576322441387,0.006687534376022149,9.690203103606135e-06,6.853782798600964e-06,1126.7482313576331,1126.7482313576331,1119.879612698582,1227.585070051416,1.0033482557465998
4,tau,3.8603871008803416,1.9617074045853364,1.1355642308161729,7.723561463891543,0.11680855725810667,0.08268168743179498,282.045479228528,282.045479228528,253.78406691787575,578.2012781332202,1.0025589737379608
5,gamma,0.41728700864716267,0.1687735892572155,0.14509098043239024,0.7161887630965863,0.011808315786811342,0.00836169064206152,204.28338957295867,204.28338957295867,209.1692250483931,726.332624082917,1.0019200844302916
6,zeta,4.736605545907035,2.962245008639864,0.032553643231822464,9.40601952081085,0.20706422788296208,0.14662569073236847,204.6594478731686,204.6594478731686,223.20036484061112,871.5091264714446,1.0028957723231795
