,Unnamed: 0,mean,sd,hdi_3%,hdi_97%,mcse_mean,mcse_sd,ess_mean,ess_sd,ess_bulk,ess_tail,r_hat
0,b,1.0,0.0,1.0,1.0,0.0,0.0,10000.0,10000.0,10000.0,10000.0,
1,p_error,0.050000004470348365,3.725476371840841e-09,0.05000000074505806,0.05000000074505806,3.7254763718408414e-11,2.6343864464297942e-11,10000.0,10000.0,10000.0,10000.0,
2,v,0.00028368605536296444,2.4898982662317966e-05,0.00024031214825269727,0.0003325926924340421,7.333689570739806e-07,5.187014320558024e-07,1152.7049555902265,1152.7049555902265,1150.9466328319802,1485.6723427529412,1.002368661346092
3,s,0.006054254420611182,0.00047630076296399415,0.005142670133965613,0.006943002690240999,1.3373417065259841e-05,9.458609132317903e-06,1268.4629213346464,1268.4629213346464,1269.8081335489235,1470.65098008987,1.0002559130784523
4,tau,3.4606151956719984,1.3970101540431406,1.4486529182917365,6.03849803251993,0.08184416663115479,0.05793059857256819,291.3557971281365,291.3557971281365,272.5297397197263,975.393271801404,1.0119863202103871
5,gamma,0.6796626330438695,0.18345676294446725,0.3934502354894886,0.9942911347954612,0.012074007394999187,0.008548421742335159,230.86844478681567,230.86844478681567,245.8426256507452,649.6889011604053,1.01128967227873
6,zeta,3.9881196060347737,2.5550168736009007,0.0006282381946755378,8.31934180194354,0.16496825729901307,0.11679230368910405,239.87598551116884,239.87598551116884,239.8710445986601,576.7109967109882,1.0130180188064792
