,Unnamed: 0,mean,sd,hdi_3%,hdi_97%,mcse_mean,mcse_sd,ess_mean,ess_sd,ess_bulk,ess_tail,r_hat
0,b,1.0,0.0,1.0,1.0,0.0,0.0,10000.0,10000.0,10000.0,10000.0,
1,p_error,0.050000004470348365,3.725476371840841e-09,0.05000000074505806,0.05000000074505806,3.7254763718408414e-11,2.6343864464297942e-11,10000.0,10000.0,10000.0,10000.0,
2,v,0.0002828633825803417,2.0015548178300174e-05,0.0002446293113340924,0.0003195321977991805,6.802638171268401e-07,4.811813086310887e-07,865.7255489514487,865.7255489514487,864.1070887693837,1279.949110398876,1.0013483536877064
3,s,0.005158831926076893,0.0003405569312916412,0.004550886403885301,0.005829326278866776,1.2947377744296315e-05,9.159040936777224e-06,691.8561565189087,691.8561565189087,691.0414247967299,1169.6545515597259,1.0006925018210442
4,tau,4.2689740876174405,2.0450146203623842,1.3974037747221044,8.434815089631089,0.13247605871765336,0.09378961372059832,238.2967045929424,238.2967045929424,227.0727129483839,408.36312188089244,1.0068324421934192
5,gamma,0.8118596054303457,0.1310322378447158,0.5843989385951415,0.9997041229227464,0.00576684480027664,0.004080081007780731,516.2734471888097,516.2734471888097,537.0206255208764,928.114022739451,1.0013836056809822
6,zeta,1.9533805848039252,1.474689064847181,0.00219800845000492,4.6474682339676265,0.09024823094106857,0.06388497483829733,267.0075394379483,267.0075394379483,273.1062768164143,570.0535910333615,1.00961128033619
