,Unnamed: 0,mean,sd,hdi_3%,hdi_97%,mcse_mean,mcse_sd,ess_mean,ess_sd,ess_bulk,ess_tail,r_hat
0,b,1.0,0.0,1.0,1.0,0.0,0.0,10000.0,10000.0,10000.0,10000.0,
1,p_error,0.050000004470348365,3.725476371840841e-09,0.05000000074505806,0.05000000074505806,3.7254763718408414e-11,2.6343864464297942e-11,10000.0,10000.0,10000.0,10000.0,
2,v,0.00016695958181497784,1.4616220585472143e-05,0.0001381215370417345,0.00019221766452104318,4.296091560860591e-07,3.038561263582251e-07,1157.5056509322376,1157.5056509322376,1167.31142676505,1328.5178198821395,1.0036754314904504
3,s,0.00521067860290023,0.000255048986040127,0.004750751246145604,0.0057040818084912685,7.301294426897699e-06,5.191872383681836e-06,1220.246242258969,1207.1996656411975,1223.3479235040068,1249.434050425415,1.001675159906358
4,tau,3.0750306731892185,1.2461357610044144,1.3573724647399472,5.365109973387019,0.06977822123417816,0.04938584715791825,318.9267373732563,318.9267373732563,335.94450232614946,541.6411417024893,1.0095505348226217
5,gamma,0.32842054014914146,0.12972674884355626,0.10182867274978863,0.5767131630840607,0.006912144998597821,0.00489167748975897,352.23571433019407,352.23571433019407,348.8160314158026,813.3820016910057,1.0074214758937423
6,zeta,6.0433969361332665,2.6280416549895533,1.4172076668903266,9.98783362149023,0.15152136369427185,0.1072458350112994,300.82695553608954,300.82695553608954,329.02278988747,769.7213287720527,1.0091635056726411
