,Unnamed: 0,mean,sd,hdi_3%,hdi_97%,mcse_mean,mcse_sd,ess_mean,ess_sd,ess_bulk,ess_tail,r_hat
0,b,1.0,0.0,1.0,1.0,0.0,0.0,10000.0,10000.0,10000.0,10000.0,
1,p_error,0.050000004470348365,3.725476371840841e-09,0.05000000074505806,0.05000000074505806,3.7254763718408414e-11,2.6343864464297942e-11,10000.0,10000.0,10000.0,10000.0,
2,v,0.00014085624323583346,1.1637127894371025e-05,0.00011841006928238572,0.00016164717301773315,3.5907148005711545e-07,2.5397241735394894e-07,1050.3397243404434,1050.3397243404434,1045.5689604038969,1451.7205688354034,1.000899185569136
3,s,0.004035843680382747,0.00022603393668218453,0.0036338469217027133,0.004459125804895748,6.012325902357781e-06,4.252234033093492e-06,1413.3908330491668,1413.3908330491668,1405.835704638815,1925.4869807082625,1.0026186861149398
4,tau,5.429266318052024,1.9926430485177016,2.282171634685908,9.272529621781073,0.12808944932047062,0.09068230026752913,242.00943616112912,242.00943616112912,231.7146674606403,538.8579718857317,1.0062219724522656
5,gamma,0.2845750167044945,0.114192059787826,0.11081737035943792,0.4973811162264021,0.00883700683538957,0.006259654858578046,166.97883695037027,166.97883695037027,170.1399432964755,757.4828635073244,1.011229097842933
6,zeta,3.9263112845493913,2.81378292440548,3.9158957852936765e-05,8.89190080777098,0.21623367537925034,0.1531644405133853,169.3302381397145,169.3302381397145,178.74716876609932,682.5313350424274,1.0142120597524016
