,Unnamed: 0,mean,sd,hdi_3%,hdi_97%,mcse_mean,mcse_sd,ess_mean,ess_sd,ess_bulk,ess_tail,r_hat
0,b,1.0,0.0,1.0,1.0,0.0,0.0,10000.0,10000.0,10000.0,10000.0,
1,p_error,0.050000004470348365,3.725476371840841e-09,0.05000000074505806,0.05000000074505806,3.7254763718408414e-11,2.6343864464297942e-11,10000.0,10000.0,10000.0,10000.0,
2,v,0.00042825353706580266,3.322833353760052e-05,0.0003677531131248957,0.0004889942039257977,1.2887822138032905e-06,9.188794626380066e-07,664.7495539718317,654.421204672816,671.3622849249359,1026.7402166964507,1.0022485421406733
3,s,0.00597896380150972,0.0004243080203437051,0.005224908887170668,0.00681076644103976,1.6665868488040843e-05,1.1789855344423026e-05,648.1963497507318,648.1963497507318,651.7351494886468,1038.6077862900258,1.0029100550283268
4,tau,1.3420845723555836,0.4609961262281754,0.6518188937725834,2.182875183688914,0.02811403542745245,0.019901229918094187,268.8736089235327,268.8736089235327,247.11253111412026,544.4174977016153,1.0052938557098303
5,gamma,0.6655768707935845,0.19224093548069854,0.3749209666204666,0.9992882150315486,0.01191290932805039,0.008433151837432148,260.4090479376133,260.4090479376133,273.6589235241516,778.1044812720227,1.0096036993197488
6,zeta,3.9212637391687344,2.586574646331873,0.0005723254913048097,8.405872303549234,0.15148953460636924,0.10722662940370342,291.5310184464161,291.5310184464161,299.07991971777034,951.97767080245,1.0109874698999235
