,Unnamed: 0,mean,sd,hdi_3%,hdi_97%,mcse_mean,mcse_sd,ess_mean,ess_sd,ess_bulk,ess_tail,r_hat
0,b,1.0,0.0,1.0,1.0,0.0,0.0,10000.0,10000.0,10000.0,10000.0,
1,p_error,0.050000004470348365,3.725476371840841e-09,0.05000000074505806,0.05000000074505806,3.7254763718408414e-11,2.6343864464297942e-11,10000.0,10000.0,10000.0,10000.0,
2,v,0.0002407619977941145,1.6807373561073778e-05,0.00021126725264560301,0.00027344748986421583,5.315549173365551e-07,3.759757931585481e-07,999.777653572538,999.777653572538,1006.7926845593029,1598.2853456179944,1.002539265892629
3,s,0.004777080934696201,0.0002059586013594261,0.004397725154479653,0.005175708230509261,5.977839460347388e-06,4.2364061853575535e-06,1187.056451715786,1182.3580549160538,1180.3391786007187,1742.7220155731452,1.0014378881268855
4,tau,3.107925516162785,1.777951959145046,0.965474886604404,6.902478821967042,0.13615362910325698,0.09644030795495442,170.52246444400646,170.52246444400646,171.8990809002846,270.403363915246,1.0095497577573598
5,gamma,0.7722264047900598,0.1568818939562185,0.485584968739536,0.9999004839324741,0.006698652993938277,0.0048494092268329455,548.4924900956048,523.8680346352945,564.6916617750452,1179.6661181650818,1.0026278210319464
6,zeta,2.7051239283634483,2.193528782032387,0.00011674537041208808,6.933938660135591,0.15380407066763696,0.1089122347087102,203.40003100708321,203.40003100708321,207.40734313772134,531.6001599913069,1.009199365764538
