,Unnamed: 0,mean,sd,hdi_3%,hdi_97%,mcse_mean,mcse_sd,ess_mean,ess_sd,ess_bulk,ess_tail,r_hat
0,b,1.0,0.0,1.0,1.0,0.0,0.0,10000.0,10000.0,10000.0,10000.0,
1,p_error,0.050000004470348365,3.725476371840841e-09,0.05000000074505806,0.05000000074505806,3.7254763718408414e-11,2.6343864464297942e-11,10000.0,10000.0,10000.0,10000.0,
2,v,0.00027926615846313006,3.705727332163462e-05,0.00021424364502132176,0.0003489071333134098,9.797155912720192e-07,6.944538501888518e-07,1430.6944171046255,1424.3215840451126,1454.523699330902,1898.3494030827112,1.0023470308441365
3,s,0.00528870416803445,0.00041609554853130784,0.004553242931682747,0.006101544035997822,1.1950607845551085e-05,8.452389766289247e-06,1212.2889551748046,1212.2889551748046,1209.6990887255506,1422.0283180638417,1.0027486933735117
4,tau,2.609273381846438,1.142080425361682,0.8809562349836296,4.5305393637727365,0.05518231803950873,0.039046391345551705,428.34479724514955,428.34479724514955,341.78101797891435,630.3028342307208,1.007917853858587
5,gamma,0.6116911281974515,0.1729326502670453,0.3423594012918537,0.9430681295008404,0.013617724687537693,0.009676223952387791,161.26677280589547,160.28622038794006,170.642795010133,366.6635276327618,1.014524048276768
6,zeta,2.3872107625227077,1.867279036092624,0.0035044407810169986,5.8396881785911825,0.13245830412639242,0.09379997453020934,198.72845765156913,198.72845765156913,206.80195403421558,476.8725588080914,1.0113831061176168
