,Unnamed: 0,mean,sd,hdi_3%,hdi_97%,mcse_mean,mcse_sd,ess_mean,ess_sd,ess_bulk,ess_tail,r_hat
0,b,1.0,0.0,1.0,1.0,0.0,0.0,10000.0,10000.0,10000.0,10000.0,
1,p_error,0.050000004470348365,3.725476371840841e-09,0.05000000074505806,0.05000000074505806,3.7254763718408414e-11,2.6343864464297942e-11,10000.0,10000.0,10000.0,10000.0,
2,v,0.0005006766741387622,4.2772220607585886e-05,0.00042123610225049737,0.0005806195756469332,1.5663493875495038e-06,1.1080097882389623e-06,745.6693857814508,745.6693857814508,743.554073489391,1083.971362683383,1.0020825880143098
3,s,0.008505970272818771,0.00045622999594177686,0.007705052336364253,0.009392762031871092,1.3866613193140842e-05,9.817055485089743e-06,1082.4974175006164,1080.4625861435968,1082.8386715732029,1494.6051578490935,1.001141408997478
4,tau,4.666027205472859,2.6230211974747903,1.3567968131696264,9.38830082227824,0.09834206377337436,0.06956686937848237,711.4181887331006,711.4181887331006,668.8232323199721,1072.5619683834732,1.0017050630193458
5,gamma,0.8436292076766758,0.161646769476207,0.5199836492569008,0.999863586228728,0.0050134173807053345,0.003566857957539032,1039.600152665258,1027.4934875990643,1071.9656039395484,1395.0020831074671,1.0019395780650753
6,zeta,1.5736748784167387,1.9376409386061217,0.00036260934089403323,5.766674296100027,0.0614286788408948,0.043449374964602834,994.9568663029272,994.9568663029272,1106.3601319906295,1386.482625398975,1.0032422856733734
