,Unnamed: 0,mean,sd,hdi_3%,hdi_97%,mcse_mean,mcse_sd,ess_mean,ess_sd,ess_bulk,ess_tail,r_hat
0,b,1.0,0.0,1.0,1.0,0.0,0.0,10000.0,10000.0,10000.0,10000.0,
1,p_error,0.050000004470348365,3.725476371840841e-09,0.05000000074505806,0.05000000074505806,3.7254763718408414e-11,2.6343864464297942e-11,10000.0,10000.0,10000.0,10000.0,
2,v,0.0003908986682552355,3.1307128134836106e-05,0.00033225754422546545,0.0004507329400107925,1.066882421212038e-06,7.546554683252688e-07,861.0995111267157,861.0995111267157,868.1875730421077,1346.5332549116354,1.0075174612589932
3,s,0.007455370026407897,0.0004557485844038551,0.006637996523471149,0.008364139519212345,1.253703328640748e-05,8.866978604436128e-06,1321.4815341946694,1321.4815341946694,1317.1418281107374,1673.3652613594534,1.0002197650831124
4,tau,3.475300996768598,1.3441610271387079,1.6125484034202808,6.094720017423222,0.05335188309733943,0.03774282669851843,634.7505602348717,634.7505602348717,575.6559459349344,990.0136313825876,1.0049577329842567
5,gamma,0.761314924307845,0.1461542847472475,0.5196332748847735,0.9997156692253316,0.007070221357628998,0.005002817744989467,427.32379992523784,427.32379992523784,437.63518553692666,764.2567808116545,1.0033854135903324
6,zeta,2.5225977580145718,1.6390425512110864,0.010938519299094666,5.176506523409109,0.07839190302198153,0.05546847156323284,437.15760913593175,437.15760913593175,416.2197888981152,806.6062651391746,1.0007820097761844
