,Unnamed: 0,mean,sd,hdi_3%,hdi_97%,mcse_mean,mcse_sd,ess_mean,ess_sd,ess_bulk,ess_tail,r_hat
0,b,1.0,0.0,1.0,1.0,0.0,0.0,10000.0,10000.0,10000.0,10000.0,
1,p_error,0.050000004470348365,3.725476371840841e-09,0.05000000074505806,0.05000000074505806,3.7254763718408414e-11,2.6343864464297942e-11,10000.0,10000.0,10000.0,10000.0,
2,v,0.00041576676710313273,3.316184508712911e-05,0.0003523973612239088,0.0004754073650182873,7.009314816457239e-07,4.98174715863799e-07,2238.3409480697824,2216.1458862954332,2252.6908906614262,2115.2693661111084,1.0004604002667414
3,s,0.0072665993743156795,0.0004590887133311502,0.006383769321475172,0.008188240673929223,1.1660371316164438e-05,8.2466794984677e-06,1550.1312469936204,1550.1312469936204,1532.228361864807,1424.0922611503174,1.0019824429401905
4,tau,6.3274872934536335,1.7556566832235072,3.518960193792138,9.699186370363133,0.06292183590031201,0.044772752309491466,778.5319077247577,769.3979524382704,790.0439262300158,1166.3950533241555,1.0029692944622273
5,gamma,0.8819839859342963,0.08201442112940144,0.7401188140742962,0.9999631581243522,0.0025598698685837073,0.001834327585378745,1026.4662418210235,1000.1152649380986,950.1880207364998,1406.7801413039167,1.0014852399538374
6,zeta,0.8859182020956363,0.6767077046359037,0.0011230322418428976,2.033507524871814,0.025669919014245684,0.01815899729733216,694.9494975650639,694.9494975650639,655.826692953184,1356.1333641855992,1.003740655827386
