,Unnamed: 0,mean,sd,hdi_3%,hdi_97%,mcse_mean,mcse_sd,ess_mean,ess_sd,ess_bulk,ess_tail,r_hat
0,b,1.0,0.0,1.0,1.0,0.0,0.0,10000.0,10000.0,10000.0,10000.0,
1,p_error,0.050000004470348365,3.725476371840841e-09,0.05000000074505806,0.05000000074505806,3.7254763718408414e-11,2.6343864464297942e-11,10000.0,10000.0,10000.0,10000.0,
2,v,0.00010953017914896228,7.743545167915487e-06,9.434571640613916e-05,0.00012350113942891856,2.1450934454465305e-07,1.5234784482082471e-07,1303.12849114445,1292.3291255326606,1307.9036398486962,1539.4140491971207,1.0019949845953122
3,s,0.00349034250141301,0.000159450097727003,0.003219742943472845,0.003811924554858375,3.7590507181084565e-06,2.658481252734831e-06,1799.2570322904953,1799.2570322904953,1792.1674778230126,1773.1277040641885,1.0003671320670842
4,tau,5.219903816737781,2.03099371408656,2.4170139640188943,9.435522028192736,0.08430392656302524,0.059641860814196035,580.3921805750481,580.3921805750481,503.4900817314513,671.1766230625852,1.0047515643488614
5,gamma,0.8075033024270418,0.13439285310766216,0.5630207597352914,0.999654197569645,0.004594037256581721,0.003268092068931191,855.7823438857159,846.1226513099851,843.4520589049821,1318.2800919758886,1.0044407026121664
6,zeta,2.1709633251348306,1.7518739317582972,0.005156329780009376,5.528848399237171,0.07914144461656528,0.05599479624960137,490.00188833473067,490.00188833473067,525.9728581578892,817.4540896307153,1.008206306986653
