,Unnamed: 0,mean,sd,hdi_3%,hdi_97%,mcse_mean,mcse_sd,ess_mean,ess_sd,ess_bulk,ess_tail,r_hat
0,b,1.0,0.0,1.0,1.0,0.0,0.0,10000.0,10000.0,10000.0,10000.0,
1,p_error,0.050000004470348365,3.725476371840841e-09,0.05000000074505806,0.05000000074505806,3.7254763718408414e-11,2.6343864464297942e-11,10000.0,10000.0,10000.0,10000.0,
2,v,0.00018657173157651656,1.5818812201869488e-05,0.00015844025107516937,0.00021807854122699472,4.2236791498068733e-07,3.0100893255534065e-07,1402.7035654694503,1381.4730179677285,1423.7897531651377,1450.7888393399826,1.001022494451032
3,s,0.0062659532452471285,0.0003434045975658399,0.005607523341941069,0.00690910655881254,7.800877064871081e-06,5.5168834989877934e-06,1937.873138520263,1937.873138520263,1927.9706928148755,1830.0877384726928,1.0026269813049458
4,tau,5.945089742243304,2.149790082759508,2.7381346678353435,9.950735842604292,0.055938438109008205,0.03956226262229096,1476.969197797034,1476.969197797034,1398.3380037114443,1597.4910213712826,1.0014214982640763
5,gamma,0.5838909348622011,0.2209418636236376,0.255320212927851,0.9996195235617524,0.006326530246794832,0.0044746026994696144,1219.6208729589337,1219.6208729589337,1216.5654325597436,1893.6067743951132,1.0023487412331804
6,zeta,5.003732857236657,2.6918801083303787,0.4571658916525155,9.653910122231668,0.07140645973836132,0.05050235822703146,1421.1385589829606,1421.1385589829606,1392.2585202162368,1840.4066741673628,1.0040754744538318
