,Unnamed: 0,mean,sd,hdi_3%,hdi_97%,mcse_mean,mcse_sd,ess_mean,ess_sd,ess_bulk,ess_tail,r_hat
0,b,1.0,0.0,1.0,1.0,0.0,0.0,10000.0,10000.0,10000.0,10000.0,
1,p_error,0.050000004470348365,3.725476371840841e-09,0.05000000074505806,0.05000000074505806,3.7254763718408414e-11,2.6343864464297942e-11,10000.0,10000.0,10000.0,10000.0,
2,v,0.00019732705856660408,2.0136625078606383e-05,0.0001599404650671343,0.0002347349609435748,5.325783691403273e-07,3.791273912636096e-07,1429.5729476503727,1411.0832179156714,1425.1722217652218,1683.9918416996375,1.0006417617540235
3,s,0.004360854720699217,0.00030476320076803197,0.0037582906821576937,0.0048958473245280035,9.373099230429658e-06,6.632105643105845e-06,1057.2035738163827,1056.4089605728605,1062.0755353696595,1457.6637317263892,1.0015924636248117
4,tau,4.903257967926421,2.092677402936141,1.6787992893736288,9.02191703256278,0.10437760196515143,0.07385973013318232,401.96657345640966,401.96657345640966,389.5809612757712,749.5726988506614,1.007902796284571
5,gamma,0.7393576530564839,0.17097613008771684,0.4494594968372404,0.9999685395831102,0.005895330997596439,0.004174002386110619,841.1134507435405,839.5324201188548,835.7124060073156,1379.5083662225545,1.0011381018368588
6,zeta,3.23866536535,2.3949770881012795,0.0019739504298667944,7.8423287800593515,0.12443247054730275,0.08805641081251864,370.45484426248254,370.45484426248254,388.12577465620984,1150.0228198654595,1.0073207999208638
