,Unnamed: 0,mean,sd,hdi_3%,hdi_97%,mcse_mean,mcse_sd,ess_mean,ess_sd,ess_bulk,ess_tail,r_hat
0,b,1.0,0.0,1.0,1.0,0.0,0.0,10000.0,10000.0,10000.0,10000.0,
1,p_error,0.050000004470348365,3.725476371840841e-09,0.05000000074505806,0.05000000074505806,3.7254763718408414e-11,2.6343864464297942e-11,10000.0,10000.0,10000.0,10000.0,
2,v,0.00025130325478142797,1.9160786227461045e-05,0.00021485750823370032,0.00028636501581163256,6.165029348816629e-07,4.360651023664064e-07,965.953797838046,965.953797838046,964.172502945157,1120.804244573232,1.0008308227299776
3,s,0.005510821987714834,0.0002999798669772742,0.004940842122302443,0.006066964358143537,9.307502002953354e-06,6.583246603585172e-06,1038.7665106077905,1038.7665106077905,1040.0262522920093,1496.8230152829071,1.000359202492366
4,tau,2.7201143858652324,1.1111928053426563,1.1438871965010422,4.706054729607087,0.07286918737865462,0.051591063627217486,232.5364236384194,232.5364236384194,211.14067754156503,613.6912496201203,1.0046604438184925
5,gamma,0.5836666626294656,0.18724891720407189,0.2731618979293842,0.9407905253836021,0.013773525170611605,0.0097547643260105,184.81976597225614,184.81976597225614,181.69263131271018,415.20002722398215,1.0043717512069033
6,zeta,4.270022561676797,2.8027983949325623,0.0023506033605648693,9.071136227705699,0.20186812312761024,0.14295884627911826,192.7738983236533,192.7738983236533,188.78436852027446,455.3970006267867,1.00574531203621
