,Unnamed: 0,mean,sd,hdi_3%,hdi_97%,mcse_mean,mcse_sd,ess_mean,ess_sd,ess_bulk,ess_tail,r_hat
0,b,1.0,0.0,1.0,1.0,0.0,0.0,10000.0,10000.0,10000.0,10000.0,
1,p_error,0.050000004470348365,3.725476371840841e-09,0.05000000074505806,0.05000000074505806,3.7254763718408414e-11,2.6343864464297942e-11,10000.0,10000.0,10000.0,10000.0,
2,v,0.0003614999253254257,2.493388998780021e-05,0.00031870259559214936,0.0004120363688967674,1.7311102024009631e-06,1.245575155785713e-06,207.45821941902932,200.9431305224009,210.2314842297725,343.4980942028603,1.0215952323231818
3,s,0.00398656092489584,0.0004995543311530921,0.0029882788747045788,0.004761141665480365,3.741190179514353e-05,2.649760535869152e-05,178.2977595688042,178.2977595688042,193.24451878330055,403.2808187637273,1.0247827384061916
4,tau,1.1149842291672585,0.42628836352745386,0.4726588565090777,1.8951518626753276,0.028591994299673688,0.020244180145089524,222.2890441806699,222.2890441806699,213.65981095809485,446.202547885141,1.006692147430008
5,gamma,0.6898082995404299,0.1778098493419689,0.4102319793055606,0.9997996640000548,0.009683689811293241,0.0068533350401544495,337.15522051717966,337.15522051717966,345.62266542537697,892.2640379474616,1.0087078804408969
6,zeta,4.56137475568308,2.707103787643097,0.0005189933962487454,8.946364466240507,0.16614628649522942,0.11761248059759907,265.4779988038163,265.4779988038163,238.52372925579732,725.5501056578518,1.0148549593356282
