,Unnamed: 0,mean,sd,hdi_3%,hdi_97%,mcse_mean,mcse_sd,ess_mean,ess_sd,ess_bulk,ess_tail,r_hat
0,b,1.0,0.0,1.0,1.0,0.0,0.0,10000.0,10000.0,10000.0,10000.0,
1,p_error,0.050000004470348365,3.725476371840841e-09,0.05000000074505806,0.05000000074505806,3.7254763718408414e-11,2.6343864464297942e-11,10000.0,10000.0,10000.0,10000.0,
2,v,0.00028032065467980806,1.3857545467347546e-05,0.0002555312282842395,0.0003076466883213245,4.799673459022412e-07,3.395069860722158e-07,833.5837526870607,833.5837526870607,833.8150304244444,1262.4014852106766,1.0047349792513292
3,s,0.0038689804518670635,0.00027087850957177324,0.003372077286205032,0.004389436361786997,1.0219313024705037e-05,7.23744007324431e-06,702.5960408372681,700.9882337144189,704.6392822883719,1121.9131595036154,1.0073339231136864
4,tau,1.7935156270472523,0.5492641870122008,0.9294623004642332,2.844378122788319,0.03898350198412566,0.027606100009591097,198.5184455074427,198.5184455074427,158.46757018934332,546.1945193742478,1.0352124442581032
5,gamma,0.531663056801848,0.17334877139041402,0.22824430150851416,0.8392104141746852,0.0133488516468879,0.009455437138035115,168.63733206613918,168.63733206613918,152.6872998896243,598.4340141259853,1.0327129736083014
6,zeta,5.423354179941035,2.8792977636936863,0.7497554469914671,9.97581493867074,0.26613683100366176,0.18865809542893527,117.04778440194448,117.04778440194448,127.15535025240715,617.0420013252674,1.037613626628224
