,Unnamed: 0,mean,sd,hdi_3%,hdi_97%,mcse_mean,mcse_sd,ess_mean,ess_sd,ess_bulk,ess_tail,r_hat
0,b,1.0,0.0,1.0,1.0,0.0,0.0,10000.0,10000.0,10000.0,10000.0,
1,p_error,0.050000004470348365,3.725476371840841e-09,0.05000000074505806,0.05000000074505806,3.7254763718408414e-11,2.6343864464297942e-11,10000.0,10000.0,10000.0,10000.0,
2,v,0.0002000460459376022,1.2995314114344051e-05,0.0001742619774628473,0.00022297501339117398,3.4462650880959247e-07,2.4373774436729075e-07,1421.9234020124536,1421.9234020124536,1422.6429264310825,1665.7620572996298,1.0005993329139191
3,s,0.004427933157951314,0.0002203555278191958,0.003997295140097717,0.0048241424848623924,5.759706618542524e-06,4.073539451779061e-06,1463.6834914279248,1463.6834914279248,1470.6674191577326,1528.9673353090118,1.0004823496384925
4,tau,2.4856579987158725,0.8538853113580219,1.1992653476092188,4.0890319392008365,0.0677729171236723,0.04801101843008729,158.7401283934908,158.7401283934908,155.9284970519339,436.1774265896457,1.0153435247039986
5,gamma,0.6603494746830852,0.1891475246399361,0.3658673136276792,0.999525481515382,0.015407239849942337,0.010915717195746131,150.7133201618563,150.7133201618563,157.72883201589204,346.9842719649035,1.011710384901035
6,zeta,4.726161003865672,2.7762410740596306,0.0005108476664026502,9.148852097956796,0.20241592507388034,0.1433521789078348,188.11567932640256,188.11567932640256,200.9621378976617,839.0264728173477,1.008049801798631
