,Unnamed: 0,mean,sd,hdi_3%,hdi_97%,mcse_mean,mcse_sd,ess_mean,ess_sd,ess_bulk,ess_tail,r_hat
0,b,1.0,0.0,1.0,1.0,0.0,0.0,10000.0,10000.0,10000.0,10000.0,
1,p_error,0.050000004470348365,3.725476371840841e-09,0.05000000074505806,0.05000000074505806,3.7254763718408414e-11,2.6343864464297942e-11,10000.0,10000.0,10000.0,10000.0,
2,v,0.0002418022974285255,1.549987255005881e-05,0.00021074888674210438,0.0002681895490047958,5.648430168214704e-07,3.9955913271877886e-07,753.0099700727734,753.0099700727734,757.609650652249,1228.4722504674007,1.0025189234844851
3,s,0.0042145887746558785,0.0002638651461269063,0.0037395000970505132,0.0047338195112737284,9.4628085107109e-06,6.693727638914496e-06,777.5421707913164,777.5421707913164,777.1626115521393,1279.765183224875,1.0011266079399268
4,tau,1.6570263390234117,0.5630982028600986,0.7966632606849094,2.6692404215285968,0.04994866150251702,0.035400409856752815,127.09269034795179,127.09269034795179,133.4471069314277,514.0881506388317,1.0063994833078018
5,gamma,0.5354031110366897,0.17546549749060172,0.25428040560540205,0.8748953753652694,0.015053478307669291,0.010667351222950566,135.86567225210334,135.86567225210334,130.65680474528523,585.4767640385062,1.002585377370434
6,zeta,4.696263697839328,2.801117228425661,0.005790617475521976,9.188508883131243,0.2727293401011397,0.19338451053552488,105.48697684572521,105.48697684572521,112.09843342983187,573.509554124021,1.003290193514853
