,Unnamed: 0,mean,sd,hdi_3%,hdi_97%,mcse_mean,mcse_sd,ess_mean,ess_sd,ess_bulk,ess_tail,r_hat
0,b,1.0,0.0,1.0,1.0,0.0,0.0,10000.0,10000.0,10000.0,10000.0,
1,p_error,0.050000004470348365,3.725476371840841e-09,0.05000000074505806,0.05000000074505806,3.7254763718408414e-11,2.6343864464297942e-11,10000.0,10000.0,10000.0,10000.0,
2,v,0.0004840152536434945,3.218360692968069e-05,0.0004259631904383622,0.0005459033115435861,1.2205557835784115e-06,8.725189769300856e-07,695.2710795697752,680.8664688620953,689.7424887401181,740.5668596063199,1.0039995717486876
3,s,0.006474027029390121,0.0005244120597457963,0.005490920826417398,0.007453447185373303,1.764972922470306e-05,1.248436880264573e-05,882.814071548145,882.814071548145,880.9320645789995,1293.224279075659,1.000628864581134
4,tau,1.2741667477376952,0.4563021811061578,0.5759101460585905,2.112234653586861,0.027692425616160074,0.01960257588132762,271.5082894976824,271.5082894976824,254.28827756350293,622.4900414992862,1.0138601717585904
5,gamma,0.6473955918058235,0.1810751538956928,0.3689171690178351,0.9991851737209986,0.011732286573616269,0.00830615849929284,238.20583789634614,238.20583789634614,246.4528407833374,976.4452361277704,1.0149015348349384
6,zeta,2.9523018042033686,2.304357802651273,0.0001122850037626178,7.296576225297184,0.13131397799755404,0.09294109024537932,307.94837148206886,307.94837148206886,320.22230107344103,928.0871746607477,1.0127440994139425
