,Unnamed: 0,mean,sd,hdi_3%,hdi_97%,mcse_mean,mcse_sd,ess_mean,ess_sd,ess_bulk,ess_tail,r_hat
0,b,1.0,0.0,1.0,1.0,0.0,0.0,10000.0,10000.0,10000.0,10000.0,
1,p_error,0.050000004470348365,3.725476371840841e-09,0.05000000074505806,0.05000000074505806,3.7254763718408414e-11,2.6343864464297942e-11,10000.0,10000.0,10000.0,10000.0,
2,v,0.0003456380499673275,2.2269433871042514e-05,0.00030341940188503586,0.00038579651290995153,6.505345182529582e-07,4.6083730137761755e-07,1171.8652113001738,1168.1807329925502,1174.683987189687,1624.887279094497,1.0046557455028635
3,s,0.005500636696670875,0.00026913051825315027,0.004999678054883079,0.006010644630067653,6.54159767886186e-06,4.626405384540623e-06,1692.6151902803845,1692.6151902803845,1694.2283453627442,2405.484296353973,1.0020261455687265
4,tau,4.1458396158471125,1.8191622799711529,1.5202323815667949,7.900291029615451,0.0653169969423619,0.047226940207040005,775.6940614704697,742.4627105471955,796.9743515124628,1019.5572722329704,1.0035582808640466
5,gamma,0.8450429969965578,0.10465342210374384,0.6648318926567498,0.9998977374236591,0.0036474745994039596,0.0025927022908144386,823.2321367250466,815.2343285219258,813.2407704420018,1490.9150028767554,1.003050340789999
6,zeta,1.3146037895869065,1.024556859598998,0.0035008958507070837,3.2193342700907697,0.0324070435308745,0.022921930359944585,999.5241820379773,999.5241820379773,851.1620329671017,1701.4524366286053,1.0013313901515506
