,Unnamed: 0,mean,sd,hdi_3%,hdi_97%,mcse_mean,mcse_sd,ess_mean,ess_sd,ess_bulk,ess_tail,r_hat
0,b,1.0,0.0,1.0,1.0,0.0,0.0,10000.0,10000.0,10000.0,10000.0,
1,p_error,0.050000004470348365,3.725476371840841e-09,0.05000000074505806,0.05000000074505806,3.7254763718408414e-11,2.6343864464297942e-11,10000.0,10000.0,10000.0,10000.0,
2,v,0.00042826540372649846,2.68178816915887e-05,0.0003771790596308145,0.00047709481499628065,6.85916128306225e-07,4.856514780556212e-07,1528.6459552630404,1525.2311010302842,1519.916572683594,1664.8271768770041,1.0050651521631793
3,s,0.006202660767013989,0.0004259280405357616,0.005387196418486467,0.007010572765865991,1.2883006606427926e-05,9.1470309111679e-06,1093.0449087322695,1084.7153952598246,1087.635820382077,1554.5828445815882,1.000846985572258
4,tau,3.6547129051234784,1.877099347663,1.2401447684043434,7.663543800402848,0.108506894136591,0.07680086230205062,299.2677044757969,299.2677044757969,296.70352084232604,598.0876479669728,1.0067087668422647
5,gamma,0.8715359936787669,0.09228477242636357,0.7033391397362154,0.9999623372339628,0.0036922318679284594,0.0026456126579360497,624.7153228958034,608.9670990090676,603.4744796180768,1224.410170338144,1.000223787635377
6,zeta,1.0820488928580287,0.9110399977835746,0.002668401322830315,2.7165885053943297,0.046145125264014215,0.03265397816748518,389.78330197452146,389.78330197452146,378.42808786952133,815.647931678118,1.0045246323534265
