,Unnamed: 0,mean,sd,hdi_3%,hdi_97%,mcse_mean,mcse_sd,ess_mean,ess_sd,ess_bulk,ess_tail,r_hat
0,b,1.0,0.0,1.0,1.0,0.0,0.0,10000.0,10000.0,10000.0,10000.0,
1,p_error,0.050000004470348365,3.725476371840841e-09,0.05000000074505806,0.05000000074505806,3.7254763718408414e-11,2.6343864464297942e-11,10000.0,10000.0,10000.0,10000.0,
2,v,0.0004230096822947616,3.937957152784804e-05,0.00035336282506249545,0.0004982894547562408,1.0045354851249542e-06,7.117772879293221e-07,1536.7789649409501,1531.0494940243436,1560.1655161984527,1974.2526206746247,1.0007090788340414
3,s,0.006790081708449961,0.00037793966406817685,0.006127646343918218,0.007510272337683941,9.07544871983508e-06,6.4266103740528194e-06,1734.2381316619171,1729.806372529864,1746.2566484887354,2121.33994785695,1.001601010984694
4,tau,7.7206104647681455,1.631964042880324,4.782650918105364,9.999878924375091,0.036181827030543706,0.025869820415289645,2034.41797860018,1990.360082849704,1887.9661128305672,2234.3298110691567,1.000599897828275
5,gamma,0.8457912487613319,0.1117674788057844,0.643932938234635,0.999498591141314,0.005077810375272246,0.0035927179453279765,484.48234059866684,484.48234059866684,522.559964238112,819.607096104037,1.0021556100444489
6,zeta,2.3099302358349787,1.3538033076793812,0.011856790830983644,4.585061059462925,0.05748114129056558,0.04066669555518626,554.7028238128962,554.7028238128962,539.0001985735707,934.0077958073184,1.0020238003462
