,Unnamed: 0,mean,sd,hdi_3%,hdi_97%,mcse_mean,mcse_sd,ess_mean,ess_sd,ess_bulk,ess_tail,r_hat
0,b,1.0,0.0,1.0,1.0,0.0,0.0,10000.0,10000.0,10000.0,10000.0,
1,p_error,0.050000004470348365,3.725476371840841e-09,0.05000000074505806,0.05000000074505806,3.7254763718408414e-11,2.6343864464297942e-11,10000.0,10000.0,10000.0,10000.0,
2,v,0.0002690136622072801,1.7109924753458594e-05,0.00023854188951564633,0.0003036007566013785,5.552771789083622e-07,3.952901771543094e-07,949.4597295322374,937.3559258715608,955.8726006867818,1036.0950658032823,1.0010701079142632
3,s,0.00418272144946546,0.0002913013768305124,0.0036635112050608077,0.00475007497533347,1.0870990883087453e-05,7.690075974918982e-06,718.0369799016382,718.0369799016382,719.2914975775748,1077.5470875505514,1.0020159917419609
4,tau,1.3113923573004975,0.3916322038035755,0.6194974563378233,2.021058259922647,0.023655290477718745,0.01674464782870916,274.0944376509145,274.0944376509145,276.3015765860392,745.4585313171681,1.0032788503904595
5,gamma,0.6949789726722526,0.1759541927942336,0.4232665983143401,0.995718522519375,0.011214504882971096,0.007939266813948503,246.17221387332972,246.17221387332972,260.9229703760741,842.596728121442,1.0038272877232135
6,zeta,4.062590456383377,2.4248334671374905,0.010032198642530469,8.182176999584245,0.16834920775333542,0.11920862447190116,207.46349075968368,207.46349075968368,202.38997677642212,521.4297877932313,1.0036393041256948
