,Unnamed: 0,mean,sd,hdi_3%,hdi_97%,mcse_mean,mcse_sd,ess_mean,ess_sd,ess_bulk,ess_tail,r_hat
0,b,1.0,0.0,1.0,1.0,0.0,0.0,10000.0,10000.0,10000.0,10000.0,
1,p_error,0.050000004470348365,3.725476371840841e-09,0.05000000074505806,0.05000000074505806,3.7254763718408414e-11,2.6343864464297942e-11,10000.0,10000.0,10000.0,10000.0,
2,v,0.000201966721059659,1.3729650855386317e-05,0.00017662253717245358,0.0002270464479838628,5.755087760900844e-07,4.100437741304646e-07,569.1347261299693,561.1517102697006,576.1357828148921,1147.707640716098,1.0162144956435175
3,s,0.0044673340047931215,0.00026348167257480665,0.003956632105870993,0.004955968073943818,7.345868400977417e-06,5.195491422137231e-06,1286.5140564966525,1286.5140564966525,1292.745463686136,1606.6068314917084,1.0027606061894818
4,tau,3.03961718099728,1.7084199791170414,1.0279156773455564,6.631730669041879,0.08573972602587794,0.06067173533163697,397.03162424151236,397.03162424151236,334.8775749725603,664.4401654401275,1.0160766337697815
5,gamma,0.3212801999120741,0.2031468870130512,0.0015635918278632125,0.7106014689740972,0.00900943689070539,0.006374292135300361,508.42283546171234,508.42283546171234,540.6871702675659,1077.251370104164,1.0094720687284566
6,zeta,5.553149645498375,2.7159066168458863,1.0599961886482947,9.967275573303489,0.11087599569171536,0.07843931140983941,600.0046283900067,600.0046283900067,604.3373427347378,1338.5071614339026,1.000481352456446
