,Unnamed: 0,mean,sd,hdi_3%,hdi_97%,mcse_mean,mcse_sd,ess_mean,ess_sd,ess_bulk,ess_tail,r_hat
0,b,1.0,0.0,1.0,1.0,0.0,0.0,10000.0,10000.0,10000.0,10000.0,
1,p_error,0.050000004470348365,3.725476371840841e-09,0.05000000074505806,0.05000000074505806,3.7254763718408414e-11,2.6343864464297942e-11,10000.0,10000.0,10000.0,10000.0,
2,v,0.00022414354023885487,2.2169330681649334e-05,0.00018413810336850492,0.0002638102922360183,6.269105492494903e-07,4.4884262754755957e-07,1250.5296895768201,1220.3787162395633,1307.263494048578,1469.142193477462,1.0004839435952242
3,s,0.007120737397367048,0.00037483449060778904,0.006484428574552583,0.007842031552229001,9.547102381358979e-06,6.752098589667399e-06,1541.4730351231308,1541.4730351231308,1545.3493257334674,1722.857552848606,1.0017045611686457
4,tau,5.8655166483352765,2.5362222450246037,1.8965945011641137,9.97499527491138,0.06708417523204521,0.04744535818460678,1429.3363724766527,1429.3363724766527,1423.421681396444,1144.65307198625,1.0007228405203232
5,gamma,0.5882294732429993,0.2206903682653497,0.225126882598075,0.9883797632008958,0.00833434309610177,0.005895723687140215,701.1711022408017,701.1711022408017,705.829235898563,1215.935875376278,1.0026500933206275
6,zeta,5.633822432769687,2.7768361760952596,0.9611210021061168,9.99472227455448,0.11560935940967355,0.08178952620982179,576.9185823625451,576.9185823625451,590.8504773579973,1546.5839939163889,1.0044430861446862
