,Unnamed: 0,mean,sd,hdi_3%,hdi_97%,mcse_mean,mcse_sd,ess_mean,ess_sd,ess_bulk,ess_tail,r_hat
0,b,1.0,0.0,1.0,1.0,0.0,0.0,10000.0,10000.0,10000.0,10000.0,
1,p_error,0.050000004470348365,3.725476371840841e-09,0.05000000074505806,0.05000000074505806,3.7254763718408414e-11,2.6343864464297942e-11,10000.0,10000.0,10000.0,10000.0,
2,v,0.0003861062751999074,5.024523134358498e-05,0.0002860764116318236,0.0004744281241053359,1.614493747066354e-06,1.1419634416597341e-06,968.5386713369537,968.5386713369537,972.7398800173456,1552.976531707997,1.0031926709712025
3,s,0.008640333055632268,0.0007161737994017477,0.0072906245620441455,0.009910790421050043,2.4296379338915022e-05,1.7185905018228218e-05,868.8678709838994,868.8678709838994,878.2112503505896,1357.8535916138455,1.0020465654186292
4,tau,3.0216252398475154,1.7697780686693183,1.0066356790174744,6.8053041387980695,0.07789992526248815,0.05637824188036236,516.1352680970696,493.2856760449186,523.3026056751316,692.0064184060675,1.0033059141309115
5,gamma,0.8520901493098773,0.10892793429562482,0.6550293151574612,0.9998299488769379,0.0031800057556161296,0.002259703792617096,1173.3368853124146,1162.4211867813906,1165.3853125949238,1462.6651790087906,1.0007153400596915
6,zeta,1.1982311731997597,0.8967381671250817,0.0008154613832806793,2.7028465165899123,0.025508165220712583,0.018041255064959173,1235.8702178765154,1235.8702178765154,1153.2089855455051,2033.8684965377688,1.0009805106386154
