,Unnamed: 0,mean,sd,hdi_3%,hdi_97%,mcse_mean,mcse_sd,ess_mean,ess_sd,ess_bulk,ess_tail,r_hat
0,b,1.0,0.0,1.0,1.0,0.0,0.0,10000.0,10000.0,10000.0,10000.0,
1,p_error,0.050000004470348365,3.725476371840841e-09,0.05000000074505806,0.05000000074505806,3.7254763718408414e-11,2.6343864464297942e-11,10000.0,10000.0,10000.0,10000.0,
2,v,0.00019932758458745596,1.4129497820204096e-05,0.0001719986304376096,0.000224561758608302,4.5769979452600526e-07,3.237417315110389e-07,952.9980644899356,952.9980644899356,967.4125342184908,1364.7727864701621,1.001562148816146
3,s,0.0040769784387608265,0.0001867341339330984,0.0037463855689203423,0.004440663574540195,6.023961253262074e-06,4.2608774386980465e-06,960.9108207321848,960.9108207321848,964.1660074611984,1717.029764253621,1.0005396890415923
4,tau,3.081917966854125,1.6511189934380708,1.0768664113876694,6.662563546534648,0.10544326016780592,0.07464851387151862,245.1992266015988,245.1992266015988,251.5510578125975,474.76056275052537,1.0021656808191461
5,gamma,0.7861749940101375,0.14265823534058972,0.5343836984852202,0.9999841845156551,0.007136618329800547,0.005050039260570226,399.5846099587711,399.5846099587711,421.0396245007782,808.9763146692671,1.005669541908342
6,zeta,2.7543144211872055,2.061435506832768,0.0053296702058790715,6.531228785233767,0.12466626067429865,0.08824656235234854,273.4271515057894,273.4271515057894,259.08669867532313,648.4505946659399,1.0045172638598359
