,Unnamed: 0,mean,sd,hdi_3%,hdi_97%,mcse_mean,mcse_sd,ess_mean,ess_sd,ess_bulk,ess_tail,r_hat
0,b,1.0,0.0,1.0,1.0,0.0,0.0,10000.0,10000.0,10000.0,10000.0,
1,p_error,0.050000004470348365,3.725476371840841e-09,0.05000000074505806,0.05000000074505806,3.7254763718408414e-11,2.6343864464297942e-11,10000.0,10000.0,10000.0,10000.0,
2,v,0.000519111153268602,5.9815946310977633e-05,0.0004119281462886645,0.0006306522094951313,1.510509325743499e-06,1.0717337498474317e-06,1568.1483081466608,1558.090851963669,1570.322149286246,1501.2263866396765,1.0033320114395825
3,s,0.010645767087747152,0.0005941586214339973,0.009540137388628677,0.011750787695142085,1.4145157665466363e-05,1.0015980959244859e-05,1764.3681986841625,1760.0775157353241,1762.4138798309152,1824.8714886427206,1.0050037458314869
4,tau,6.546557821417143,2.0431051392799726,3.2211557838847806,9.93554719021892,0.04743878704847837,0.03417969433226384,1854.8734299133523,1787.1329930254503,1807.8157670354465,2056.5685379612546,1.0021714091859817
5,gamma,0.8833302597633934,0.08193787764915532,0.7428226377239071,0.9999537277122976,0.002177025124386032,0.001555264175240244,1416.5846748184244,1388.3967982185195,1375.3606209924246,2065.340678050792,1.000586402548571
6,zeta,0.9440165249459024,0.7217598856040113,0.000904307988458726,2.2321059705045507,0.019340606599139613,0.013678739255389549,1392.660633382193,1392.660633382193,1261.9477059067606,1717.101768233279,1.0008972049643905
