,Unnamed: 0,mean,sd,hdi_3%,hdi_97%,mcse_mean,mcse_sd,ess_mean,ess_sd,ess_bulk,ess_tail,r_hat
0,b,1.0,0.0,1.0,1.0,0.0,0.0,10000.0,10000.0,10000.0,10000.0,
1,p_error,0.050000004470348365,3.725476371840841e-09,0.05000000074505806,0.05000000074505806,3.7254763718408414e-11,2.6343864464297942e-11,10000.0,10000.0,10000.0,10000.0,
2,v,0.0003318193790880014,2.323532592568805e-05,0.0002899541772116472,0.00037521643758174904,6.165595637774672e-07,4.3722416109617376e-07,1420.1933022007913,1412.6631421605675,1425.4028111800033,1658.731411373568,1.0058835998752136
3,s,0.006284032473474447,0.0004225288721563456,0.005534745009103979,0.007099022212040714,1.1981131146819705e-05,8.475186600764447e-06,1243.7043026279978,1243.3347217246314,1249.025642786346,1650.3931861554065,1.0008152063518347
4,tau,4.466666886459066,1.8472913777522373,1.5070714880139793,8.025887295092764,0.06923540885171697,0.04897689902705577,711.8922811209212,711.8922811209212,688.2015768242682,1141.8116063734342,1.003233722303693
5,gamma,0.6978209414227429,0.17199568481859304,0.4285415906881065,0.998011419783192,0.008344331737527737,0.0059043888267725185,424.8660009920091,424.8660009920091,432.0113784271947,1132.8634345913667,1.0033939096613786
6,zeta,3.01891978934213,2.1341356984837936,0.00281613653134954,6.8043279145550715,0.10078398343978938,0.07131144518642196,448.39526892796965,448.39526892796965,451.44395085816774,1276.1535063379774,1.0036242695483035
