,Unnamed: 0,mean,sd,hdi_3%,hdi_97%,mcse_mean,mcse_sd,ess_mean,ess_sd,ess_bulk,ess_tail,r_hat
0,b,1.0,0.0,1.0,1.0,0.0,0.0,10000.0,10000.0,10000.0,10000.0,
1,p_error,0.050000004470348365,3.725476371840841e-09,0.05000000074505806,0.05000000074505806,3.7254763718408414e-11,2.6343864464297942e-11,10000.0,10000.0,10000.0,10000.0,
2,v,0.0002841418144833704,1.9402767699868145e-05,0.00024646862202178647,0.00031741970568195487,5.84483010267849e-07,4.134013349746185e-07,1102.0050506807372,1102.0050506807372,1123.4844832594213,1668.2354510214032,1.0012518931045444
3,s,0.00480818351168203,0.00029877284348051584,0.004247234782954761,0.005381776708886211,9.239264414350354e-06,6.534969611334815e-06,1045.7008196310026,1045.7008196310026,1046.5658643829331,1279.901647738353,1.002756553477821
4,tau,1.2319395201061258,0.412465367576455,0.6239926649056831,1.9864120784169248,0.027084979611688025,0.01917611148854152,231.9091863774069,231.9091863774069,238.4262003005882,624.3327813929418,1.0167097245770458
5,gamma,0.6255596872949231,0.1851202628955619,0.3343679170001939,0.9686300050314888,0.012329532168094149,0.008729600599719398,225.43156221830841,225.43156221830841,232.82444999004503,587.6603198038757,1.0115052536891989
6,zeta,4.317708304154402,2.719966909154324,0.01318451417863151,8.79582922231115,0.17328438966723528,0.12267591205113615,246.38164974986088,246.38164974986088,256.21773476454473,837.6786369713393,1.0128537565898663
