,Unnamed: 0,mean,sd,hdi_3%,hdi_97%,mcse_mean,mcse_sd,ess_mean,ess_sd,ess_bulk,ess_tail,r_hat
0,b,1.0,0.0,1.0,1.0,0.0,0.0,10000.0,10000.0,10000.0,10000.0,
1,p_error,0.050000004470348365,3.725476371840841e-09,0.05000000074505806,0.05000000074505806,3.7254763718408414e-11,2.6343864464297942e-11,10000.0,10000.0,10000.0,10000.0,
2,v,0.00041783603160667457,3.923398883639624e-05,0.00034690594684313325,0.000493352342534231,1.335618062253196e-06,9.447439955465121e-07,862.8997856823829,862.8997856823829,866.0537786313757,1343.4707953890666,1.0008604271038761
3,s,0.0071698525874369,0.0005475032233450413,0.006195868465548315,0.008274956343960594,1.878465835923921e-05,1.3287322434998101e-05,849.5066032515125,849.5066032515125,855.9168104848618,1137.5071499973849,1.002825608793112
4,tau,2.725110723425523,1.3195068155601386,0.8021200590293925,5.0456873883129045,0.08376678260562588,0.059301824630445636,248.13018860513677,248.13018860513677,209.98282749489758,573.3853819483627,1.0046029237380776
5,gamma,0.3387275837089007,0.17181841292396746,0.08186581922405925,0.6783023012536844,0.012993621627120082,0.009203247473697442,174.85536992570087,174.85536992570087,185.1740089630859,504.4795998888163,1.0082183346101277
6,zeta,3.2786373774395563,2.672637379491356,0.000274224754836757,8.348175238805705,0.1932606562286893,0.1368648755790613,191.24635937904262,191.24635937904262,209.17156214888905,643.9374296230955,1.0093843885587916
