,Unnamed: 0,mean,sd,hdi_3%,hdi_97%,mcse_mean,mcse_sd,ess_mean,ess_sd,ess_bulk,ess_tail,r_hat
0,b,1.0,0.0,1.0,1.0,0.0,0.0,10000.0,10000.0,10000.0,10000.0,
1,p_error,0.050000004470348365,3.725476371840841e-09,0.05000000074505806,0.05000000074505806,3.7254763718408414e-11,2.6343864464297942e-11,10000.0,10000.0,10000.0,10000.0,
2,v,0.00023841459057045712,2.470086040507128e-05,0.0001926792259230496,0.00028541131129216404,6.652594170336199e-07,4.7133407054649276e-07,1378.6121471965914,1373.791908740978,1377.5094916393145,1490.3249261872793,1.0012358957372576
3,s,0.005577369731234768,0.0003436917018115948,0.004887156517075138,0.006171859467745466,1.002027250776991e-05,7.122832108298221e-06,1176.46504461772,1164.7165815405071,1179.4787252812912,1501.5435057780176,1.0002826103912992
4,tau,4.423239874424642,2.0945174015229857,1.33396310594415,8.706366117777222,0.09108390536502774,0.06444160513481541,528.7917355580315,528.7917355580315,499.9573035989213,769.9671501794769,1.006863869978615
5,gamma,0.7379253316545633,0.17347370985639687,0.4304992861430638,0.9968598882840009,0.00492991073259784,0.0035702615631819107,1238.1955009962019,1181.0052893791565,1179.534792094442,2040.679275423511,1.0017987519519818
6,zeta,3.0819719651964594,2.357434997348028,0.011435792870287724,7.720211843102001,0.10161974759272008,0.07216902680230987,538.1746405578028,534.0997809256492,589.1046415970501,1054.5694564843413,1.0060676441689853
