,Unnamed: 0,mean,sd,hdi_3%,hdi_97%,mcse_mean,mcse_sd,ess_mean,ess_sd,ess_bulk,ess_tail,r_hat
0,b,1.0,0.0,1.0,1.0,0.0,0.0,10000.0,10000.0,10000.0,10000.0,
1,p_error,0.050000004470348365,3.725476371840841e-09,0.05000000074505806,0.05000000074505806,3.7254763718408414e-11,2.6343864464297942e-11,10000.0,10000.0,10000.0,10000.0,
2,v,0.000317679605212649,2.3949177923068125e-05,0.00026998882516687545,0.00035983526724906714,6.779606180283894e-07,4.795026429862766e-07,1247.8784565107828,1247.8784565107828,1254.804675018826,1638.9654929789858,1.0029257154221372
3,s,0.00528307080060329,0.00027169098800544644,0.004757910829825496,0.005757500581273127,8.546639032219116e-06,6.045131519040817e-06,1010.554504858216,1010.554504858216,1015.7685347386794,1491.5285798118734,1.0021478409410087
4,tau,1.7836882771768503,0.7274145532785937,0.8856285477238011,2.7447136125956546,0.02898018196197795,0.021522382088920038,630.030762596042,571.7374974990006,820.5040174173181,1049.7732008018381,1.0018362708690058
5,gamma,0.8448891642227334,0.12662864422915085,0.6111432038201907,0.9999447672362448,0.0029813397396191298,0.002124279462406966,1804.0184550120566,1777.2690969734272,1732.3813734532598,2174.677433661632,1.0014481651593523
6,zeta,1.8794464856933528,1.8389208279568088,0.0009951827029671414,5.565533024502543,0.04984484647074452,0.035253184478662984,1361.0859099389447,1361.0859099389447,1319.8878962766985,1599.2490181737166,1.0019083148797563
