,Unnamed: 0,mean,sd,hdi_3%,hdi_97%,mcse_mean,mcse_sd,ess_mean,ess_sd,ess_bulk,ess_tail,r_hat
0,b,1.0,0.0,1.0,1.0,0.0,0.0,10000.0,10000.0,10000.0,10000.0,
1,p_error,0.050000004470348365,3.725476371840841e-09,0.05000000074505806,0.05000000074505806,3.7254763718408414e-11,2.6343864464297942e-11,10000.0,10000.0,10000.0,10000.0,
2,v,0.00011372021703667028,6.997312684509211e-06,0.00010071509593742005,0.00012632674751059887,1.8242407133176238e-07,1.2901887801438024e-07,1471.289971093195,1471.289971093195,1481.1836868232995,2044.1815678578828,1.0008617643460131
3,s,0.003003576176973078,0.0001630247195163837,0.002695168325563822,0.0033017223611135965,4.7240390185356805e-06,3.342271744341385e-06,1190.9128223847251,1190.1627022336645,1191.0564415770716,1477.0115169449205,1.0004537593312592
4,tau,4.724668326006314,1.989077644532408,1.6956556628164223,8.651257415178959,0.07350738071807149,0.05199828576873069,732.2199829015084,732.2199829015084,644.8703436970995,677.568958424786,1.0129438203657029
5,gamma,0.8863826607472903,0.0917639756967134,0.7200721060677023,0.9997836845397028,0.0025410580129452422,0.001803455458671236,1304.1131736724742,1295.08798190121,1269.701219630352,1675.5960379656397,1.0015356460863043
6,zeta,1.1203682747561066,1.075564208547703,0.0007416850163757891,3.0513598208199206,0.0457513381369299,0.03326928569720774,552.6689705590427,523.1669499335662,551.110055247099,867.1322232141748,1.018116626448587
