,Unnamed: 0,mean,sd,hdi_3%,hdi_97%,mcse_mean,mcse_sd,ess_mean,ess_sd,ess_bulk,ess_tail,r_hat
0,b,1.0,0.0,1.0,1.0,0.0,0.0,10000.0,10000.0,10000.0,10000.0,
1,p_error,0.050000004470348365,3.725476371840841e-09,0.05000000074505806,0.05000000074505806,3.7254763718408414e-11,2.6343864464297942e-11,10000.0,10000.0,10000.0,10000.0,
2,v,0.0002872550541026504,1.9269411022916333e-05,0.00025327712019377084,0.000325320298077994,5.122835463389365e-07,3.63524108284078e-07,1414.8684627743105,1405.467304140043,1409.2632364014264,1726.712291250617,1.0015930605257937
3,s,0.005851580024416645,0.0003733386720965357,0.005177336514224747,0.006555042602052407,9.913365350591584e-06,7.053390321179074e-06,1418.2857278655413,1401.3962376110007,1433.4399879334326,1409.3320296284678,1.0007646746991756
4,tau,5.779059938959605,2.072416846040361,2.512462936451991,9.600713438796301,0.0645283771012521,0.045641361627622216,1031.4608353136105,1031.4608353136105,977.006084076348,1047.6819633231833,1.0022004013176802
5,gamma,0.8444302534599063,0.1051553807599486,0.6520383853267683,0.9994819532745558,0.0030405831512598834,0.0021759820841205308,1196.0497132985327,1168.2594177668248,1131.3544482676296,2114.6867304812004,1.0006661145628823
6,zeta,1.3386054278813506,1.0523425824972774,0.0011381184397312796,3.225307859253093,0.03315333446075098,0.023449737361837683,1007.5343432624339,1007.5343432624339,952.8449192495804,1358.7597033326138,1.004427490924989
