,Unnamed: 0,mean,sd,hdi_3%,hdi_97%,mcse_mean,mcse_sd,ess_mean,ess_sd,ess_bulk,ess_tail,r_hat
0,b,1.0,0.0,1.0,1.0,0.0,0.0,10000.0,10000.0,10000.0,10000.0,
1,p_error,0.050000004470348365,3.725476371840841e-09,0.05000000074505806,0.05000000074505806,3.7254763718408414e-11,2.6343864464297942e-11,10000.0,10000.0,10000.0,10000.0,
2,v,9.739449817483512e-05,6.996434635549817e-06,8.52079218586327e-05,0.00011141661652502063,1.8902704214898392e-07,1.3393476063551126e-07,1369.9530539545735,1364.968417085044,1382.9032058202924,1891.7671715216945,1.0016948807788186
3,s,0.0032536328785459034,0.0001838821038618079,0.002906390726333502,0.0035879655743231435,5.6291363987119415e-06,3.981488999842089e-06,1067.0760778874842,1067.0760778874842,1069.5442965116395,1300.3752181195641,1.0012896229344492
4,tau,4.608824498557836,2.1322045933838503,1.6879099143262617,8.953902362153421,0.07292048222702363,0.051580167572521915,854.9853735603504,854.9853735603504,805.2521119540753,983.2900766647623,1.0023164549047217
5,gamma,0.034497237015821434,0.04980625884394346,3.2900117066271756e-05,0.09924946737649393,0.0011536626633248512,0.0008158903822509732,1863.8466074316339,1863.8466074316339,1409.815238458575,2057.575578463209,1.0008051660083273
6,zeta,7.649559763541743,2.0145527409966606,3.8288809653056366,9.999699820866065,0.04675711684743487,0.03392195520632859,1856.3584360935085,1764.043035812019,1807.9715022579583,2172.9676153845367,1.0021574459269929
