,Unnamed: 0,mean,sd,hdi_3%,hdi_97%,mcse_mean,mcse_sd,ess_mean,ess_sd,ess_bulk,ess_tail,r_hat
0,b,1.0,0.0,1.0,1.0,0.0,0.0,10000.0,10000.0,10000.0,10000.0,
1,p_error,0.050000004470348365,3.725476371840841e-09,0.05000000074505806,0.05000000074505806,3.7254763718408414e-11,2.6343864464297942e-11,10000.0,10000.0,10000.0,10000.0,
2,v,0.00021634042759778943,1.6011056738103863e-05,0.00018773110230353368,0.00024719047422830696,6.110101239490744e-07,4.3223305227386026e-07,686.6622632579401,686.6622632579401,688.8022221705337,1062.577742912275,1.0066120784510897
3,s,0.00408047854176175,0.0002739864367528784,0.003544026118680888,0.004585678224330815,9.840276147838306e-06,6.9607454670566606e-06,775.2531797650843,775.2531797650843,773.7553473156877,1267.18794226318,1.0080641360278026
4,tau,1.9494995644548851,0.6723323181083508,0.985824089813836,3.1995236415003667,0.04896627132060921,0.03467809087510638,188.52715166253643,188.52715166253643,181.93133221826864,463.8162048757146,1.0250026873253373
5,gamma,0.5988474986563522,0.196508870534722,0.2870638413815834,0.9854374718298174,0.013482291505577093,0.009546539221911069,212.44029365658253,212.44029365658253,207.0047042745766,458.06903156789724,1.0192326632445916
6,zeta,5.554661024270224,2.6897296542929188,1.0140426919019194,9.999904642561216,0.18875292026819596,0.13366064644718176,203.06258160630642,203.06258160630642,207.15110276153518,708.3917536586549,1.0169076882813148
