,Unnamed: 0,mean,sd,hdi_3%,hdi_97%,mcse_mean,mcse_sd,ess_mean,ess_sd,ess_bulk,ess_tail,r_hat
0,b,1.0,0.0,1.0,1.0,0.0,0.0,10000.0,10000.0,10000.0,10000.0,
1,p_error,0.050000004470348365,3.725476371840841e-09,0.05000000074505806,0.05000000074505806,3.7254763718408414e-11,2.6343864464297942e-11,10000.0,10000.0,10000.0,10000.0,
2,v,0.00033769428732539485,2.8031129389381957e-05,0.000284625763720267,0.0003894009327979277,7.590010533981051e-07,5.368096008291718e-07,1363.9436707985153,1363.9436707985153,1371.489171262006,1841.8932884968574,1.0021837706820869
3,s,0.006017854322029538,0.0003300146859859174,0.0054348651610941524,0.0066487320675099,1.002382384757141e-05,7.0898219315637135e-06,1083.9261194328274,1083.9261194328274,1072.647896519237,1595.3734031285555,1.0018773463538435
4,tau,3.733866727336292,1.865473812531568,1.2864106596621443,7.722464390529603,0.08158710520475188,0.057723011317891336,522.7996224149276,522.7996224149276,514.8628485965448,910.3307248992004,1.0058263182960658
5,gamma,0.8151421028521832,0.1301843556474573,0.5896286740394284,0.9998620348363818,0.004277817492475672,0.00303137931024806,926.1324294034416,922.7449754450367,907.0802542718557,1349.7776131212033,1.0026827343171842
6,zeta,1.9696407422107216,1.5586433680184208,0.00035913013728173837,4.903921327005548,0.062138110440634935,0.043958663556907966,629.1836473185634,629.1836473185634,609.0826582389568,1009.824232659472,1.0064597512702118
