,Unnamed: 0,mean,sd,hdi_3%,hdi_97%,mcse_mean,mcse_sd,ess_mean,ess_sd,ess_bulk,ess_tail,r_hat
0,b,1.0,0.0,1.0,1.0,0.0,0.0,10000.0,10000.0,10000.0,10000.0,
1,p_error,0.050000004470348365,3.725476371840841e-09,0.05000000074505806,0.05000000074505806,3.7254763718408414e-11,2.6343864464297942e-11,10000.0,10000.0,10000.0,10000.0,
2,v,0.00017463230730057838,1.1815755898881e-05,0.0001514875233017481,0.00019531433116702374,3.5399572648192075e-07,2.5037833835416587e-07,1114.1072037165773,1114.1072037165773,1117.7705486874659,1481.4648382630646,1.0018416321020456
3,s,0.004115090963971044,0.00020202688684057223,0.0037411151880834843,0.004481552167598669,6.027317272786589e-06,4.263063839817138e-06,1123.4926543061554,1123.4926543061554,1128.1156007370982,1611.7546115858381,1.0001019346774735
4,tau,3.6053702628211983,1.4877270191393548,1.4101486426386132,6.409086268070253,0.08981910277749476,0.06357933908711595,274.3525972500841,274.3525972500841,266.75233497472595,935.5460876733844,1.0096513977054424
5,gamma,0.5950508748559259,0.1834017949706292,0.29115948734464064,0.933324545266464,0.01423893400904788,0.010086200986794115,165.90222443515847,165.90222443515847,162.304343182693,483.998832782954,1.0086604644859103
6,zeta,4.7719517468790995,2.746679460726169,0.014639085341093034,9.194804749228924,0.20795381212652028,0.14729209578471528,174.454504524831,174.454504524831,173.78447891216572,594.2089888618312,1.010443622320793
