,Unnamed: 0,mean,sd,hdi_3%,hdi_97%,mcse_mean,mcse_sd,ess_mean,ess_sd,ess_bulk,ess_tail,r_hat
0,b,1.0,0.0,1.0,1.0,0.0,0.0,10000.0,10000.0,10000.0,10000.0,
1,p_error,0.050000004470348365,3.725476371840841e-09,0.05000000074505806,0.05000000074505806,3.7254763718408414e-11,2.6343864464297942e-11,10000.0,10000.0,10000.0,10000.0,
2,v,0.00022839441957863365,1.2578735956899125e-05,0.00020591899572482494,0.00025236359540510784,3.551082473963977e-07,2.51157841619647e-07,1254.7363617579347,1254.7363617579347,1270.7672618071315,1762.3313655710751,1.00249167108897
3,s,0.00376562368608686,0.00021971064461019863,0.0033505151752005195,0.004166583374374939,6.178290386205422e-06,4.3702406415921925e-06,1264.636065396824,1264.3343192127804,1270.3480577393516,1713.3726771185088,1.0007905615564785
4,tau,2.1605767287742754,0.6638929760649579,1.1217466922789052,3.367880378793478,0.0561582653536578,0.039793059945010034,139.75545823277758,139.75545823277758,138.38835117512585,377.7435615696337,1.0196580457163051
5,gamma,0.6526625933527285,0.16980486567522582,0.3771278089345208,0.9633361805924776,0.015270554674911537,0.010823486055165085,123.64900802348856,123.64900802348856,128.18862898894923,311.5524959272302,1.0183588645187585
6,zeta,4.411565735879871,2.6659808673655183,0.007726560774067719,8.832242682581658,0.2289731075320109,0.1622580661433987,135.56422642302863,135.56422642302863,137.24911918284687,490.43509059244064,1.0159785227874354
