,Unnamed: 0,mean,sd,hdi_3%,hdi_97%,mcse_mean,mcse_sd,ess_mean,ess_sd,ess_bulk,ess_tail,r_hat
0,b,1.0,0.0,1.0,1.0,0.0,0.0,10000.0,10000.0,10000.0,10000.0,
1,p_error,0.050000004470348365,3.725476371840841e-09,0.05000000074505806,0.05000000074505806,3.7254763718408414e-11,2.6343864464297942e-11,10000.0,10000.0,10000.0,10000.0,
2,v,0.00010595229914578608,7.455308264826593e-06,9.096240738721946e-05,0.000119018995085823,2.3117134312073113e-07,1.635086860381639e-07,1040.071553790279,1040.071553790279,1041.6932498087833,1709.5254644965366,1.0048234350223726
3,s,0.003361398641813233,0.0001671796163150837,0.003035456818302177,0.003671244254360193,5.1802438519808115e-06,3.664011829181951e-06,1041.5167058809527,1041.5167058809527,1046.3186751241774,1245.2393130654316,1.001698072444332
4,tau,3.7033170336112415,1.5839324228762122,1.6123306906455248,6.8756267889202185,0.07895284507408629,0.055868599944452216,402.47390616963827,402.47390616963827,396.2692533214567,878.0019606628433,1.0144039794060171
5,gamma,0.6586207468597877,0.19022997154526997,0.3571091380773162,0.9862271927973544,0.009339685571212992,0.006608803700668802,414.852178235798,414.852178235798,424.3079072475575,667.6502164089702,1.0178926472511702
6,zeta,4.112213632756144,2.673008693170916,0.0065082050790081225,8.720768820447503,0.12292424333854647,0.08697423714099957,472.8524624308203,472.8524624308203,476.79489463940985,1095.79922506109,1.0147044833532186
